Organization Name,Organization Location,Funding Type,Money Raised,Money Raised Currency,Announced Date,Organization Website,Organization Description,Investor Names,Organization Industries,SIREN
Sorare,"Paris, Ile-de-France, France, Europe",Series B,680000000,USD,2021-09-20,https://sorare.com,"Sorare is a global fantasy football game where players can buy, trade, and play with official digital cards.","Accel, Aldea Ventures, Alexis Ohanian, Antoine Griezmann, Athletico Ventures, Atomico, Benchmark, Bessemer Venture Partners, Blisce, César Azpilicueta, D1 Capital Partners, Eurazeo, Felix Capital, Futury Capital, Gerard Pique, H14, Headline, IVP, Kylian Mbappé, Lionel Messi, LionTree, MCE Group, Rio Ferdinand, SoftBank","Blockchain, Cryptocurrency, Fantasy Sports, Gaming, Soccer",
Mirakl,"Paris, Ile-de-France, France, Europe",Series E,555000000,USD,2021-09-21,http://www.mirakl.com,Mirakl is a SaaS solution that helps enterprises manage their marketplace and drop-ship business.,"83North, Elaia, Felix Capital, Permira, Silver Lake","E-Commerce, Enterprise Software, Marketplace, SaaS",
Contentsquare,"Paris, Ile-de-France, France, Europe",Series E,500000000,USD,2021-05-25,https://contentsquare.com,"Contentsquare is an AI platform that provides product analytics, customer feedback, digital experience analytics, and monitoring services.","BlackRock Private Equity Partners, Bleu Capital, Bpifrance, Canaan Partners, Eurazeo, Highland Europe, Kohlberg Kravis Roberts & Co., SoftBank Vision Fund","Analytics, Artificial Intelligence (AI), CRM, Data Visualization, Digital Marketing, SaaS",
Ledger,"Paris, Ile-de-France, France, Europe",Series C,380000000,USD,2021-06-10,https://www.ledger.com,Ledger provides security and infrastructure solutions to critical digital assets for consumers and institutional investors.,"50T Funds, Alliance Entreprendre, Ambel, Animoca Brands, Ascendant Capital, CapHorn Invest, Cardinal Capital Partners, Cathay Innovation, CITA Investissement, Crédit Agricole Centre Loire, Crypto.com Capital, Cygni Capital, Digital Currency Group, Draper Associates, Draper Dragon, Fabric Ventures, Felix Capital, FirstMark, Global Founders Capital, Groupe Arnault, iAngels, Inherent Group, Korelya Capital, Libertus Capital, MACSF, Marcy Venture Partners, Maze, Molten Ventures, Patrick Amiel, Rosemoor Capital Management, Scott Galloway, Techmind, Tekne Capital, Uphold, Warburg Serres Investments, Wicklow Capital","Cryptocurrency, Cyber Security, Infrastructure, SaaS",
IAD France,"Lieusaint, Ile-de-France, France, Europe",Growth Equity,300000000,EUR,2021-02-19,https://www.iadfrance.fr/,IAD France is a web-based network of independent real estate consultants.,Insight Partners,Real Estate,
ManoMano,"Paris, Ile-de-France, France, Europe",Series F,355000000,USD,2021-07-05,http://www.manomano.fr,"ManoMano is an online marketplace for DIY, home improvement, and gardening products.","Aglaé Ventures, Armat Group, Bpifrance, Dragoneer Investment Group, Eurazeo, General Atlantic, Kismet Capital Group, Temasek Holdings","DIY, E-Commerce, Home and Garden, Home Improvement, Internet, Marketplace",
Back Market,"Paris, Ile-de-France, France, Europe",Series D,276000000,EUR,2021-05-18,https://www.backmarket.com,Back Market is an online marketplace for refurbished electronics.,"Aglaé Ventures, Daphni, Eurazeo, General Atlantic, Generation Investment Management, Goldman Sachs Growth Equity","Consumer Electronics, E-Commerce, Marketplace, Retail, Sustainability",
Eranove,"Paris, Ile-de-France, France, Europe",Growth Equity,250000000,USD,2021-08-07,http://www.eranove.com/en/,Eranove engages in electricity and water production and public service management.,"A.P. Moller Capital, Emerging Capital Partners, Impact Fund Denmark, KFW DEG","Energy, Infrastructure, Renewable Energy, Water",
Alan,"Paris, Ile-de-France, France, Europe",Series D,185000000,EUR,2021-04-19,https://alan.com,Alan provides online digital insurance services that modernizes the way individuals access and manage their healthcare.,"Ambel, Coatue, Dragoneer Investment Group, EXOR N.V., H14, Index Ventures, Ribbit Capital, Temasek Holdings","Financial Services, Health Care, Health Insurance, Insurance",
Shift Technology,"Paris, Ile-de-France, France, Europe",Series D,220000000,USD,2021-05-06,http://www.shift-technology.com/,Shift Technology is a provider of AI-driven decision automation and optimization technology for the global insurance industry.,"Accel, Advent International, Avenir, Bessemer Venture Partners, General Catalyst, IRIS","Artificial Intelligence (AI), Information Technology, Insurance, InsurTech, Machine Learning",
Vestiaire Collective,"Paris, Ile-de-France, France, Europe",Series H,178000000,EUR,2021-03-01,http://vestiairecollective.com,Vestiaire Collective is an online marketplace that allows users to buy and sell pre-owned luxury fashion items.,"Bpifrance, Condé Nast, Cuir Invest, Eurazeo, Fidelity International, Kering Ventures, Korelya Capital, Luxury Tech Fund, Maximilian Bittner, Tiger Global Management, Vitruvian Partners","E-Commerce, Fashion, Marketplace",
Vestiaire Collective,"Paris, Ile-de-France, France, Europe",Series I,210000000,USD,2021-09-22,http://vestiairecollective.com,Vestiaire Collective is an online marketplace that allows users to buy and sell pre-owned luxury fashion items.,"Bpifrance, Condé Nast, Eurazeo, Generation Investment Management, Korelya Capital, SoftBank Vision Fund","E-Commerce, Fashion, Marketplace",
Swile,"Paris, Ile-de-France, France, Europe",Series D,200000000,USD,2021-10-11,https://www.swile.co/,Swile is a digital solutions provider for employee benefits with an all-in-one smartcard and an app for team life.,"Bpifrance Large Venture, Eurazeo, Headline, Hedosophia, Index Ventures, SoftBank","Apps, Coupons, Employee Benefits, Food and Beverage, Mobile Payments",
Owkin,Paris ,Growth Equity,180000000,EUR,2021-11-10,https://www.owkin.com/,Collaborative research platform and unique AI drug development solutions that make precision medicine a reality.,Sanofi,"HealthTech, AI, BioTech",
DNA Script,"Le Kremlin-bicêtre, Ile-de-France, France, Europe",Series C,165000000,USD,2021-10-26,https://www.dnascript.com,DNA Script is a disruptive DNA synthesis company harnessing biology to accelerate breakthroughs in life science and human health.,"Agilent Technologies, Alexandria Venture Investments, ArrowMark Partners, Bpifrance, Casdin Capital, Catalio Capital Management, Coatue, Columbia Threadneedle Investments, Danaher Life Science, EQT Life Sciences, Farallon Capital Management, Fidelity, Illumina Ventures, Kurma Partners, Moore Strategic Ventures, M Ventures","Biotechnology, Health Care, Life Science, Medical",
Younited,"Paris, Ile-de-France, France, Europe",Series G,137200000,EUR,2021-07-08,https://www.younited-group.com,Younited provides an online platform that connects and facilitates financial transactions between lenders and borrowers.,"AG2R La Mondiale, Bpifrance, Bridgepoint, Eurazeo, Goldman Sachs","Credit, Financial Services, FinTech",
Shadow,"Paris, Ile-de-France, France, Europe",Growth Equity,135000000,EUR,2021-03-22,https://shadow.tech/fr-FR,Shadow is a high-performance cloud-based computer that has an automated hardware evolution.,"Bossa Invest, Marc Simoncini, Philippe Lazare, Pierre Kosciusko-Morizet, Serena","Cloud Computing, Cloud Data Services, Computer, Gaming, Hardware, Mobile, Software",
MicroPort CRM,"Clamart, Ile-de-France, France, Europe",Series C,150000000,USD,2021-07-26,https://www.crm.microport.com/,MicroPort CRM develops solutions for the management of cardiac rhythm disorders and heart failure.,"CICC, Country Garden Venture Capital, E Fund Management Co.,LTD., Hillhouse Investment, L Squared Capital Partners, MicroPort (Shanghai), Wanhai Investment, Yongrong Asset","CRM, Health Care, Health Diagnostics, Medical, Medical Device, Software",
Essor,"Paris, Ile-de-France, France, Europe",Series A,150000000,USD,2021-02-09,https://www.goessor.com,Essor provider of a digital consumer product platform.,"Declaration Partners, Gabriel Naouri, Jon Oringer, Kima Ventures, Kreos Capital, Lurra Capital AG, Mark Pincus, Maximilian Bittner, Regah Ventures, Target Global, Tiger Global Management, Vine Ventures","Consumer Goods, E-Commerce, Marketing",
Dental Monitoring,"Paris, Ile-de-France, France, Europe",Growth Equity,150000000,USD,2021-10-21,http://dental-monitoring.com,"Dental Monitoring is an AI-based, remote monitoring platform for the orthodontics industry.","Mérieux Equity Partners, Vitruvian Partners","Artificial Intelligence (AI), Dental, Health Care, Machine Learning, Medical, Medical Device",
Provepharm life Solutions,"Marseille, Provence-Alpes-Cote d'Azur, France, Europe",Growth Equity,120000000,EUR,2021-09-08,https://www.provepharm.com/,"Provepharm life Solutions is a truly unique life sciences research and pharma company, dedicated to a new era of discovery.","Banque Populaire Méditerranée, BNP Paribas, Bpifrance, Crédit Agricole Alpes Provence, Societe Generale, Tikehau Capital","Health Care, Life Science, Pharmaceutical",
Ornikar,"Paris, Ile-de-France, France, Europe",Series C,120000000,USD,2021-04-21,https://www.ornikar.com,"Ornikar is an online driving school that offers radically cheaper, uncomplicated and faster offer to obtain a driving license.","Bpifrance, Brighteye Ventures, Elaia, Eurazeo, H14, Idinvest Partners, Kohlberg Kravis Roberts & Co.","Consumer, Education, E-Learning, Training",
Newcleo,"Paris, Ile-de-France, France, Europe",Seed,118000000,USD,2021-08-31,https://www.newcleo.com/,Newcleo is an atomic energy company that focuses on developing advanced nuclear energy technologies.,"Club degli Investitori, EXOR N.V., LIFTT, MACAN","Clean Energy, Energy, Energy Management, Nuclear",
Spendesk,"Paris, Ile-de-France, France, Europe",Series C,100000000,EUR,2021-07-21,https://www.spendesk.com,Spendesk is a smart spend management software designed for both finance teams and employees.,"AA Sons, Eight Roads Ventures, General Atlantic, Index Ventures","B2B, Credit Cards, Financial Services, FinTech, Payments, SaaS, Software",
Verkor,"Grenoble, Rhone-Alpes, France, Europe",Series A,100000000,EUR,2021-07-07,https://www.verkor.com,Verkor manufactures low-carbon batteries to target the electric mobility markets.,"Arkema, Capgemini, Demeter, EIT InnoEnergy, EQT Ventures, Government of France, Groupe IDEC, Renault Group, Schneider Electric, Tokai COBEX","Battery, Electronics, Industrial, Manufacturing",888047792
Leocare,"Paris, Ile-de-France, France, Europe",Series B,116000000,USD,2021-11-23,https://leocare.eu/,Leocare Assurance is an insurer that offers multi-equipment contracts.,"Daphni, Eight Roads Ventures, Felix Capital, Ventech","Financial Services, Insurance",
Cosmobilis,"Paris, Ile-de-France, France, Europe",Growth Equity,100000000,EUR,2021-12-22,https://www.cosmobilis.eu,Cosmobilis is the holding company of ByMyCAR car distribution group in Europe.,"Crédit Agricole, IDIA Capital Investissement","Automotive, Retail, Sales",904723715
PayFit,"Paris, Ile-de-France, France, Europe",Series D,90000000,EUR,2021-03-15,https://payfit.com,PayFit offers technology that simplifies and automates payroll and HR processes for small and medium-sized businesses.,"Accel, Bpifrance, Eurazeo, Frst, Xavier Niel","Human Resources, Payments, SaaS, Software",
Ankorstore,"Paris, Ile-de-France, France, Europe",Series B,84000000,EUR,2021-05-16,https://www.ankorstore.com,Ankorstore is a wholesale marketplace that connects independent shop owners and specialist brands with neighborhood retailers.,"Aglaé Ventures, Alven, Bain Capital Ventures, Global Founders Capital, Index Ventures, TCV, Tiger Global Management","B2B, E-Commerce, Marketplace, Retail, Wholesale",
ManuCo,"Bergerac, Aquitaine, France, Europe",Growth Equity,100000000,USD,2021-01-27,http://www.manuco-nc.com/,"MANUCO is a supplier for the defense, outdoors, law enforcement, pyrotechnics and civil explosives industries.",,"Chemical, Chemical Engineering",
Lydia,"Paris, Ile-de-France, France, Europe",Series C,100000000,USD,2021-12-08,https://lydia-app.com,Lydia is a banking application to send and receive payments using the application.,"Accel, Dragoneer Investment Group, Echo Street Capital, Founders Future, Tencent","Apps, E-Commerce, Financial Services, FinTech, Mobile Payments, Payments",884748898
eCential Robotics,"Gières, Rhone-Alpes, France, Europe",Growth Equity,,,2021-01-19,https://www.ecential-robotics.com/fr,eCential Robotics invents and develops innovative technologies dedicated to 2D/3D imaging and computer assisted minimally-invasive surgery.,"BNP Paribas, Bpifrance, Caisse d’Epargne, Crédit Agricole, Medinnova, TRAIL SOLUTIONS PATRIMOINE","Computer, Health Care, Medical Device",
Agicap,"Lyon, Rhone-Alpes, France, Europe",Series B,100000000,USD,2021-05-27,https://agicap.com,"Agicap is a treasury management platform that helps businesses manage their cash flow, pay invoices, and keep track of account receivables.","BlackFin Capital Partners, Greenoaks, Partech","Finance, FinTech, SaaS, Software",
Malt,"Paris, Ile-de-France, France, Europe",Series C,80000000,EUR,2021-05-31,https://www.malt.com,Malt is a curated local marketplace that connects the best freelancers and customers.,"Eurazeo, Goldman Sachs Growth Equity","Consumer, Marketplace, Search Engine",
NEoT,"Paris, Ile-de-France, France, Europe",Growth Equity,80000000,EUR,2021-10-06,https://www.neotcapital.com/en/,NEoT offers financing solutions in the fields of zero-emission mobility and clean and off-grid energy.,"3i Group, Banque des Territoires, Mirova","Energy, Finance, Renewable Energy",821239670
Mnemo Therapeutics,"Paris, Ile-de-France, France, Europe",Series A,75000000,EUR,2021-06-16,https://www.mnemo-tx.com/,Mnemo Therapeutics specializes in biotechnology and life science.,"Alexandria Venture Investments, Casdin Capital, Emerson Collective, Redmile Group, Sofinnova Partners","Biotechnology, Health Care, Therapeutics",
Epsa Group,"Paris, Ile-de-France, France, Europe",Growth Equity,70000000,EUR,2021-04-13,http://www.epsagroupe.com/,Epsa Group is a management and purchase consultancy.,"Allianz Global Investors, Pemberton Asset Management Group","Business Development, Consulting, Finance",
OpenClassrooms,"Paris, Ile-de-France, France, Europe",Series C,80000000,USD,2021-04-27,http://openclassrooms.com/,OpenClassrooms is a European online education platform with more than 2 million members and fully online degrees.,"Bpifrance, Chan Zuckerberg Initiative, General Atlantic, GSV Ventures, Lumos Capital Group, Salesforce Ventures","EdTech, Education, Training",
Amolyt Pharma,"Écully, Rhone-Alpes, France, Europe",Series B,80000000,USD,2021-09-16,https://amolytpharma.com,Amolyt Pharma specializes in peptides for the treatment of rare endocrine and metabolic disorders.,"Andera Partners, ATEM Capital Fund LP, Bpifrance, Credit Agricole Entreprises, EQT Life Sciences, Eurazeo, Kurma Partners, Mass General Brigham Ventures, Novo Ventures, OrbiMed, Pontifax, Sectoral Asset Management, Sham","Biotechnology, Health Care, Medical, Pharmaceutical, Wellness",
Oui Care,"Le Mans, Pays de la Loire, France, Europe",Growth Equity,65000000,EUR,2021-02-25,http://www.ouicare.com,Oui Care provides home maintenance and childcare services,"AXA Group, CAPZA","Child Care, Home Services",833520075
TreeFrog Therapeutics,"Bordeaux, Aquitaine, France, Europe",Series B,64000000,EUR,2021-09-13,https://treefrog.fr/,TreeFrog Therapeutics is a stem cell company that will enable millions of patients to access the medical revolution of cell therapies.,"Aquitaine Science Transfer, AQUITI Gestion, BNP Paribas Développement, Bpifrance, Bristol-Myers Squibb, Leonard Green & Partners, XAnge","Biopharma, Biotechnology, Therapeutics",
Plug In Digital,"Montpellier, Languedoc-Roussillon, France, Europe",Series B,75000000,USD,2021-11-24,https://plugindigital.com,"Plug In Digital is a video game distributor that helps studios and publishers distributing their games on PC, consoles, and mobile.","Bridgepoint, Eurazeo","Console Games, PC Games, Publishing, Video Games",
Brut,"Paris, Ile-de-France, France, Europe",Series C,75000000,USD,2021-06-30,https://www.brut.media,Brut is a global media company that creates short-form video content.,"Groupe Artémis, James Murdoch, Orange Ventures, Red River West, Tikehau Capital","Media and Entertainment, News, Publishing, Social Media, Video",
Pigment,"Paris, Ile-de-France, France, Europe",Series B,73000000,USD,2021-11-15,https://www.pigment.com/,"Pigment is an AI-driven planning platform that connects people, data, and processes, helping planners prepare for any situation.","Blossom Capital, FirstMark, Greenoaks","Artificial Intelligence (AI), Information Technology, Software",
Pigment,"Paris, Ile-de-France, France, Europe",Series B,73000000,USD,2021-11-14,https://gopigment.com,Pigment is a business forecasting platform that handles business strategy in real-time.,"Blossom Capital, FirstMark, Greenoaks","Analytics, Business Development, Information Technology, Real Time, SaaS",
Constellation,"Saint-cloud, Ile-de-France, France, Europe",Growth Equity,70000000,USD,2021-11-16,https://www.constellation.fr/,Constellation is a cloud and artificial intelligence powered information technology company.,"CapHorn Invest, Qualium Investissement","Artificial Intelligence (AI), Business Intelligence, Cloud Management, Consulting, Information Technology, Software, Web Development",820764454
Singulart,"Paris, Ile-de-France, France, Europe",Series B,60000000,EUR,2021-11-19,https://www.singulart.com/en/,Singulart is a  convinced that the digital space is an invaluable tool for bringing transparency and equity to the art market.,"Bpifrance, FJ Labs, Turenne Groupe, Ventech, Vitruvian Partners","Art, Internet",
EasyMile,"Toulouse, Midi-Pyrenees, France, Europe",Series B,55000000,EUR,2021-04-28,http://easymile.com/,"EasyMile is a high-tech startup specialized in providing both, software powering autonomous vehicles and smart mobility solutions.","Alstom, Bpifrance, Continental, McWin Partners, NextStage, Searchlight Capital Partners","Automotive, Autonomous Vehicles, Electric Vehicle, Robotics, Software, Transportation",
Federation Entertainment,"Paris, Ile-de-France, France, Europe",Growth Equity,50000000,EUR,2021-06-03,http://fedent.com/,"Federation Entertainment heralds a new model for the creation, production, distribution and marketing of high quality TV shows.",Montefiore Investment,"Film Production, Marketing, TV",
ARGOBIO,"Paris, Ile-de-France, France, Europe",Series A,50000000,EUR,2021-03-02,https://www.argobiostudio.com/,Argobio is a start-up studio for therapeutics aiming to nurture and launch biotech companies.,"Bpifrance, Evotec, Kurma Partners, Pasteur Institute",Biotechnology,
eureKARE,"Paris, Ile-de-France, France, Europe",Series A,60000000,USD,2021-05-18,https://eurekare.eu,eureKARE is focused on investing in synthetic biology biotechnology companies and creating new ventures.,,"Biotechnology, Finance, Venture Capital",
Virtuo,"Paris, Ile-de-France, France, Europe",Series C,50000000,EUR,2021-03-20,https://www.govirtuo.com/,Virtuo is a digital car rental app Designed for city dwellers that provides a range of cars on demand.,"Alpha Intelligence Capital, AVP, Balderton Capital, Bpifrance, H14, IRIS, Raise Ventures","Internet, Rental, Transportation",
Alma,"Neuilly-sur-seine, Ile-de-France, France, Europe",Series B,49000000,EUR,2021-01-25,https://www.getalma.eu/,Alma is a provider of installment-based payments through a large merchant network.,"AA Sons, Bpifrance, Cathay Innovation, Financiere Saint James, Idinvest Partners, Picus Capital, Seaya, Wind","Financial Services, Payments, Transaction Processing",
TISSIUM,"Paris, Ile-de-France, France, Europe",Series C,50000000,EUR,2021-08-31,https://tissium.com/,TISSIUM develops biodegradable sealants and adhesives for wound closure in the field of minimally-invasive surgery.,"Cathay Capital, Sofinnova Partners","Biotechnology, Health Care, Medical Device",
Lhyfe,"Nantes, Pays de la Loire, France, Europe",Series A,50000000,EUR,2021-10-01,https://www.lhyfe.com,"Lhyfe is a producer and supplier of green hydrogen, generated through renewable energy sources.","Banque des Territoires, Noria Invest, Ouest Croissance, Ovive, Swen Capital Partners, Vendée Energie","Energy, Energy Management, Renewable Energy",850415290
Agronutris,"Saint-orens-de-gameville, Midi-Pyrenees, France, Europe",Series A,50000000,EUR,2021-09-30,https://www.agronutris.com/en/,Agronutris is a biotech company involved in the breeding and processing of insects for food.,"Bertrand Jelensperger, Bpifrance, Mirova, Nutergia Laboratory","Biotechnology, Farming, Life Science, Organic Food",850855644
Lifen,"Paris, Ile-de-France, France, Europe",Series C,50000000,EUR,2021-11-15,https://www.lifen.fr/,Lifen is your simple and secure exchange of medical letters assistant.,"Creadev, Lauxera Capital Partners, MACSF, Partech, Serena","Artificial Intelligence (AI), Computer, Health Care",
Artur'In,"Paris, Ile-de-France, France, Europe",Growth Equity,42000000,EUR,2021-06-02,https://www.arturin.com/,Artur'In is an AI-based platform to help real-estate professionals deploy an advanced digital marketing solution.,PSG Equity,"Advertising, Advertising Platforms, Artificial Intelligence (AI), Marketing, Real Estate",821012382
Homa Games,"Paris, Ile-de-France, France, Europe",Series A,50000000,USD,2021-10-10,https://homagames.com,Homa Games is a gaming technology platform that publishes and creates mobile games for studios and developers.,"Alberto Horihuela, Daniel Ek, David Gandler, Eurazeo, Headline, King, Northzone, OneRagtime, Singular, Sung Ho Choi","Gaming, Mobile Apps, Online Games, Publishing, Software",
Sorare,"Paris, Ile-de-France, France, Europe",Series A,40000000,EUR,2021-02-25,https://sorare.com,"Sorare is a global fantasy football game where players can buy, trade, and play with official digital cards.","Accel, Alexis Ohanian, Ambel, Antoine Griezmann, Archimedia, Benchmark, Gary Vaynerchuk, Go4it Capital, Headline, Hedosophia, Rio Ferdinand","Blockchain, Cryptocurrency, Fantasy Sports, Gaming, Soccer",
La Barrière Automatic,"Limonest, Rhone-Alpes, France, Europe",Growth Equity,40000000,EUR,2021-07-01,https://www.grouplba.com/en,"La Barrière Automatic is a manufacturer of lifting barriers such as closing bridges, tunnels and closing lanes.",IXO Private Equity,"Industrial, Manufacturing, Mechanical Engineering",
Skello,"Paris, Ile-de-France, France, Europe",Series B,40000000,EUR,2021-09-16,https://www.skello.io,"Skello makes schedule in a few clicks, communicate with teams and automatically process payroll.","Aglaé Ventures, Partech, XAnge","Business Information Systems, Computer, Human Resources, SaaS, Software",
Egle Therapeutics,"Paris, Ile-de-France, France, Europe",Series A,40000000,EUR,2021-10-22,https://www.egle-tx.com,Egle Therapeutics is a biotechnology company focused on developing immunotherapies for oncology and autoimmune diseases.,"Bioqube Ventures, Bpifrance, EQT Life Sciences, Fund+, JDRF T1D Fund, Takeda Ventures","Biotechnology, Health Care, Oncology, Therapeutics",
Quantum Surgical,"Montpellier, Languedoc-Roussillon, France, Europe",Series B,40000000,EUR,2021-10-19,https://quantumsurgical.com/,Quantum Surgical mission is to democratize minimally invasive liver cancer treatment,"Ally Bridge Group, Bpifrance, Caisse d’Epargne, European Investment Bank","Health Care, Medical Device, Oncology",824393003
Satys,"Blagnac, Midi-Pyrenees, France, Europe",,40000000,EUR,2021-09-30,https://www.satys.com/,Satys offers the aviation and rail industry unique services resulting from its in-house team of painting & sealing experts.,"Ace Capital Partners, Bpifrance, Crédit Mutuel Equity",Aerospace,
ZE Energy,"Paris, Ile-de-France, France, Europe",Series A,40000000,EUR,2021-11-26,https://www.ze-energy.com/,ZE Energy  is an independent producer of renewable energy.,"Demeter, EverWatt, HTGF (High-Tech Gruenderfonds), Marguerite, Soregies, Ze Way Invest","Energy, Renewable Energy, Solar",
GitGuardian,"Paris, Ile-de-France, France, Europe",Series B,39000000,EUR,2021-12-07,https://www.gitguardian.com,GitGuardian provides a platform for detecting and managing sensitive digital credentials and machine identities.,"Balderton Capital, Bpifrance, Eurazeo, Fly Ventures, Sapphire Ventures","Cloud Security, Computer, Cyber Security, DevOps, Software",
Corwave,"Paris, Ile-de-France, France, Europe",Series C,35000000,EUR,2021-01-06,https://www.corwave.com/,CorWave is a medical device company developing innovative heart pumps.,"Arbevel, Bpifrance, European Innovation Council, EXOR N.V., M&L Healthcare Investments, Novo Holdings, Seventure Partners, Sofinnova Partners, Ysios Capital","Health Care, Manufacturing, Medical Device",
Matera,"Paris, Ile-de-France, France, Europe",Series B,43000000,USD,2021-05-25,https://www.matera.eu/,We make the life of co-owners easy !,"Bpifrance, Burda Principal Investments, Index Ventures, Mubadala Capital Ventures, Samaipata","Accounting, Construction, Real Estate",
Indy,"Lyon, Rhone-Alpes, France, Europe",Series B,35000000,EUR,2021-01-21,https://www.indy.fr/,Indy offers end-to-end and advanced AI-powered accounting software for freelancers and professionals.,"Alven, Kerala Ventures, Singular","Accounting, Artificial Intelligence (AI), FinTech, Freelance, Machine Learning",
iziwork,"Paris, Ile-de-France, France, Europe",Series B,35000000,EUR,2021-01-13,https://www.iziwork.com,Iziwork is a digital employment platform that connects temporary workers to a wide range of jobs and assignments.,"Bpifrance, Cathay Innovation","Employment, Human Resources, Information Technology, Recruiting",
Cubyn,"Paris, Ile-de-France, France, Europe",Series C,35000000,EUR,2021-03-18,https://www.cubyn.com/fr/,Cubyn offers fulfillment services for e-businesses.,"360 Capital, BNP Paribas Développement, Bpifrance, DN Capital, Eurazeo, First Bridge Ventures, Fuse Venture Partners","E-Commerce, Logistics, Shipping, Supply Chain Management",
Step Pharma,"Paris, Ile-de-France, France, Europe",Series B,35000000,EUR,2021-03-24,http://www.step-ph.com/,Step Pharma is a biotechnology company.,"Bpifrance, Hadean Ventures, Kurma Partners, Pontifax, Sunstone Life Science Ventures","Biotechnology, Pharmaceutical",
Valgo,"Petit Couronne, Haute-Normandie, France, Europe",,35000000,EUR,2021-08-07,https://www.valgo.com/en/,Valgo offers remediation and revitalization services for brownfields and industrial sites.,Tikehau Capital,"Environmental Engineering, Renewable Energy",
Didomi,"Paris, Ile-de-France, France, Europe",Series B,33800000,EUR,2021-07-09,https://www.didomi.io,Didomi is a consent and preference management platform for collecting and leveraging user consents and preferences for businesses.,"BREEGA, Elephant","Compliance, Information Technology, Privacy, Software",
Cajoo,"Paris, Ile-de-France, France, Europe",Series A,40000000,USD,2021-09-02,https://www.cajoo.eu/,Cajoo is the French Q-commerce company that delivers groceries to your door in minutes,"Carrefour, Frst, Headline, XAnge","Delivery, Delivery Service, E-Commerce, Grocery, Retail, Same Day Delivery",
Coave Therapeutics,"Paris, Ile-de-France, France, Europe",Series B,33000000,EUR,2021-07-21,https://coavetx.com,Horama develops gene therapies for rare inherited ocular and CNS (central nervous system) diseases.,"eureKARE, GO CAPITAL, Idinvest Partners, Kurma Partners, Omnes Capital, Seroba Life Sciences, Sham, V-Bio Ventures","Biotechnology, Genetics, Life Science, Neuroscience",
Sun'R,"Paris, Ile-de-France, France, Europe",,30000000,EUR,2021-05-18,http://www.sunr.fr,"SH1 Is The Sole Shareholder Of Sun’R Infrastructure, ","Bpifrance, IDIA Capital Investissement, RGreen Invest, Sofilaro","Real Estate, Solar",
Foodles,"Clichy, Ile-de-France, France, Europe",Series B,31000000,EUR,2021-09-15,http://www.foodles.co,Foodles is a re-invented canteen for SMEs that offers autonomous internal restoration solutions.,"Adelie, Bpifrance, Creadev, DN Capital, InfraVia Capital Partners","Catering, Food and Beverage, Retail Technology, Small and Medium Businesses, Wellness",
Yousign,"Caen, Basse-Normandie, France, Europe",Series A,30000000,EUR,2021-06-10,https://yousign.com/,"Yousign is a digital trust platform offering secure eSignatures, identity verification, and eSeals for compliant workflows.","AA Sons, Hexa, Lead Edge Capital","E-Signature, Information Technology, SaaS, Small and Medium Businesses, Software",
Solveo Energie,"Fenouillet, Midi-Pyrenees, France, Europe",,30000000,EUR,2021-04-26,http://www.solveo-energie.com,Solveo Energie provides services in the fields of consulting and renewable energy.,MIDI 2i,"Energy, Environmental Consulting, Renewable Energy, Wind Energy",
Planity,"Paris, Ile-de-France, France, Europe",Series B,30000000,EUR,2021-07-27,http://www.planity.com,"Planity is an online booking platform for beauty appointments, including haircuts, beauty salons, barbers, manicures, and spas.","Alven, Bpifrance, Crédit Mutuel Innovation, Eiffel Investment Group, Revaia, Robin Haak","Beauty, Fashion, Lifestyle, Online Portals",
Acheel,"Paris, Ile-de-France, France, Europe",Seed,29000000,EUR,2021-05-18,https://www.acheel.com/,Acheel is a digital platform that offers insurance services.,"Portage Ventures, Serena, Xavier Niel","Insurance, InsurTech",
Alira Health,"Paris, Ile-de-France, France, Europe",,35000000,USD,2021-04-12,https://www.alirahealth.com,Alira Health is an international advisory firm.,Creadev,"Biotechnology, Consulting, Health Care",
Clever Connect,"Paris, Ile-de-France, France, Europe",Series B,30000000,EUR,2021-10-18,http://www.cleverconnect.com/,Clever Connect is a HR tech startup.,"Citizen Capital, Sofiouest, Yttrium","Consulting, Human Resources, Information Technology, Recruiting, Staffing Agency",
Depixus,"Courbevoie, Ile-de-France, France, Europe",Series A,30600000,EUR,2021-12-15,https://depixus.com/,"Depixus are pioneering the development of MAGNA, a novel genetic analysis technology for decoding the dynamic genome.","Arix Bioscience, Bpifrance, Casdin Capital, Lansdowne Partners","Biotechnology, Genetics, Health Care, Medical",
Shippeo,"Paris, Ile-de-France, France, Europe",Series C,32000000,USD,2021-01-14,http://www.shippeo.com,Shippeo is an IT services company that expertise in real time multimodal transportation visibility to help shippers and logistics services.,"Battery Ventures, Bpifrance, ETF Partners, NGP Capital, Partech, SAP.iO","B2B, Freight Service, Logistics, SaaS, Shipping, Supply Chain Management, Sustainability",
Vulog,"Nice, Provence-Alpes-Cote d'Azur, France, Europe",Series C,26000000,EUR,2021-01-20,http://www.vulog.com,Vulog builds technology solutions that power the most successful shared mobility businesses in the world.,"Bpifrance, Ecotechnologies Fund, ETF Partners, European Investment Bank, Frog Capital, Inven Capital","Automotive, Car Sharing, Ride Sharing, SaaS, Software, Subscription Service, Transportation",
Skaleet,"Paris, Ile-de-France, France, Europe",Growth Equity,25000000,EUR,2021-01-05,https://skaleet.com/en/,Skaleet provides a Core Banking Platform to build scalable financial institutions & launch innovative banking products.,Long Arc Capital,"Banking, Financial Services, FinTech, Software",484939038
Novair Medical,"Roissy-en-france, Ile-de-France, France, Europe",,26000000,EUR,2021-09-20,https://www.novairmedical.com/en,"Novair Medical is engaged in the design, manufacture and installation of medical gas systems and oxygen generators.",Eurazeo,"Health Care, Logistics, Manufacturing, Medical, Oil and Gas, Pharmaceutical, Rental",
Pasqal,"Palaiseau, Ile-de-France, France, Europe",Series A,25000000,EUR,2021-06-08,https://www.pasqal.com,"Pasqal develops neutral atom-based quantum processors, simulators, and computers.","Bpifrance, Daphni, Eni Next, European Innovation Council, Quantonation, Runa Capital","Computer, Information Technology, Quantum Computing, Simulation",
JVWEB,"Montpellier, Languedoc-Roussillon, France, Europe",,25000000,EUR,2021-05-17,http://www.jvweb.fr,JVWEB is a digital marketing agency.,"Bpifrance, Capital Croissance","Advertising, Digital Marketing, SEM, SEO, Social Media Advertising",
BeReal.,"Paris, Ile-de-France, France, Europe",Series A,30000000,USD,2021-06-03,https://bereal.com,BeReal. is a social media app where users share unfiltered photos at random times to capture authentic moments in their daily lives.,"Accel, Andreessen Horowitz, DST Global, TQ Ventures","Apps, Mobile Apps, Photo Sharing, Social Media, Software",
Akur8,"Paris, Ile-de-France, France, Europe",Series B,25100000,EUR,2021-06-17,http://www.akur8.com,Akur8 offers a machine learning-powered insurance pricing and reserving platform for insurers.,"BlackFin Capital Partners, Hedosophia, MTech Capital","Financial Services, FinTech, Insurance, InsurTech, Machine Learning, SaaS",
La Belle Vie,"Paris, Ile-de-France, France, Europe",Series B,25000000,EUR,2021-12-15,https://www.labellevie.com/,"La Belle Vie is an online grocery based in Paris, France.","Capagro, Left Lane Capital, Quadrille Capital","E-Commerce, Food and Beverage, Grocery",
Volta Medical,"Marseille, Provence-Alpes-Cote d'Azur, France, Europe",Series A,28000000,USD,2021-01-05,https://www.volta-medical.com/,Volta Medical is an AI-driven start-up developing intelligent software solutions to guide cardiologists during interventional procedures.,"Gilde Healthcare, Groupe Pasteur Mutualité","Artificial Intelligence (AI), Health Care, Medical Device, Software",
Kea & Partners,"Malakoff, Ile-de-France, France, Europe",,23000000,EUR,2021-07-06,https://www.kea-partners.co.uk/,Kea & Partners is a strategy and management consulting company.,Crédit Mutuel Equity,"Consulting, CRM, Information Technology, Internet",
Hublo,"Paris, Ile-de-France, France, Europe",Series A,22000000,EUR,2021-09-13,https://www.hublo.com,Hublo provides software that ease healthcare professionals daily life so that they can focus on taking care of patients.,"Acton Capital, Clement Cazalot, Région Sud Investissement, Revaia, Robin Haak","Health Care, Software",
FineHeart,"Bordeaux, Aquitaine, France, Europe",Series B,21000000,EUR,2021-06-01,http://fineheart.fr,FineHeart is a medical device company,"AQUITI Gestion, Broadview Ventures, Doliam, Galia Gestion, IRDI, Lauak Group, M Capital Partners, Verve Ventures","Biotechnology, Health Care, Medical, Medical Device",
Kili Technology,"Paris, Ile-de-France, France, Europe",Series A,25000000,USD,2021-07-27,https://kili-technology.com/,"Kili Technology enables large companies to transform their raw data into high-quality annotated data, ready for AI-driven projects.","Balderton Capital, Chris Schagen, Dimitri Sirota, Financiere Saint James, Headline, Olivier Pailhès, Serena","Analytics, Artificial Intelligence (AI), Computer, Machine Learning, Software",
Wyz Group,"Compiègne, Picardie, France, Europe",,21000000,EUR,2021-07-05,http://www.wyzgroup.com/en/,WYZ is an innovative French company,"BNP Paribas Développement, Bpifrance, Generis Capital Partners",Innovation Management,
Epsor,"Paris, Ile-de-France, France, Europe",Series B,20000000,EUR,2021-05-25,http://www.epsor.fr,Epsor designs and distributes employee savings and retirement plans.,"Augmentum Fintech, BlackFin Capital Partners, Partech, Revaia, Robin Haak","Employee Benefits, Financial Services, FinTech",
Libeo,"Paris, Ile-de-France, France, Europe",Series A,20000000,EUR,2021-02-11,https://www.libeo.io,Libeo is on a mission to simplify processing and payment of account payables for SMEs.,"BREEGA, DST Global, LocalGlobe, Roosh Ventures, Serena","B2B, Billing, Financial Services, FinTech, Payments, SaaS",
Unseenlabs,"Rennes, Bretagne, France, Europe",Series B,20000000,EUR,2021-04-27,https://unseenlabs.space,"Unseenlabs offers maritime surveillance via space-based RF detection, tracking ships worldwide by electromagnetic signatures.","360 Capital, Blue Oceans Partners, Breizh Up, Hemeria, Omnes Capital","Aerospace, Marine Technology, Security",
Clone (ex Not So Dark),"Paris, Ile-de-France, France, Europe",Series A,20000000,EUR,2021-02-03,https://www.getclone.io,"Clone creates food delivery brands, helping restaurants generate additional profit through a unique asset-light business model & technology.","Investisseurs privés, Kharis Capital, Oscar Salazar","Brand Marketing, Delivery, Food Delivery, Restaurants, Software",
OCUS,"Paris, Ile-de-France, France, Europe",Series A,24000000,USD,2021-04-21,https://www.ocus.com/en/,OCUS is restoring confidence between brands and consumers by producing millions of high-quality always-on images across every sector.,"CapHorn Invest, Evolem Start, Expon Capital, noa, Ring Capital","Internet, Marketing, Software",
Kaiko,"Paris, Ile-de-France, France, Europe",Series A,24000000,USD,2021-06-23,http://www.kaiko.com,Digital Assets Market Data Provider Scaled for Institutions,"Alven, Anthemis, ConsenSys Mesh, Hashkey Exchange, Point Nine, Underscore VC","Analytics, Blockchain, Cryptocurrency, Financial Services, FinTech, Information Technology",
Mooncard,"Paris, Ile-de-France, France, Europe",Series B,20000000,EUR,2021-09-03,https://www.mooncard.co,Mooncard is a corporate payment card that automates the management of expense claims and business expenses.,"Aglaé Ventures, BlackFin Capital Partners, Partech, Raise Ventures","Accounting, Banking, Enterprise, FinTech, Payments",
HCS PHARMA,"Loos, Nord-Pas-de-Calais, France, Europe",,20000000,EUR,2021-08-02,https://hcs-pharma.com,"HCS Pharma is revolutionising drug discovery with a unique 3D cell technology, BIOMIMESYS®",The Global Emerging Markets Group,Biotechnology,
VOLTA Entreprises,"Paris, Ile-de-France, France, Europe",Private Equity,20000000,EUR,2021-03-23,http://www.groupe-volta.com/,VOLTA Entreprises is a renewable energy company that produces and distributes solar energy.,Eiffel Investment Group,"Energy, Renewable Energy, Solar",843587031
Batch,"Paris, Ile-de-France, France, Europe",,20000000,EUR,2021-10-21,https://batch.com/,Batch is the leading mobile CRM & push notifications platform,"Expedition Growth Capital, Orange Ventures","Analytics, Apps, Big Data, CRM, Email Marketing, Marketing Automation, Mobile, Mobile Apps, SaaS",
Calicéo,"Dax, Aquitaine, France, Europe",,20000000,EUR,2021-11-05,https://www.caliceo.com,Calicéo operates as a family group of aquatic fitness and beauty-massage spaces.,"BNP Paribas, Ekkio Capital","Fitness, Leisure",
Groupe INTM,"Levallois-perret, Ile-de-France, France, Europe",Growth Equity,19000000,EUR,2021-05-11,https://www.intm.fr,INTM Group is a consulting and digital services company,"BNP Paribas, Crédit Mutuel Equity",Information Technology,453207243
Evina,"Paris, Ile-de-France, France, Europe",Series A,20000000,EUR,2021-11-18,https://www.evina.com,Cybersecurity for mobile payment,"50 Partners, Id4 ventures, Radian Capital, SaaS Partners","Cyber Security, Fraud Detection, Mobile Payments, SaaS",
Shopopop,"Nantes, Pays de la Loire, France, Europe",,20000000,EUR,2021-12-05,https://www.shopopop.com/,Shopopop is a collaborative delivery platform for Drive races and local commerce.,"Epopée Gestion, GO CAPITAL, Jean-Pierre Vuilleumier, Meridiam, West Web Valley","E-Commerce, Last Mile Transportation, Logistics",
Sweep,"Montpellier, Languedoc-Roussillon, France, Europe",Series A,19500000,EUR,2021-12-14,https://www.sweep.net,Sweep is a software company developing software for businesses to reduce their carbon emissions.,"2050, Balderton Capital, La Famiglia, New Wave (VC)","Environmental Engineering, Genetics, GreenTech, Software, Sustainability",
METRON,"Paris, Ile-de-France, France, Europe",Series B,18000000,EUR,2021-07-16,https://www.metronlab.com/,METRON is a  foundation stone using artificial intelligence based on Energy Data and ontologies.,"BNP Paribas Asset Management, Breed Reply, Climate Investment, SK Gas, Statkraft Ventures","Artificial Intelligence (AI), Environmental Consulting, Information Technology",
Xenothera,"Nantes, Pays de la Loire, France, Europe",Series C,17840000,EUR,2021-06-29,http://www.xenothera.com/,Xenothera is a xenotherapy platform with embedded technology that renovates immunological treatments.,"Anaxago, Didier Rousseau, European Innovation Council, Malakoff Humanis, SC NABUBOTO","Biotechnology, Genetics, Therapeutics",
Lovys,"Paris, Ile-de-France, France, Europe",Series A,17000000,EUR,2021-01-19,https://www.lovys.com,Lovys is an insurance company that offers auto insurance and financial services.,"Bpifrance, Heartcore Capital, MAIF Avenir, NewAlpha Asset Management VC, Portugal Ventures, Raise Ventures","Auto Insurance, Financial Services, Insurance, InsurTech",
Nabla,"Paris, Ile-de-France, France, Europe",Series A,20600000,USD,2021-04-09,https://www.nabla.com,Nabla is a healthcare tech company providing AI tools that generate real-time clinical notes to support clinicians.,ARVO VENTURE CAPITAL,"Artificial Intelligence (AI), Electronic Health Record (EHR), Health Care, Machine Learning",
Tallano,"Paris, Ile-de-France, France, Europe",Series B,17700000,EUR,2021-10-25,https://www.tallano.eu,Tallano technologie is a pioneer in the field of particle emission reduction systems for vehicle braking.,"Bpifrance, Mirova","Industrial Engineering, Mechanical Engineering",
Scality,"Paris, Ile-de-France, France, Europe",Series E,20000000,USD,2021-01-13,http://scality.com/,Scality is a venture-backed software company that solves problems associated with large-scale storage management and infrastructure.,,"Cloud Data Services, Data Storage, Enterprise Software, Software",
RemyAI,"Paris, Ile-de-France, France, Europe",Series A,20000000,USD,2021-09-28,https://www.getremy.ai/en,RemyAI is the 24/7 intelligent assistant for real estate professionals.,"01 Advisors, 75 & Sunny, Abstract, Alta Park Capital, Asymmetric Capital Partners, Class 5 Global, Cyril Berdugo, David Snider, Eric Wu, Goodwater Capital, HighSage Ventures, Noa Khamallah, Partech, Precursor Ventures, Saurabh Gupta, The Spruce House Partnership, Tom Petit, Tushar Garg","Commercial Real Estate, Real Estate, Real Estate Investment, Trading Platform",
Expensya,"Paris, Ile-de-France, France, Europe",Series B,20000000,USD,2021-04-30,http://www.expensya.com,Expensya is a company that automate and control company's expenses by using software for businesses,"Isai, MAIF Avenir, Seventure Partners, Silicon Badia","Accounting, FinTech, SaaS, Software",
Theravectys,"Paris, Ile-de-France, France, Europe",,16500000,EUR,2021-02-08,https://www.theravectys.com/,Theravectys develops a platform for the prevention and treatment of cancers and other infectious diseases and conditions.,,"Biopharma, Biotechnology, Health Care",
MMV,"Saint-laurent-du-var, Provence-Alpes-Cote d'Azur, France, Europe",,16000000,EUR,2021-06-09,http://www.mmv-holidays.co.uk/,MMV is a travel agency provides holiday services and operates club hotels.,Montefiore Investment,Travel Agency,
ISORG,"Grenoble, Rhone-Alpes, France, Europe",Series C,16000000,EUR,2021-06-30,http://www.isorg.fr/,ISORG is the pioneers in organic and printed electronics devices for large-area photonics and image sensors.,"Mitsubishi Corporation, Sumitomo Chemical","Consumer Electronics, Electronics, Industrial, Optical Communication",
Jow,"Paris, Ile-de-France, France, Europe",Series A,16300000,EUR,2021-10-14,https://www.jow.fr/,"Jow automates grocery shopping based on recipes, directly adding items for pickup or delivery.","DST Global, Eurazeo, Headline, Stride","Apps, E-Commerce, Food and Beverage, Grocery, Shopping",
YesWeHack,"Paris, Ile-de-France, France, Europe",Series B,16000000,EUR,2021-07-22,https://yeswehack.com,Offensive Security & Exposure Management Platform,"Banque des Territoires, CNP Assurances, Eiffel Investment Group, Normandie Participations","Cyber Security, Information Technology, Security",
Swan,"Paris, Ile-de-France, France, Europe",Series A,16000000,EUR,2021-09-28,https://swan.io,Swan is a banking service platform that enables businesses to integrate embedded finance platform that integrates banking services.,"Accel, Bpifrance, Creandum","Banking, Financial Services, FinTech",
Pennylane,"Paris, Ile-de-France, France, Europe",Series A,15000000,EUR,2021-01-07,https://www.pennylane.com,"Pennylane is an accounting and financial management platform centralising accounting, invoicing, cash flow tracking, and expense workflows.","Citadel Capital, Global Founders Capital, Hedosophia, Partech, Sequoia Capital","Accounting, Finance, Financial Services, FinTech, Software",
Partoo,"Paris, Ile-de-France, France, Europe",,15000000,EUR,2021-05-10,https://www.partoo.co,Partoo focuses on maximizing the visibility of businesses on the internet.,Webedia,"Digital Marketing, Software",
Leocare,"Paris, Ile-de-France, France, Europe",Series A,18100000,USD,2021-01-19,https://leocare.eu/,Leocare Assurance is an insurer that offers multi-equipment contracts.,"Daphni, Didier Valet, Felix Capital, Ventech","Financial Services, Insurance",
Electra,"Paris, Ile-de-France, France, Europe",Seed,15000000,EUR,2021-06-28,https://www.go-electra.com,Electra is an electric vehicle charging company that specializes in deploying and operating charging points for electric vehicles.,"Bertrand Altmayer, Demba Diallo, Eurazeo, Frst, Grégory Frapet, Karim Kaddoura, Serena, Thibault Chassagne","Automotive, Charging Infrastructure, Electric Vehicle, Renewable Energy",
Pledg,"Paris, Ile-de-France, France, Europe",,15000000,EUR,2021-03-16,https://www.pledg.co,Pledg is an innovative payment solution that allows a person to buy for a group without advancing the others.,"Aquiline Capital Partners, Arbevel, ODDO BHF, Portage Ventures, Smart Lenders Asset Management SA","E-Commerce, Financial Services, Payments",
Wecasa,"Paris, Ile-de-France, France, Europe",Series A,15000000,EUR,2021-07-08,https://www.wecasa.fr,"Wecasa is a marketplace that provides a range of at-home services including cleaning, hairdressing, and beauty treatments.","Blisce, Frédéric Mazzella, Isai, Pierre Kosciusko-Morizet, Serena","Home Services, Internet, Marketplace, Mobile Apps",
Calyxia,"Bonneuil-sur-marne, Ile-de-France, France, Europe",Series A,15000000,EUR,2021-09-22,https://calyxia.com,Calyxia designs and industrially produces a new class of microcapsules that are transforming the way the world makes formulated products.,Astanor Ventures,"Agriculture, Chemical",
Pr0ph3cy,"Guyancourt, Ile-de-France, France, Europe",,15000000,EUR,2021-10-18,https://pr0ph3cy.com/,Pr0ph3cy is a consulting firm that creates cybersecurity-related products and concepts.,IK Partners,"Cyber Security, Network Security, Software",
Primo1D,"Grenoble, Rhone-Alpes, France, Europe",Series B,15000000,EUR,2021-11-09,http://primo1d.com/,"Primo1D was founded in August 2013 and has his headquarters in the heart of the MINATEC Campus in Grenoble, France.","BNP Paribas Développement, Bpifrance, Innovacom, KREAXI, UI Investissement","E-Commerce, Electronics, Fashion, Software",
PathoQuest,"Paris, Ile-de-France, France, Europe",Series B,15000000,EUR,2021-11-09,https://www.pathoquest.com/,PathoQuest is a biotech company developing NGS-based metagenomic tests for exhaustive identification of pathogens.,"Aurinvest, Charles River Laboratories International, Eurazeo, Fraser, Kurma Partners, SHS Capital, Turenne Capital, Verve Ventures","Biotechnology, Health Care, Therapeutics",
Chefclub,"Paris, Ile-de-France, France, Europe",Series B,14000000,EUR,2021-01-25,http://www.chefclub.tv,Chefclub is a cooking channel that shows and broadcasts cooking recipes on television and the internet.,"Aglaé Ventures, First Bridge Ventures, Korelya Capital, SEB Alliance","Cooking, Internet, Recipes, TV",
Quandela,"Massy, Ile-de-France, France, Europe",Series A,15000000,EUR,2021-11-16,http://quandela.com/,Quandela designs quantum computers and generators to deliver quantum-secure communication networks and scalable quantum processors.,"Bpifrance, European Innovation Council, Omnes Capital, Quantonation","Electronics, Nanotechnology, Quantum Computing, Semiconductor",
Tuco Energie,"La Défense, Ile-de-France, France, Europe",,14000000,EUR,2021-02-16,https://www.tucoenergie.fr/,Tuco Energie manufactures and sells thermodynamic water heaters and other household solar equipment.,"IDI Group, RAISE Impact","Energy, Manufacturing, Renewable Energy, Solar, Water Purification",
Certideal,"Paris, Ile-de-France, France, Europe",Series B,15000000,EUR,2021-11-25,http://www.certideal.com,Certideal est le spécialiste français du smartphone reconditionné.,"Elevation Capital Partners, MAIF Avenir","E-Commerce, Retail, Shopping",
Memo Bank,"Paris, Ile-de-France, France, Europe",Series A,13000000,EUR,2021-06-15,https://memo.bank,Memo Bank is an independent French bank for transaction-intensive businesses.,"BlackFin Capital Partners, Daphni, Serena","Banking, Finance, Financial Services",
Solstyce,"Paris, Ile-de-France, France, Europe",Growth Equity,13300000,EUR,2021-09-15,https://www.solstyce.fr/en/solstyce-your-partner-renewable-ernergy/,Solstyce is an environmental engineering company engaged in the construction and operation of photovoltaic power plants.,"Bpifrance, NextStage","Energy, Environmental Engineering, Renewable Energy",519589402
Gaiago,"Saint-malo, Bretagne, France, Europe",,13000000,EUR,2021-07-05,https://www.gaiago.eu/,Gaiago is an agtech company that produces soil improvement tools.,"A Plus Finance, Arkea Capital Investissement, Crédit Agricole, Telos Impact, Unexo","Agriculture, AgTech, Biotechnology",
Home Biosciences,"Paris, Ile-de-France, France, Europe",Seed,15000000,USD,2021-11-09,https://homebiosciences.com/,Home Biosciences is a European venture builder dedicated to biotech.,"Redmile Group, Sofinnova Partners","Biotechnology, Medical",
Homa Games,"Paris, Ile-de-France, France, Europe",Seed,15000000,USD,2021-02-08,https://homagames.com,Homa Games is a gaming technology platform that publishes and creates mobile games for studios and developers.,"Alexis Bonillo, Headline, Idinvest Partners, Jean-Marie Messier, OneRagtime, Vladimir Lasocki","Gaming, Mobile Apps, Online Games, Publishing, Software",
Numeral,"Paris, Ile-de-France, France, Europe",Seed,13000000,EUR,2021-12-21,https://www.numeral.io/,"Numeral is a payment automation API designed for modern financial institutions, digital firms, and businesses.","Alexandre Prot, Balderton Capital, Didier Valet, Guillaume Princen, Kima Ventures, Paul Vidal, Tom Blomfield","Finance, Financial Services, FinTech",
EG 427,"Paris, Ile-de-France, France, Europe",Series A,12000000,EUR,2021-03-01,https://www.eg427.com,EG 427 is a French biotechnology company that pioneers a new approach in gene therapy called pinpoint gene therapy.,"David Lamond, Stephane Boissel","Biotechnology, Genetics, Therapeutics",
Angell,"Paris, Ile-de-France, France, Europe",Series A,12000000,EUR,2021-07-05,https://angell.bike/,Angell is an e-bike startup with a mission to improve everyday life in cities.,"FJ Labs, SEB Alliance","Retail, Shopping",
See You Sun,"Rennes, Bretagne, France, Europe",Series A,12000000,EUR,2021-03-24,https://www.seeyousun.fr/,See You Sun provides electric mobility and renewable energy production solutions.,"Banque des Territoires, Demeter","Environmental Consulting, Renewable Energy",
Witco,"Paris, Ile-de-France, France, Europe",Series A,12000000,EUR,2021-09-28,https://www.witco.io/,Witco is the all-in-one app for life at work.,"Daphni, Eurazeo, Naxicap Partners, UL Invest","Human Resources, SaaS, Smart Building, Software",
Powder,"Paris, Ile-de-France, France, Europe",Series A,14000000,USD,2021-02-09,https://powder.gg,Powder is a mobile app that enables gamers to create the best gaming clips and share exiting gaming stories.,"Alven, Banana Capital, Bpifrance, General Catalyst, Kevin Hartz, Secocha Ventures, Serena, Slow Ventures","Gaming, Media and Entertainment, Video Games",
Mindee,"Paris, Ile-de-France, France, Europe",Series A,14000000,USD,2021-10-06,https://mindee.com,Mindee offers a tailor-made artificial intelligence solution that transforms documents into usable data.,"Alexis Le-Quoc, Alven, Bpifrance, Nicolas Dessaigne, Notable Capital, Serena","Artificial Intelligence (AI), Machine Learning, Open Source, SaaS, Web Apps",
MainBot,"Paris, Ile-de-France, France, Europe",Series B,12000000,EUR,2021-10-27,http://www.mainbot.me,"MainBot is robotics company that develops Winky, a modular and educational robot companion for children.",,"Education, Edutainment, Robotics",
Corteria Pharmaceuticals,"Paris, Ile-de-France, France, Europe",Seed,12000000,EUR,2021-12-09,https://www.corteriapharma.com/,Corteria Pharmaceuticals develops first-in-class drugs in heart failure subpopulations.,"Invivo Capital Partners, Kurma Partners, Omnes Capital, V-Bio Ventures","Biotechnology, Pharmaceutical, Therapeutics",
Masteos,"Paris, Ile-de-France, France, Europe",Seed,11395000,EUR,2021-09-21,https://www.masteos.com/,Masteos is a rental investment advisory firm.,Daphni,"Real Estate, Real Estate Investment, Rental Property",
PDC*line Pharma,"La Tronche, Rhone-Alpes, France, Europe",Series B,11800000,EUR,2021-12-06,http://pdc-line-pharma.com/,PDC*line Pharma develops a new class of active immunotherapies for cancer based on an allogeneic cell line of plasmacytoid dendritic cells.,"Alpha Holdings, Brain Asset Management, Hansongneotech, Korea Investment Partners, Meusinvest (Noshaq), Sambrinvest, SFPI-FPIM, S.R.I.W., UTC Investment Co.","Biotechnology, Health Care, Therapeutics",
Hoggo,"Paris, Ile-de-France, France, Europe",Series A,11000000,EUR,2021-06-23,https://www.hoggo.com,Hoggo is an unique platform managing all the insurance for enterprise as well as a lot of HR benefits.,"Global Founders Capital, Partech","Human Resources, Insurance",
Bellman,"Paris, Ile-de-France, France, Europe",,11000000,EUR,2021-09-22,https://bellman.immo/,Bellman empowers property managers with tech and services so they can provide a service that is fast and transparent to property owners.,"BREEGA, Eric Setton, Lakestar","Marketing, Property Management, Real Estate",
Bloom,"Neuilly-sur-seine, Ile-de-France, France, Europe",Seed,11000000,EUR,2021-10-15,http://bloomsocialanalytics.com/,"Bloom is a business intelligence platform that focuses on social media analytics, data analytics and artificial intelligence solutions.","Bpifrance, Dassault Systemes","Analytics, Artificial Intelligence (AI), Internet",
LiveMentor,"Paris, Ile-de-France, France, Europe",,11000000,EUR,2021-10-06,https://www.livementor.com/,"LiveMentor is a francophone education platform, that provides remote tutoring.","Educapital, Impact Partners Nordic, Isai, Ring Capital","Education, Internet, Tutoring",
OceanWings,"Paris, Ile-de-France, France, Europe",Series A,10500000,EUR,2021-09-13,https://oceanwings.com,OceanWings is an industrial startup focused on the decarbonation of shipping using the wind as a propulsion solution.,"Bpifrance, GO CAPITAL, Ocean Zero","Industrial Engineering, Industrial Manufacturing, Manufacturing, Mechanical Engineering, Shipping",
Meiogenix,"Paris, Ile-de-France, France, Europe",Series A,11000000,EUR,2021-12-14,https://meiogenix.com,Meiogenix is a biotechnology company that develops breeding technologies.,"Alexandria Venture Investments, Bpifrance, Casdin Capital, Genoa Ventures, Sofinnova Partners","Biotechnology, Life Science, Pharmaceutical",
Maki,"Paris, Ile-de-France, France, Europe",Seed,11000000,EUR,2021-11-23,https://www.makipeople.com/,Maki is a skill assessment tool to assess and hire talents.,"Founders Future, Frst, Global Founders Capital, Picus Capital","Information Services, Information Technology, Recruiting, Software",
Wethenew,"Paris, Ile-de-France, France, Europe",Series A,10000000,EUR,2021-06-01,https://wethenew.com,Wethenew is a marketplace that focuses on selling streetwear and limited-edition sneakers.,"Christian Jorge, Frank Ntilikina, Singular","E-Commerce, Fashion, Marketplace, Retail",
Ringover,"Paris, Ile-de-France, France, Europe",Series A,10000000,EUR,2021-01-26,https://www.ringover.com,"Ringover is an AI-driven cloud-based conversation platform integrated in over 100 tools (CRM, Heldesk, Support, ATS…).",Expedition Growth Capital,"Artificial Intelligence (AI), Call Center, Collaboration, CRM, SaaS, Software",
Nxtfood,"Lille, Nord-Pas-de-Calais, France, Europe",,10000000,EUR,2021-01-01,https://nxtfood.fr/,Nxtfood develops plant-based alternatives to meat.,"Creadev, Roquette Ventures",Food and Beverage,
Knave,"Paris, Ile-de-France, France, Europe",Seed,10000000,EUR,2021-04-29,https://www.knave.eu,"Knave provides pay-per-use mobility solutions, managing white-label rental programs for consumers.",ACOFI,"Automotive, Electric Vehicle, Financial Services, Mobile Apps, Transportation",
SOS Accessoire,"La Verrière, Centre, France, Europe",,12000000,USD,2021-04-28,https://www.sos-accessoire.com,SOS Accessoire is an e-commerce site specialized in the sale of spare parts for all types of household appliances.,"ETF Partners, Quadia, Seed for Good, Starquest Capital","Consumer Goods, E-Commerce, Retail",
Eyevensys,"Paris, Ile-de-France, France, Europe",Series B,12000000,USD,2021-08-09,http://www.eyevensys.com,Eyevensys creates ophthalmic therapeutic bio factories to sustainably treat major eye diseases.,Korea Investment Partners,"Biotechnology, Medical Device, Therapeutics",
365talents,"Lyon, Rhone-Alpes, France, Europe",Series A,12000000,USD,2021-11-23,http://www.365talents.com,365talents provides talent management strategy services.,"Alliance Entreprendre, Axeleo Capital, Citizen Capital, IXO Private Equity, Ventech","Artificial Intelligence (AI), Human Resources, Management Information Systems, SaaS, Skill Assessment, Software",
Smart Kitchen,"Paris, Ile-de-France, France, Europe",,10000000,EUR,2021-04-14,https://www.originalfoodcourt.com/,Smart Kitchen is a premium digital kitchen network.,Groupe BMF,Restaurants,
Smartway,"Nantes, Pays de la Loire, France, Europe",Series A,10000000,EUR,2021-04-07,https://smartway.ai/en/,IA powered Food Waste Management System to reduce waste in supermarkets,"Carvest Crédit Agricole Régions Investissement, Evolem Start, Holnest, IDIA Capital Investissement, Supernova Invest, Unexo",Software,
Farmitoo,"Paris, Ile-de-France, France, Europe",Series A,10000000,EUR,2021-07-12,https://www.farmitoo.com/fr/,Farmitoo is an online purchase of farm equipment directly from manufacturers.,"Bpifrance, Fonds Ambition Amorçage Angels, IXO Private Equity, Ventech","Agriculture, E-Commerce, Farming, Machinery Manufacturing, Manufacturing",
900.care,"Paris, Ile-de-France, France, Europe",Seed,10000000,EUR,2021-06-30,https://900.care/,900.care provides refillable bathroom products that are better for you and the planet,"360 Capital, Anne-Carole Coen, Blue Impact Ventures, Founders Future, Lawrence Leuschner, Thibault Lamarque, White Star Capital","Consumer Goods, Personal Health",
Groupe Xerfi,"Paris, Ile-de-France, France, Europe",Growth Equity,10000000,EUR,2021-07-08,http://www.xerfi.com/,"Groupe Xerfi is in France the first private institute of economic studies, totally independent.",NextStage,"Market Research, News, Social Media",
Monisnap,"Paris, Ile-de-France, France, Europe",Series A,10000000,EUR,2021-07-01,https://www.monisnap.com/fr/,Monisnap is a French-based fintech providing remittance services.,"Evolem Start, Serena, Truffle Capital",FinTech,
MisterFly,"Paris, Ile-de-France, France, Europe",,10000000,EUR,2021-07-26,https://www.misterfly.com/,MisterFly is an online travel agency for reservation.,"Bpifrance, IRIS, Montefiore Investment","Air Transportation, E-Commerce, Reservations, Tourism, Travel",
Wefight,"Paris, Ile-de-France, France, Europe",Series A,10000000,EUR,2021-09-14,https://wefight.co/,Wefight is a brand operating in the online gambling and lottery industry.,"Digital Health Ventures, Impactivist","Gambling, Gaming, Online Games",
MyTraffic,"Paris, Ile-de-France, France, Europe",Series A,10000000,EUR,2021-09-23,https://www.mytraffic.io,MyTraffic software development company that offers vehicle traffic data accessible and physical network services.,"Alven, Kernel","Big Data, Predictive Analytics, Real Estate, Retail Technology, Software",
360 medics,"Lyon, Rhone-Alpes, France, Europe",,10000000,EUR,2021-11-03,https://360medics.com,360 medics is a healthcare company that develops an informative digital application for medical and healthcare professionals.,"Impact Partners Nordic, Relyens","Health Care, Information Technology, Medical",
Ombrea,"Aix-en-provence, Provence-Alpes-Cote d'Azur, France, Europe",,10000000,EUR,2021-09-29,https://www.ombrea.fr/home,Ombrea is an environmental company that designs shade house systems for agricultural crops.,"CMA CGM, Mirova, Région Sud Investissement","Construction, Environmental Engineering, Mechanical Engineering",
Mila,"Puteaux, Ile-de-France, France, Europe",Seed,10000000,EUR,2021-10-29,https://www.mila.care/,Mila is an insurer specializing in real estate.,BREEGA,"Commercial Insurance, Insurance, InsurTech, Property Insurance",
Little Cigogne,"Paris, Ile-de-France, France, Europe",,10000000,EUR,2021-11-26,https://www.littlecigogne.com/,Little Cigogne is reinvents the shopping experience for children.,"SPiCE VC, UL Ventures","Fashion, Shopping",
ITK,"Clapiers, Languedoc-Roussillon, France, Europe",,10000000,EUR,2021-12-06,http://www.itk.fr/,"ITK is specialized in Artificial Intelligence (Mecanistical Modelling, Symbolic AI and ML) applied to Agriculture (crops and animal).","Banque Populaire du Sud, BNP Paribas Développement, EDF Pulse Croissance, Starquest Capital","Agriculture, AgTech, Artificial Intelligence (AI), Information Technology, Machine Learning, Software",
La Casa,"Paris, Ile-de-France, France, Europe",,10000000,EUR,2021-11-22,https://lacasa.io/,La Casa is a property management company that offers shared accommodation services for coliving.,"Abarines Invest, Victor Augais","Assisted Living, Property Management, Real Estate",
Zelros,"Paris, Ile-de-France, France, Europe",Series A,11000000,USD,2021-02-24,http://www.zelros.com/,Zelros is an end-to-end AI business platform that integrate standard scenarios for sales & claims.,"42CAP, astorya.vc, Benhamou Global Ventures, Hi Inov - Dentressangle, Isai, Plug and Play","Artificial Intelligence (AI), InsurTech, Machine Learning",
Wakeo,"Paris, Ile-de-France, France, Europe",Series A,11000000,USD,2021-10-19,http://wakeo.co,Wakeo provides a Saas platform to bring real time visibility on B2B transport flows.,"360 Capital, Promus Ventures","Freight Service, Internet of Things, Logistics, Machine Learning, SaaS, Shipping, Supply Chain Management, Transportation",
Zaion,"Paris, Ile-de-France, France, Europe",Series A,9000000,EUR,2021-05-26,https://zaion.ai,Zaion is a conversational and voice AI technology platform that supports customer relationships in the insurance and healthcare sectors.,"Bpifrance, Fortino Capital, La France Mutualiste, PRO BTP, Truffle Capital","Artificial Intelligence (AI), Information Services, Information Technology, Natural Language Processing, SaaS, Software",
Gravitee,"Lille, Nord-Pas-de-Calais, France, Europe",Series A,9300000,EUR,2021-07-21,https://gravitee.io,"Gravitee is an API management platform that provides tools for API design, access, management, deployment, and security.","AlbionVC, Oxx","Developer APIs, Information Technology, SaaS, Software",
AQEMIA,"Paris, Ile-de-France, France, Europe",Series A,9000000,EUR,2021-05-01,http://www.aqemia.com,"Aqemia accelerates drug discovery using quantum physics and AI, generating novel drug candidates without experimental data.","Elaia, Eurazeo","Artificial Intelligence (AI), Biotechnology, Life Science, Machine Learning, Pharmaceutical",
Saqara,"Paris, Ile-de-France, France, Europe",Series A,9000000,EUR,2021-09-20,https://saqara.com/,Saqara is a digital construction and infrastructure bid management platform.,"Activum, Concrete Venture Capital, Leigh Jasper, noa, The Caisse des Dépôts","Information Technology, Software",
Scalinx,"Paris, Ile-de-France, France, Europe",Series A,10500000,USD,2021-02-03,https://www.scalinx.com/,Scalinx operates as a semiconductor company that designs and industrializes chips for converting the analog electrical signal.,"BNP Paribas Développement, Caisse d’Epargne, NCI Waterstart, Normandie Participations, Unexo","Manufacturing, Product Design, Semiconductor, Wholesale",
PeopleSpheres,"Montpellier, Languedoc-Roussillon, France, Europe",,8500000,EUR,2021-04-22,https://peoplespheres.com/,"PeopleSpheres is to bringing you the future of HR NOW, through their best-in-class HR Platform as a Services (PaaS).","IRDI, Omnes Capital, Swen Capital Partners, UL Invest","Human Resources, Marketplace, PaaS, SaaS, Software",
Zéro-Gâchis,"Nantes, Pays de la Loire, France, Europe",,8500000,EUR,2021-04-07,http://zero-gachis.com,Zéro-Gâchis is an innovative service to save money and avoid food waste during your shopping,"Evolem Start, Holnest, IDIA Capital Investissement, Supernova Invest, Unexo","Communities, E-Commerce, Food and Beverage",
Klub,"Paris, Ile-de-France, France, Europe",Seed,8300000,EUR,2021-05-10,https://klub.ki/,Klub operates as a private wealth and private services platform.,"Alexandre Yazdi, Amnis Ventures, BlackDragon, Cyril Paglino, Guillaume Lestrade, Moonwhale Ventures, Owen Simonin, Ron Stolero, Tariq Krim","Finance, Financial Services, Impact Investing",
Micropep Technologies,"Ramonville-saint-agne, Midi-Pyrenees, France, Europe",Series A,8500000,EUR,2021-07-08,http://micro-pep.com/,Micropep Technologies is a biotech company that focused on biological alternatives to agrochemicals.,"FMC Ventures, IRDI, Sofinnova Partners, Supernova Invest","Agriculture, Biotechnology, Chemical, Lead Generation",
Simundia,"Paris, Ile-de-France, France, Europe",,10000000,USD,2021-10-12,https://www.simundia.com/en/,Simundia is a provider of digital coaching platform for a personalized development experience.,"AVP, Educapital, Fabrice Grinda, FJ Labs, Impact USA","Education, Human Resources, Training",
SheeldMarket,"Paris, Ile-de-France, France, Europe",Series A,10000000,USD,2021-10-12,https://sheeldmarket.com/,SheeldMarket is a cryptocurrency trading platform intended to keep the positions of the market participants hidden.,"Alexis Bonillo, Atomico, Axeleo Capital, Draper Dragon, Semantic Ventures","Cryptocurrency, Finance, Financial Services, FinTech",
protera,"Neuilly-sur-seine, Ile-de-France, France, Europe",Series A,10000000,USD,2021-07-28,https://www.proterabio.com,Protera is a biotechnology company that produce protein-based food ingredients.,"Grupo Bimbo, ICL Group, Sofinnova Partners, SOSV","Biotechnology, Food and Beverage, Product Research",
GOURMEY,"Paris, Ile-de-France, France, Europe",Seed,10000000,USD,2021-07-14,https://gourmey.com,We create sustainable cultivated meat delights for an uncompromising and conscious generation.,"Air Street Capital, Ataraxia, Beyond Investing, Big Idea Ventures, Bpifrance, European Commission, Eutopia VC, Heartcore Capital, Partech, Point Nine, Social Starts, Sylvain Zimmer","Alternative Protein, Food and Beverage, Life Science",
FAIRMAT,"Paris, Ile-de-France, France, Europe",Seed,10000000,USD,2021-09-28,https://fairmat.tech,"Recycling Carbon Fiber Composite to produce a strong, light and ecological material with advanced technical grades",Singular,"Advanced Materials, Automotive, CleanTech, Consumer Electronics, Leisure, Manufacturing, Recycling, Sports",
C12 Quantum Electronics,"Paris, Ile-de-France, France, Europe",Seed,10000000,USD,2021-06-08,https://www.c12qe.com/,C12 Quantum Electronics develop reliable quantum processors with carbon nanotubes.,"360 Capital, Airbus Ventures, BNP Paribas Développement, Bpifrance, Octave Klaba, Rand Hindi","Machine Learning, Nanotechnology, Product Design, Quantum Computing, Semiconductor",
BellyButton,"Serris, Ile-de-France, France, Europe",Series A,10000000,USD,2021-11-14,https://bellybutton-group.com,Bellybutton is a digital advertising service that plans and manages influencer marketing campaigns for brands.,,"Advertising, Digital Marketing, Marketing",
Alstom,"Saint-ouen, Ile-de-France, France, Europe",,10000000,USD,2021-12-01,https://www.alstom.com/,"Alstom is a global leader in the world of power generation, power transmission, and rail infrastructure.",Rural Development Partners,"Energy Efficiency, Infrastructure, Transportation",
Jus Mundi,"Paris, Ile-de-France, France, Europe",Series A,8500000,EUR,2021-09-21,https://jusmundi.com/,Jus Mundi is the search engine for international and arbitration,"Acequia Capital (AceCap), C4 Ventures, Elkstone Capital Partners, Financiere Saint James, FJ Labs, Holnest, INSEAD Business Angels Alumni France, Seed4Soft","Artificial Intelligence (AI), Internet, Legal, Legal Tech, Software",
ALEIA,"Paris, Ile-de-France, France, Europe",Seed,8000000,EUR,2021-01-01,https://www.aleia.com/,ALEIA is an IT firm that offers a platform to assist individuals with AI-related projects.,"Bpifrance, Charles Beigbeder, George Godula, Raphael Auphan","Artificial Intelligence (AI), Information Services, Information Technology",
Arianee,"Paris, Ile-de-France, France, Europe",Seed,8000000,EUR,2021-03-11,https://www.arianee.org/,"The first perpetual, anonymous, and trusted record of global assets.","Bpifrance, Clément Buyse, Cygni Capital, Isai, Jonathan Benhamou, Jonathan Cherki, NOIA Capital, Thibaud Elziere","Blockchain, Cryptocurrency, Fashion, Information Technology",
Beam,"Paris, Ile-de-France, France, Europe",Series A,9500000,USD,2021-02-03,https://beamapp.co/,Beam is a software startup that collects their thoughts and experience through the Internet.,"Albert Wenger, Alven, C4 Ventures, Christian Reber, Harry Stebbings, Pace Capital, Spark Capital, Tapestry VC","Internet, Software, Web Browsers, Web Development",
Instant System,"Biot, Provence-Alpes-Cote d'Azur, France, Europe",Series A,8000000,EUR,2021-03-23,http://www.instant-system.com/,Instant System is a software company that provides multimodal transport solutions.,"Demeter, Opera Tech Ventures","Enterprise Software, Information Technology, Transportation",
Colizey,"Paris, Ile-de-France, France, Europe",Series A,8000000,EUR,2021-09-15,https://colizey.fr,Colizey is an online marketplace dedicated to sporting goods.,"Aglaé Ventures, CASSIUS, Cathay Innovation, Teddy Riner, Tony Parker","E-Commerce, Marketplace, Sporting Goods",
iDGARAGES.com,"Arcueil, Ile-de-France, France, Europe",,8000000,EUR,2021-10-27,https://www.idgarages.com/,iDGARAGES.com is an online marketplace that connects motorists and garages.,"Banque des Territoires, Parts Holding Europe","Automotive, E-Commerce, Service Industry",
SESAMm,"Paris, Ile-de-France, France, Europe",Series B,7500000,EUR,2021-01-28,https://www.sesamm.com/,SESAMm is a fintech company that specializes in big data and artificial intelligence for investment.,"Angelsquare, Banques Populaires, Bpifrance, Caisse d’Epargne, Havenrock, NewAlpha Asset Management VC, The Carlyle Group","Analytics, Artificial Intelligence (AI), Asset Management, Data Visualization, Finance, FinTech, Impact Investing, Machine Learning, Predictive Analytics, Sustainability",
Milvue,"Paris, Ile-de-France, France, Europe",Series A,8000000,EUR,2021-12-15,https://milvue.com,Milvue is an AI-based software solution provider company.,,"Artificial Intelligence (AI), Information Technology, Software",
MiiMOSA,"Paris, Ile-de-France, France, Europe",,7500000,EUR,2021-03-18,https://www.miimosa.com,MiiMOSA operates a crowd funding platform dedicated to agriculture and food.,"Alter Equity 3P, Astanor Ventures, FAMM, Invivo Capital Partners, PhiTrust Impact Investors, Quadia, The Daniel and Nina Carasso Foundation","Agriculture, Food and Beverage, Internet",
Les Opticiens Mobiles,"Lyon, Rhone-Alpes, France, Europe",Series B,7500000,EUR,2021-04-07,https://www.lesopticiensmobiles.com/,Access visual health directly where you live and work !,"123 Investment Managers, Amundi Private Equity Funds, Evolem Start, Impactivist","Eyewear, Retail",
iFollow,"Gentilly, Ile-de-France, France, Europe",Series A,7500000,EUR,2021-11-02,https://www.ifollow.fr/,iFollow develops collaborative autonomous robots for the logistics industry and the retail industry.,"Axeleo Capital, Bpifrance, Socadif, Supernova Invest, WaterStart Capital","Logistics, Robotics, Software",
Rediv,"Bayonne, Aquitaine, France, Europe",Series A,6060000,GBP,2021-05-19,https://rediv.com/en,Rediv is a leading european online shop to buy and sell like-new kids' clothing.,"Colam Impact, Creas, Quadia, Volta Circle","E-Commerce, Fashion, Retail, Shopping",
W & nergy,"Saint-nolff, Bretagne, France, Europe",Seed,7000000,EUR,2021-02-22,,W & nergy is a France company engages in pyrogasification business.,Eiffel Investment Group,"Energy, Renewable Energy",
Adionics,"Thiais, Ile-de-France, France, Europe",Series A,7000000,EUR,2021-06-03,http://www.adionics.com/en,"Adionics provides ionic solutions for salt separations, lithium, and iodide extractions.","Bpifrance, Celeste Management, Flavien Kulawik, Supernova Invest","Environmental Engineering, Mining, Water Purification",
Kitch'n Box,"Saint-ouen, Ile-de-France, France, Europe",Series A,7000000,EUR,2021-05-12,https://www.kitchnbox.fr/,Créateur d’espaces aménagés et de services optimisés pour les acteurs de la restauration et de la FoodTech,Elevation Capital Partners,"Food and Beverage, Property Development, Rental",
Jungle France,"Épaux-bézu, Picardie, France, Europe",,7000000,EUR,2021-03-22,https://www.jungle.bio/old-home,Jungle France is an AgTech company that engages in vertical farming and hydroponics.,"Alain Dinin, Antler, Christian de Labriffe, Demeter Partners, Founders Future, Serge Papin","AgTech, Farming, Food Processing, Hydroponics",
UroMems,"Grenoble, Rhone-Alpes, France, Europe",Series B,7000000,EUR,2021-04-06,http://uromems.com/,UroMems is an innovative medtech company.,"Arbevel, b2venture, Bpifrance, Hil-Invent, Supernova Invest, Wellington Partners","Health Care, Medical, Medical Device",
Modjo,"Paris, Ile-de-France, France, Europe",Series A,7000000,EUR,2021-09-01,https://www.modjo.ai/,Modjo is a conversation Intelligence platform that captures and analyzes customer interaction then delivers insights at scale.,"Daphni, Financiere Saint James","Analytics, SaaS, Software",
Opencell Software,"Dijon, Bourgogne, France, Europe",Series A,6800000,EUR,2021-01-25,https://opencellsoft.com/,Opencell is an agile monetization platform that lets you manage your customer lifecycle from start to finish on a single platform.,"Alliance Entreprendre, Cap Innov'Est, Seventure Partners","Billing, Enterprise Software, Information Technology, Software",
Regate,"Paris, Ile-de-France, France, Europe",Seed,7000000,EUR,2021-04-04,https://regate.io/,Regate develops a SaaS platform designed to streamline accounting and financial operations.,"Financiere Saint James, Thomas Rebaud","Accounting, Finance, Financial Services, FinTech, Payments",
Tilak Healthcare,"Paris, Ile-de-France, France, Europe",Series A,7000000,EUR,2021-10-28,http://www.tilakhealthcare.com/,Tilak build a series of fun medical games to change the way we monitor chronic diseases.,"Elaia, iBionext, Matmut Innovation, Swen Capital Partners","Gaming, Health Care, Medical, Medical Device",
Beem Energy,"Nantes, Pays de la Loire, France, Europe",Series A,7000000,EUR,2021-10-18,https://beemenergy.fr/,Beem Energy is a manufacturer of home energy efficiency and energy management systems such as solar kits.,"360 Capital, Alter Equity 3P, BNP Paribas Développement, Bpifrance, David Sloo","Consumer Electronics, Energy, Manufacturing, Solar",
YESITIS,"Clermont-ferrand, Auvergne, France, Europe",,7000000,EUR,2021-11-01,http://www.yesitis.fr,"Yes It Is solutions, YESITIS give secure digital “identities” to physical objects.","Crédit Agricole, UI Investissement","Artificial Intelligence (AI), Big Data, Information Technology, Internet",
MyTower,"Paris, Ile-de-France, France, Europe",,7000000,EUR,2021-10-05,https://mytower.co,MyTower is a publisher of TMS (Transport Management System) and GTM (Global Trade Management) platforms and software for shippers.,Reflexion Capital,"Logistics, Software, Supply Chain Management",
Rarecells,"Paris, Ile-de-France, France, Europe",Series A,8000000,USD,2021-07-22,https://www.rarecells.com,Rarecells Inc. is a healthcare company focused on the development and commercialization of non-invasive Early Cancer Detection tests.,"AA Sons, Globivest","Biotechnology, Health Care",
Collective,"Paris, Ile-de-France, France, Europe",Seed,8000000,USD,2021-12-09,https://www.collective.work/,"Collective.work is the first professional network built for freelancers, offering professional recruiters AI-powered sourcing tools.","Background Capital, Blossom Capital, Kima Ventures, Saturnin Pugnet","B2B, Marketplace, SaaS",
NewHeat,"Bègles, Aquitaine, France, Europe",,7000000,EUR,2021-11-30,http://newheat.fr/,NewHeat owns and operates solar heat plants.,Bpifrance,"Machinery Manufacturing, Solar",
MYRE,"Paris, Ile-de-France, France, Europe",Series A,7000000,EUR,2021-12-01,https://www.getmyre.com/,"MYRE is a secure, collaborative, SaaS platform for Asset management in Commercial Real Estate.","Groupe TERROT, Jean Peyrelevade, Naxicap Partners, NewAlpha Asset Management VC","Financial Services, FinTech, Information Technology, Real Estate, SaaS",
Easiware,"Paris, Ile-de-France, France, Europe",Growth Equity,7000000,EUR,2021-12-05,https://www.easiware.com,Easiware is a multi-channel application processing software to enhance customer knowledge.,Ardian,"CRM, Customer Service, E-Learning, SaaS, Software, Training",508636537
Pyxo,"Paris, Ile-de-France, France, Europe",Seed,7000000,EUR,2021-11-25,https://pyxo.co/,Pyxo replace disposable packaging of food through a network of reusable containers.,"AFI Ventures, Eurazeo, Evolem Start, Five Seasons Ventures","CleanTech, Recycling, Sustainability, Waste Management",
Les Raffineurs,"Paris, Ile-de-France, France, Europe",,6500000,EUR,2021-10-07,https://www.lesraffineurs.com,"LesRaffineurs, Online and in stores, They offer a selection of items to savor and experiences to enjoy.",Generis Capital Partners,"E-Commerce, Gift, Retail",
dydu,"Paris, Ile-de-France, France, Europe",Seed,6300000,EUR,2021-03-15,http://www.dydu.ai,"Dydu edits a software to create and easily manage conversation robots : chatbot, callbot & voicebot.","Crédit Agricole, Entrepreneur Invest","Artificial Intelligence (AI), Chatbot, Enterprise Software, Information Technology, Machine Learning, Software",
Fintecture,"Saint-mandé, Ile-de-France, France, Europe",Seed,6200000,EUR,2021-05-04,https://www.fintecture.com/,Pioneering next-gen B2B payment platform. Fintecture is a licensed payment institution (ACPR-17248),"HEC Ventures, RTP Global, Samaipata, Target Global","B2B, Financial Services, FinTech, Payments",
1Kubator,"Lyon, Rhone-Alpes, France, Europe",,6000000,EUR,2021-01-07,https://www.1kubator.com/,"1Kubator offers training, incubation programs, acceleration programs and open innovation offers.","Banque Populaire RhÃ'ne Alpes, BNP Paribas, BNP Paribas Cardif, Bpifrance, Caisse d’Epargne, Grand Sud Ouest Capital","Financial Services, FinTech, Incubators",
Hosman,"Paris, Ile-de-France, France, Europe",,6000000,EUR,2021-05-21,https://www.hosman.co/,Hosman is a real estate platform which facilitates the sale of residential properties by connecting property owners with buyers,"Andreas Wiele, LBO France, NCI Waterstart, UL Invest",Internet,
Mansa,"Paris, Ile-de-France, France, Europe",Series A,6000000,EUR,2021-03-01,http://getmansa.com/,Mansa allows freelancers and gig workers borrow money with fair pricing and a genuine user experience.,"AA Sons, Anthemis, Didier Valet, Founders Future, Laurent Ritter, Mathieu Laine, Purple, Romain Afflelou, Yannick Bollore","FinTech, Lending, Software",
Cajoo,"Paris, Ile-de-France, France, Europe",Seed,6000000,EUR,2021-02-04,https://www.cajoo.eu/,Cajoo is the French Q-commerce company that delivers groceries to your door in minutes,"Frst, XAnge","Delivery, Delivery Service, E-Commerce, Grocery, Retail, Same Day Delivery",
GLIMPS,"Cesson-sévigné, Bretagne, France, Europe",Series A,6000000,EUR,2021-04-13,https://www.glimps.fr/,GLIMPS is a developer of artificial intelligence-powered cyber security software that identifies malware and threats.,"Ace Capital Partners, Breizh Up, Sofimac Innovation","Artificial Intelligence (AI), Cyber Security, Network Security, Software",
PowerZ,"Paris, Ile-de-France, France, Europe",,6000000,EUR,2021-07-08,https://powerz.tech/,PowerZ is a video game that allows all children of the world to learn. To understand. To find their interests and develop their abilities.,"Bayard Capital, Binder & Partners Ventures, Bpifrance, Educapital, Financiere Saint James, Hachette Livre, Michael Benabou, Pierre Kosciusko-Morizet, Raise Ventures","Gaming, Video Games",
Otoqi,"Paris, Ile-de-France, France, Europe",Series A,6000000,EUR,2021-07-15,https://www.otoqi.com/en,Otoqi is a vehicle delivery platform that develops connected services and logistics solutions for automotive professionals.,"Aster, Seventure Partners, Verve Ventures","Automotive, Delivery, Industrial",
GreenBig,"Puteaux, Ile-de-France, France, Europe",,6000000,EUR,2021-07-26,https://www.b-bot.com/,GreenBig manufactures plastic bottles from recycled or petroleum-based materials.,Normandie Participations,Manufacturing,
DataHawk Technologies,"Paris, Ile-de-France, France, Europe",Series A,6000000,EUR,2021-09-23,https://datahawk.co,"DataHawk is a SaaS eCommerce Business Management Platform for Brands, Retailers, and Agencies.","Axeleo Capital, Bleu Capital, Christophe Chausson, Frenchfounders, Hi Inov - Dentressangle, Leon Seynave, Spring Invest","Analytics, Artificial Intelligence (AI), B2B, E-Commerce, Marketing, Marketing Automation, SaaS, SEM, SEO, Software",
IPaidThat,"Paris, Ile-de-France, France, Europe",,6000000,EUR,2021-09-27,https://ipaidthat.io/en/,"IPaidThat automatically imports the invoices you receive, and compare them with your bank transactions.","Adelie, Bpifrance, Truffle Capital",Blockchain,
Karos,"Paris, Ile-de-France, France, Europe",Series B,7000000,USD,2021-03-09,http://www.karos.fr/,"Karos transform available car seats into public transport networks, leveraging AI and mobile technologies.","Aster, European Commission, European Innovation Council, Macif Innovation","Artificial Intelligence (AI), Machine Learning, Mobile Apps, Ride Sharing",
AcuSurgical,"Montpellier, Languedoc-Roussillon, France, Europe",Series A,5750000,EUR,2021-02-18,https://acusurgical.com/,AcuSurgical is a company focused on robotic microsurgery.,"IRDI, Mérieux Equity Partners, Sofimac Innovation, Supernova Invest","Health Care, Medical Device",
MEXBRAIN,"Fontaines-saint-martin, Rhone-Alpes, France, Europe",Series A,5750000,EUR,2021-05-06,http://mexbrain.com/,MexBrain is a biotechnology company based on extracting metals from the human body.,Arbevel,Biotechnology,
Elevo,"Paris, Ile-de-France, France, Europe",Series A,6000000,EUR,2021-10-07,http://www.elevo.fr,Elevo is a Paris-based performance management platform.,"Chausson Finance, Elaia, Julien Codorniou","Human Resources, Software",
Kili Technology,"Paris, Ile-de-France, France, Europe",Seed,5700000,EUR,2021-01-26,https://kili-technology.com/,"Kili Technology enables large companies to transform their raw data into high-quality annotated data, ready for AI-driven projects.","Financiere Saint James, Gus Robertson, Headline, Olivier Pomel, Serena, Stanislas de Bentzmann","Analytics, Artificial Intelligence (AI), Computer, Machine Learning, Software",
Groover,"Paris, Ile-de-France, France, Europe",,6000000,EUR,2021-11-04,https://groover.co,Groover is an innovative platform reinventing music promotion by guaranteeing feedbacks to musicians from relevant music influencers.,"Bpifrance, Frenchfounders, Partech, Verve Ventures","Independent Music, Media and Entertainment, Music, Online Portals, Software",
Addworking,"Paris, Ile-de-France, France, Europe",Series B,6000000,EUR,2021-10-06,http://www.addworking.com/,Addworking handles the management of freelancers and service providers in companies via its Cost and Risk management platform.,"Club Holnest., Edenred Capital Partners, IXO Private Equity, Seed4Soft","Freelance, Risk Management, SaaS, Software",
PKVitality,"Paris, Ile-de-France, France, Europe",Series A,6002000,EUR,2021-12-31,https://www.pkvitality.com,PKVitality is a bio-wearable company that develops smartwatches to monitor glucose.,"Beurer, Business Angels, EIT Health, European Innovation Council, Mtec Holding Gmbh","Consumer Electronics, Health Care, Medical Device",
Kinvent,"Montpellier, Languedoc-Roussillon, France, Europe",Series A,6000000,EUR,2021-12-04,http://www.k-invent.com,Assessment and training technologies in rehabilitation and sports biomechanics producing innovative measuring and medical device,"Bpifrance, Les Business Angels des Grandes Écoles, Raphaël Varane, Sofilaro, Uni.Fund","Big Data, Bioinformatics, Biometrics, Electronic Health Record (EHR), Home Health Care, Personal Health, Rehabilitation, Sports, Therapeutics",
Végétalement Provence,"Saint-rémy-de-provence, Provence-Alpes-Cote d'Azur, France, Europe",,6000000,EUR,2021-12-18,https://vegetalement.com/en/,Végétalement Provence develops plant-based cosmetics for beauty professionals.,"BNP Paribas, Connect Pro, Etoile ID, Région Sud Investissement","Beauty, Cosmetics, Wellness",
MY UNISOFT,"Massy, Ile-de-France, France, Europe",,5800000,EUR,2021-10-27,https://www.myunisoft.fr,MyUnisoft is a structured accounting firm.,Drakarys,Software,
dessIA,"Paris, Ile-de-France, France, Europe",Series A,5500000,EUR,2021-05-11,https://www.dessia.io/,DessIA is a software designing company that uses artificial intelligence technology.,"Bpifrance, GO CAPITAL, Matterwave Ventures, Supernova Invest","Artificial Intelligence (AI), Software",
Deepomatic,"Paris, Ile-de-France, France, Europe",Series A,5500000,EUR,2021-03-02,http://www.deepomatic.com,Deepomatic is a visual automation platform that helps organizations and businesses with computer vision applications.,"Alven, Bertrand Diard, Hi Inov - Dentressangle, Octave Klaba, Swisscom Ventures","Artificial Intelligence (AI), Computer Vision, Image Recognition, Information Technology, Software",
Tekyn,"Paris, Ile-de-France, France, Europe",Series A,5500000,EUR,2021-03-09,https://tekyn.com/en/#menu,Tekyn is a designer and manufacturer of on demand fashion textiles.,"Bpifrance, Otium Capital","Fashion, Manufacturing, Robotics, Textiles",
Fleurs d'ici,"Paris, Ile-de-France, France, Europe",Seed,5500000,EUR,2021-07-12,https://www.fleursdici.fr,"Fleurs d'Ici is a brand of local and seasonal flowers that provides flowers for events, decoration, and more.",KIMPA,"Art, Flowers, Horticulture",
Ascendance,"Toulouse, Midi-Pyrenees, France, Europe",Seed,5400000,EUR,2021-09-15,https://www.ascendance-ft.com,Ascendance is an aviation company decarbonizing air transport with electric propulsion technology.,"AA Sons, Celeste Management, Habert Dassault Finance, IRDI, Kima Ventures, M Capital Partners","Aerospace, Air Transportation, CleanTech, Drones, Hardware, Transportation",
LETUS Private Office,"Paris, Ile-de-France, France, Europe",,5500000,EUR,2021-10-01,http://letusprivateoffice.com/,LETUS Private Office offers wealth management services such as private banking for ultra high net worth clients and entrepreneurs.,"Romain Niccoli, Thierry Gillier, Tikehau Capital","Finance, Financial Services, Personal Finance",
Cala,"Paris, Ile-de-France, France, Europe",Seed,5500000,EUR,2021-10-06,http://eatcala.com/,"Cala is the first scalable restaurant platform, using software and robotics to make real food more accessible.","Acequia Capital (AceCap), BACKED VC, Kima Ventures, Manta Ray Ventures, Possible Ventures, Quiet Ventures",Restaurants,
SWEETCH Energy,"Lorient, Bretagne, France, Europe",,5200000,EUR,2021-04-13,http://www.sweetch-energy.com/,SWEETCH Energy is developing a breakthrough technology in the field of salinity gradient power harvesting.,"Ademe, Demeter, Dominique Gaillard, Fabio Ferrari, Future Positive Capital, GO CAPITAL","Consumer Goods, Energy, Home and Garden",
Getfluence,"Toulouse, Midi-Pyrenees, France, Europe",Series A,5000000,EUR,2021-01-12,https://getfluence.com,The Global Branded Content Marketplace,"Celeste Management, IRDI SORIDEC Gestion, Julien Lopizzo, Reflexion Capital","Ad Network, Advertising, Advertising Platforms, Digital Marketing, Digital Media, Generative AI, SEO",
Climbing District,"Paris, Ile-de-France, France, Europe",Series A,5000000,EUR,2021-05-27,http://www.climbingdistrict.com/,"Climbing District is a training spot for climbing, exercising, and going to the gym.",123 Investment Managers,"Communities, Sports, Training",
Skytech,"Bonnières-sur-seine, Basse-Normandie, France, Europe",,5000000,EUR,2021-01-13,https://www.skytechslp.com,Skytech provides innovative solutions and unique recovery services for plastics for the benefit of manufacturers.,Xerys,"Plastics and Rubber Manufacturing, Recycling, Waste Management",
Sis ID,"Lyon, Rhone-Alpes, France, Europe",Series A,5000000,EUR,2021-01-19,https://www.sis-id.com/,Sis ID's platform is the first community of financial departments that preserves transfer fraud.,"Aonia Ventures, Bpifrance, Opera Tech Ventures",Financial Services,
TokTokDoc,"Strasbourg, Alsace, France, Europe",Series A,5000000,EUR,2021-02-26,https://toktokdoc.com/,"TokTokDoc offers a telemedicine service adapted to medico-social, health  and ambulatory services in the city.","Banque des Territoires, Crédit Mutuel Arkéa, Macif, Swen Capital Partners, Vivalto Santé","Facilities Support Services, Health Care, Medical",
Vroomly,"Paris, Ile-de-France, France, Europe",Series A,5000000,EUR,2021-02-01,https://www.vroomly.com,Vroomly is the platform that reconciles you with garage owners!,Via ID,Automotive,
Ecodrop,"Paris, Ile-de-France, France, Europe",,5000000,EUR,2021-02-01,https://www.ecodrop.net/,Ecodrop is the solution for construction waste,"Amundi, Saint-Gobain, Turenne Capital","Real Estate, Software",
Stockly,"Paris, Ile-de-France, France, Europe",Seed,5100000,EUR,2021-03-24,https://stockly.fr/,Stockly helps farmers to rent their available storage space and individuals to store their leisure vehicles more serenely.,"Anatoly Yakovenko, Daphni, Idinvest Partners","Internet, Rental",
Stockly,"Paris, Ile-de-France, France, Europe",Seed,5100000,EUR,2021-03-24,https://www.stockly.ai/,The Global Inventory for Retail,"Daphni, Idinvest Partners","Cosmetics, E-Commerce, Fashion, Retail, Shoes",
Smile&Pay,"Paris, Ile-de-France, France, Europe",Series B,5000000,EUR,2021-02-17,https://www.smileandpay.com,Smile & Pay is born from a simple observation: the bank card is the preferred method of payment for French people.,"Evolem Start, Truffle Capital","Financial Services, FinTech, Payments",
Ermo,"Mayenne, Pays de la Loire, France, Europe",Growth Equity,5000000,EUR,2021-02-17,https://www.ermo-tech.com/en/,ERMO is a designer and manufacturer of high precision injection moulds for the plastics industry .,"BNP Paribas, Caisse d’Epargne, Crédit Agricole, Credit Mutuel, Siparex Groupe","Manufacturing, Plastics and Rubber Manufacturing",
Mon Petit Placement,"Écully, Rhone-Alpes, France, Europe",Seed,6000000,USD,2021-11-16,https://www.monpetitplacement.fr,exclusive access for everyone to the best investment products from world class asset managers,"Aonia Ventures, La French Tech, Mandalore Partners","Financial Services, FinTech, Wealth Management",
Dogami,"Paris, Ile-de-France, France, Europe",Seed,6000000,USD,2021-12-21,https://dogami.com,Dogami is a mass-market NFT play-to-earn game that is centered around 3D NFT dog avatars.,"Animoca Brands, Blockchain Founders Fund, Draper Goren Holm, Ubisoft, XAnge",Online Games,
HumanCraft,"Paris, Ile-de-France, France, Europe",,5000000,EUR,2021-03-04,https://www.humancraft.eu/,HumanCraft is a third party intellectual property buyer that connects customers with consulting firms.,ODYSSEE VENTURE,"Artificial Intelligence (AI), Business Development, Information Technology, SaaS",
FLEX-O,"Valbonne, Provence-Alpes-Cote d'Azur, France, Europe",Seed,5000000,EUR,2021-03-22,https://www.flex-o.fr/,FLEX-O is a provider of flexible and environmentally friendly workspaces.,Courtin Investment,Commercial Real Estate,
Edflex,"Paris, Ile-de-France, France, Europe",Series A,5000000,EUR,2021-06-24,https://www.edflex.com/,Edflex is a SaaS solution that connects companies with training content.,"Bpifrance, Crédit Mutuel Arkéa, MAIF Avenir, Nicolas Fritz","EdTech, Education, E-Learning, MOOC, Personal Development, SaaS, Training",
Resilience,"Paris, Ile-de-France, France, Europe",Seed,5000000,EUR,2021-03-15,https://resilience.care,Resilience provides remote patient care monitoring to help improve cancer patients' quality of life and overall survival.,"Charles Ferté, Eduardo Ronzano, Jean Charles Samuelian, Nathalie Balla, Philippe Dabi, Roxanne Varza, Singular, Thomas Clozel, Xavier Niel","Apps, Health Care, Oncology, Software",
SportEasy,"Paris, Ile-de-France, France, Europe",Series A,5000000,EUR,2021-06-21,https://www.sporteasy.net,SportEasy is an Online platform for managing amateur sports teams,Seventure Partners,"Analytics, Identity Management, Software, Sports",
Golem.ai,"Paris, Ile-de-France, France, Europe",Series A,5000000,EUR,2021-03-16,https://golem.ai/,Golem.ai is a natural language interpretation technology for developers.,"MAIF Avenir, OneRagtime","Artificial Intelligence (AI), Computer, Machine Learning, Natural Language Processing, Software",
Swoopin,"Paris, Ile-de-France, France, Europe",Seed,5000000,EUR,2021-08-01,http://swoopin.green,Swoopin is an impact technology company global provider of sustainable transportation and urban logistics services.,Hi Inov - Dentressangle,"Delivery, GreenTech, Information Technology, Last Mile Transportation, Logistics, Software, Sustainability",
Velco,"Nantes, Pays de la Loire, France, Europe",Series A,5000000,EUR,2021-03-24,https://velco.tech/en/,Velco accompanies professionals with its connectivity solutions for a safer and more reliable urban mobility,"Banque des Territoires, GO CAPITAL, Inventures SA, Pays de la Loire Participations, Siparex Groupe","Data Visualization, Electric Vehicle, Electronics, Predictive Analytics",
Upsideo,"Paris, Ile-de-France, France, Europe",,5000000,EUR,2021-07-26,http://www.upsideo.fr/,Upsideo is a software publishing company for finance professionals.,"Generis Capital Partners, Isatis Capital","Financial Services, Information Technology, Software",
Elistair,"Dardilly, Rhone-Alpes, France, Europe",Series B,5000000,EUR,2021-03-30,http://elistair.com/,The Tethered Drone Company.,"Omnes Capital, Starquest Capital","Drones, Law Enforcement, Public Safety, Robotics, Security",
Usense,"Boulogne-billancourt, Ile-de-France, France, Europe",Series A,5000000,EUR,2021-10-04,https://usense.healthcare,Usense is a Medtech company that enables precision measuring of health parameters usually analyzed in medical biology laboratories in urine.,,"Analytics, Health Care, Health Diagnostics, Medical, Medical Device",
Stage11,"Paris, Ile-de-France, France, Europe",Seed,5000000,EUR,2021-10-13,https://stage11.com/,Stage11 is a technology startup leveraging cutting-edge technology to reimagine music for the metaverse.,"Jonathan Belolo, Motier Ventures, Otium Capital","Media and Entertainment, Metaverse, Music",
Advizeo,"Paris, Ile-de-France, France, Europe",,5000000,EUR,2021-10-01,https://www.advizeo.io/,Advizeo offers energy management solutions and consulting services for communities and real estate agents.,"Bpifrance, Crédit Mutuel Equity","Energy, Environmental Consulting, Environmental Engineering",
Youdge,"Levallois-perret, Ile-de-France, France, Europe",Series A,5000000,EUR,2021-10-29,https://www.youdge.com/,Youdge is a digital neo-broker with a aim to make the consumer credit market clear and accessible.,"Banque des Territoires, Elevation Capital Partners, Habert Dassault Finance, IRIS Capital Investment, TDH Capital","Financial Services, FinTech",
Plum Kitchen,"Paris, Ile-de-France, France, Europe",Seed,5000000,EUR,2021-10-07,https://www.plum-kitchen.com/,Plum Kitchen is developing a high-end fully catered interior design services platform.,"Adrien Montfort, Firstminute Capital, Luke Sherwin, Partech","Furniture, Home Decor",
Rofim,"Marseille, Provence-Alpes-Cote d'Azur, France, Europe",Series A,5000000,EUR,2021-10-11,https://www.rofim.fr/,Rofim is a telemedicine platform which offers secure collaborative medical diagnostic services for healthcare professionals.,"Axeltim, Banque des Territoires, Orange Ventures, Région Sud Investissement","Health Care, Health Diagnostics, Medical, Telehealth",
Le Voice Lab,"Paris, Ile-de-France, France, Europe",Growth Equity,4700000,EUR,2021-05-26,http://www.levoicelab.org/,Le Voice Lab is a marketplace that unites the Fench and European actors of the voice industry.,BPI Capital Partners,"Apps, Information Technology, Marketplace, Software",
45-8 ENERGY,"Metz, Lorraine, France, Europe",Series A,4900000,EUR,2021-10-01,http://www.458energy.com/,45-8 ENERGY is exploring eco-friendly helium for uses in many industries.,"Bpifrance, Heling, TotalEnergies Ventures","Clean Energy, Energy, Mining, Precious Metals",
EverImmune,"Villejuif, Ile-de-France, France, Europe",Series A,5000000,EUR,2021-11-30,https://www.everimmune.com,EverImmune provides therapeutic tools related to cancer.,,"Biotechnology, Health Care",
Unlimitd,"Lille, Nord-Pas-de-Calais, France, Europe",Seed,5000000,EUR,2021-12-01,https://www.unlimitd.com,Funding for eCommerce,"Ilan ELBASE, Jordan Zeitoun, Michael Cohen, Michel de Guilhermier","Financial Services, FinTech",
Uavia,"Vitry-sur-seine, Ile-de-France, France, Europe",,5000000,EUR,2021-12-10,https://www.uavia.eu,Uavia enables industries to connect autonomous drones and robots to the cloud and deploy mobile robots at scale in a smart and secure way.,"Bpifrance, Cattleya Finance, Innovacom, UI Investissement","Artificial Intelligence (AI), Cloud Computing, Drone Management, Drones, Enterprise Software, Operating Systems, Software",
Upway,"Gennevilliers, Ile-de-France, France, Europe",Seed,5000000,EUR,2021-11-29,https://upway.fr,"Upway offers an online platform that offers refurbished electric bicycles, providing access to inspected, repaired and certified e-bikes.","Global Founders Capital, Julien Codorniou, Sequoia Capital, Transition","Consumer, E-Commerce, Marketplace, Sporting Goods",
Continuity,"Paris, Ile-de-France, France, Europe",Seed,5000000,EUR,2021-11-23,https://www.continuity-tech.ai/,"Continuity, uses AI to help insurances improve underwriting for SME’s.","Bpifrance, Elaia, Kamet","Artificial Intelligence (AI), Insurance, SaaS",
Sextant France & International,"Paris, Ile-de-France, France, Europe",Series A,5000000,EUR,2021-12-17,http://www.sextantfrance.fr,Sextant is a network of French estate agents offering properties for sale in the best corners of France.,"BNP Paribas, Bpifrance, Elevation Capital Partners, Inter Invest",Real Estate,
AISPRID,"Saint-malo, Bretagne, France, Europe",Seed,4600000,EUR,2021-06-01,https://aisprid.com/,AISPRID is a robotic company that manufactures autonomous robots for soft fruit picking.,"Breizh Up, Demeter, GO CAPITAL","AgTech, Farming, Manufacturing, Robotics",
Apneal,"Paris, Ile-de-France, France, Europe",Pre-Seed,4500000,EUR,2021-02-01,https://www.apneal.ai/,Apneal offers a mobile app that helps diagnose sleep apnea using a smartphone's sensor.,"Bpifrance, EIT Health","Apps, Health Care, Health Diagnostics, Medical Device, Mobile Apps",
Sunbooster,"Bordeaux, Aquitaine, France, Europe",,4700000,EUR,2021-12-06,https://www.sunbooster.fr/,"Sunbooster provides design, installation, consulting, engineering, maintenance, and other services related to solar energy products.","Altor, AQUITI Gestion, Expanso Capital","Energy, Professional Services, Renewable Energy, Solar",
Sharies,"Paris, Ile-de-France, France, Europe",Series A,4500000,EUR,2021-10-20,https://sharies.co,Sharies is a place to live and meet and has regular events.,,"Communities, Property Development, Property Management, Real Estate",
MoonBikes,"Saint-gervais-les-bains, Rhone-Alpes, France, Europe",Seed,4500000,EUR,2021-10-13,https://moonbikes.com,"MoonBikes manufactures innovative, zero-emission ultra-light electric snow vehicles.","NextStage, Trent Kososki, Vincent Gombault",Sports,
Genomines,"Paris, Ile-de-France, France, Europe",Seed,5200000,USD,2021-10-20,https://www.genomines.com/,Plant-based Mining Biotech,"David Helgason, Lowercarbon Capital, Nicolas Douay, Sake Bosch",Biotechnology,
HYPNO VR,"Strasbourg, Alsace, France, Europe",Series A,4500000,EUR,2021-12-07,http://hypnovr.io,"HypnoVR is a virtual reality software for anesthesia, treatment of pain and anxiety.","Akiles, Alsace création, Banque des Territoires, Bpifrance, Daniel Caille, Guillaume Richard, Theodorus III","Health Care, Medical, Medical Device, Software, Virtual Reality",
Sweep,"Montpellier, Languedoc-Roussillon, France, Europe",Seed,5000000,USD,2021-04-28,https://www.sweep.net,Sweep is a software company developing software for businesses to reduce their carbon emissions.,"2050, Adrian McDermott, La Famiglia, New Wave (VC), Nicolas Dessaigne","Environmental Engineering, Genetics, GreenTech, Software, Sustainability",
Sifflet,"Paris, Ile-de-France, France, Europe",Seed,5000000,USD,2021-11-01,https://www.siffletdata.com,Sifflet is a data stack observability platform that delivers actionable insights to data engineers and data consumers.,"Bessemer Venture Partners, Mangrove Capital Partners, Salomon Aiach","Analytics, Information Technology, SaaS, Software",
Rarecells,"Paris, Ile-de-France, France, Europe",Series A,5000000,USD,2021-12-09,https://www.rarecells.com,Rarecells Inc. is a healthcare company focused on the development and commercialization of non-invasive Early Cancer Detection tests.,,"Biotechnology, Health Care",
Dark,"Paris, Ile-de-France, France, Europe",Seed,5000000,USD,2021-12-16,https://www.dark-space.co/,Dark is a developer of tactical space platforms for collision avoidance and satellite neutralization.,"Eurazeo, Frst, Kima Ventures",Aerospace,
Ynsect,"Fontaine, Bourgogne, France, Europe",,4998000,USD,2021-07-01,https://www.ynsect.com/,Ynsect provides products and services that operate in the agro-food and environmental biotech industries.,OurCrowd,"Agriculture, AgTech, Animal Feed, Biotechnology, Farming",
Arkhn,"Paris, Ile-de-France, France, Europe",Series A,4000000,EUR,2021-05-17,https://arkhn.com/,Arkhn is a platform specialist in healthcare data interoperability.,"Bpifrance, European Commission, Kurma Partners, Newfund","Health Care, Information Technology",
OSS Ventures,"Paris, Ile-de-France, France, Europe",Series A,4000000,EUR,2021-01-01,https://www.oss.ventures,OSS is the startup studio of the manufacturing future,Tikehau Capital,"Manufacturing, Software, Venture Capital",
Mablink Bioscience,"Lyon, Rhone-Alpes, France, Europe",Seed,4000000,EUR,2021-04-27,https://www.mablink.com/,Mablink Bioscience is a biotechnology company.,"Crédit Agricole, Elaia, Fournier-Majoie, Pertinence Invest, Sham, Simba Santé","Biotechnology, Pharmaceutical",
CrowdSec,"Montrouge, Ile-de-France, France, Europe",Seed,4000000,EUR,2021-05-04,https://crowdsec.net,"CrowdSec is a participative IPS, using local IP behavior and community-driven IP reputation to protect Internet-exposed assets.",BREEGA,"Cloud Security, Cyber Security, Network Security, Open Source",
Cryptosense,"Paris, Ile-de-France, France, Europe",,4800000,USD,2021-05-13,http://cryptosense.com/,Cryptosense provides security software that allows to detect & correct vulnerabilities caused by misuse of cryptography in applications.,"Amadeus Capital Partners, Benhamou Global Ventures, Elaia","Cloud Security, Cyber Security, Security, Software",
Coinhouse,"Paris, Ile-de-France, France, Europe",Series A,4800000,USD,2021-02-10,https://www.coinhouse.com,Coinhouse is the leading French platform for providing investment and payment services in Bitcoin and tens of other crypto assets.,"ConSensys Ventures, Eric Larchevêque, Expon Capital, RAISE, SGH CAPITAL, UL Invest, XAnge","Banking, Bitcoin, Blockchain, Cryptocurrency, Financial Services, FinTech, Information Technology, Payments, Web3",
Zefir,"Paris, Ile-de-France, France, Europe",Seed,4000000,EUR,2021-04-14,https://www.zefir.fr/,"An all-in-one platform that allows people to sell or buy Real Estate in one simple, certain transaction.","Alexander Chesterman, Heartcore Capital, Kima Ventures, Stride.VC, Third Kind Venture Capital","Marketplace, Real Estate",
Poppins,"Paris, Ile-de-France, France, Europe",Seed,4000000,EUR,2021-03-16,https://www.poppins.io/,We digitize music therapy into engaging products for accessible technologies.,"BNP Paribas Développement, Bpifrance, Kurma Partners","EdTech, Health Care, Neuroscience, Software",
Djust,"Paris, Ile-de-France, France, Europe",Seed,4000000,EUR,2021-07-09,https://www.djust.io/,DJUST is a digital B2B e-commerce platform.,Elaia,"B2B, Cloud Infrastructure, CRM, E-Commerce",
Pili,"Toulouse, Midi-Pyrenees, France, Europe",,4000000,EUR,2021-03-29,http://www.pili.bio/,"PiLi biofabricates a sustainable alternative to create renewable inks to replace their toxic, non-biological, and non-recyclable versions.","Bpifrance, Elaia, French Recovery Plan, RebelBio, SOSV","Biotechnology, Chemical, Industrial, Renewable Energy",
Waysia,"Paris, Ile-de-France, France, Europe",Seed,4000000,EUR,2021-08-23,https://www.alorsfaim.com/,Waysia develops an application for ordering and delivering food.,"Cathay Innovation, Goodwater Capital, iFly.vc","Apps, E-Commerce, Food and Beverage, Retail",
Cleyrop,"Paris, Ile-de-France, France, Europe",Seed,4000000,EUR,2021-03-31,https://cleyrop.com,Cleyrop is a secure and sovereign platform for democratizing and industrializing data use.,,Big Data,
Moments Lab,"Boulogne-billancourt, Ile-de-France, France, Europe",Seed,4000000,EUR,2021-03-30,https://www.momentslab.com/,"Moments Lab develops AI technology for analyzing and organizing video content for media, sports, and brand organizations.","Bpifrance, Dominique Edelin, Elaia","Artificial Intelligence (AI), Content, Software, Video",
Ribonexus,"Paris, Ile-de-France, France, Europe",Seed,4000000,EUR,2021-09-27,https://ribonexus-project.com,Ribonexus is a biotech specializing in the development of new therapies to combat cancer disease.,"AdBio partners, Crédit Mutuel Innovation, Pierre Fabre","Biotechnology, Health Care, Medical, Pharmaceutical",
O'clock,"Paris, Ile-de-France, France, Europe",Seed,4000000,EUR,2021-10-19,https://oclock.io,"O'clock, an online school redefining remote education with real-time instruction in tech domains, prepares learners for digital sector jobs.","Educapital, Ring Capital","E-Learning, Internet, Training, Vocational Education",
Dashdoc,"Paris, Ile-de-France, France, Europe",Seed,4000000,EUR,2021-09-30,https://www.dashdoc.com,Dashdoc is transportation management software.,Isai,"Computer, Mobile Apps, Software, Transportation",
Lifeaz,"Paris, Ile-de-France, France, Europe",Seed,4000000,EUR,2021-10-29,https://lifeaz.fr,Lifeaz is a French start-up that aims to prevent cardiovascular risk and revolutionize the connected health.,"Mutuelles Impact, XAnge","Health Care, Personal Health, Wellness",
Naturopéra,"Boulogne-billancourt, Ile-de-France, France, Europe",,4000000,EUR,2021-10-06,http://www.naturopera.com/,"NATUROPERA rethinks and offers everyday products that protect people ,Protect humans by protecting their health.",Turenne Groupe,"Consumer Goods, Health Care, Medical",
i-Lunch,"Aubervilliers, Ile-de-France, France, Europe",Series A,4000000,EUR,2021-10-06,https://cantine.fraichecancan.com,"i-Lunch provides a delivery platform for balanced meals, connected to health data intended to create an ideal week's diet.","Banque des Territoires, Karista, Noveo","Food and Beverage, Food Delivery",
VelyVelo,"Arcueil, Ile-de-France, France, Europe",Seed,4000000,EUR,2021-11-15,https://en.velyvelo.com/,VelyVelo is an e-bike provider for last mile delivery players,Via ID,"Electric Vehicle, Leasing, Service Industry, Software",
FinStart,"Paris, Ile-de-France, France, Europe",Seed,4000000,EUR,2021-12-16,https://www.finstart.io,FinStart develops an online platform for searching freelancers from the finance and compliance industry.,Elevation Capital Partners,"Compliance, Employment, Finance, Financial Services, Freelance, Internet",
Aria,"Paris, Ile-de-France, France, Europe",Seed,4000000,EUR,2021-12-07,https://helloaria.eu,Aria is deferred payment infrastructure for b2b software.,"Arthur Waller, Kima Ventures, Michaël Diguet, Oleg Tscheltzoff, Otium Capital","Finance, Financial Services, FinTech",
MentorShow,"Paris, Ile-de-France, France, Europe",Seed,4500000,USD,2021-02-01,https://mentorshow.com,MentorShow is an online learning and training platform that offers video courses created and hosted by recognized experts in their field.,FJ Labs,"Advice, Education, Edutainment, E-Learning, Service Industry, Training",
Jump,"Paris, Ile-de-France, France, Europe",Seed,4500000,USD,2021-11-30,https://www.join-jump.com,Jump provides a secure environment for freelancers to work and allows them to optimize their remuneration.,"Andrew Nutter, Didier Valet, Index Ventures, Kima Ventures, Purple","Financial Services, Freelance, Software",
Upciti,"Montreuil, Ile-de-France, France, Europe",,3700000,EUR,2021-05-05,https://www.upciti.com/,"Upciti provider of precise, localized and real-time data for smart cities and smart retailers.","Demeter Partners, Innovacom, NCI Waterstart","Analytics, Information Services, Information Technology",
Artifakt,"Paris, Ile-de-France, France, Europe",Series A,3700000,EUR,2021-03-17,https://www.artifakt.com,"Artifakt is a developer of cloud application tool designed to help build smarter, faster and better manage all custom business applications.","Alliance Entreprendre, Omnes Capital, Plug and Play, Verve Ventures","Cloud Computing, Cloud Management, Developer Platform, PaaS, SaaS, Software",
JellyFi,"Paris, Ile-de-France, France, Europe",Seed,4400000,USD,2021-12-08,https://jellyfi.io,JellyFi is a capital-efficient DeFi lending protocol that enables crypto loans.,"AngelDAO, DeFiance Capital, Digital Currency Group, Divergence Ventures, Genesis, Lemniscap, ParaFi Capital, True Ventures, White Star Capital","Financial Services, FinTech, Internet",
Faircraft,"Paris, Ile-de-France, France, Europe",Seed,4400000,USD,2021-07-01,https://www.faircraft.bio,Faircraft is leveraging advanced synthetic biology and material science techniques to develop a lab-grown alternative to animal leather.,"AFI Ventures, Arthur Waller, Blue Wire Capital, Entrepreneurs First, Joyance Partners, Kindred Ventures, Nicolas Douay, Sake Bosch","Advanced Materials, Artificial Intelligence (AI), Biotechnology, Fashion, GreenTech",
Atlendis Labs,"Paris, Ile-de-France, France, Europe",Seed,4400000,USD,2021-12-08,https://atlendis.io/,Atlendis Labs is an online platform that offers capital-efficient DeFi lending protocol that provides uncollateralized crypto loans.,"AngelDAO, DeFiance Capital, Digital Currency Group, Divergence Ventures, Genesis, Lemniscap, ParaFi Capital, Tioga Capital Partners, True Ventures, White Star Capital","Cryptocurrency, Information Technology, Internet",
Early Majority,"Paris, Ile-de-France, France, Europe",Seed,4287799,USD,2021-08-11,https://www.earlymajority.com,Early Majority builds tools for leaning out for all genders and all eventualities.,,"Developer Tools, Internet",
YouStock,"Nice, Provence-Alpes-Cote d'Azur, France, Europe",,3700000,EUR,2021-10-29,https://youstock.fr/,YouStock is a full-service storage company that let people store smartly their items without the heavy lifting.,"AMAVI Capital, Bpifrance, Jean-Luc Haddad, Région Sud Investissement","E-Commerce, Home Improvement, Information Technology, Internet, Logistics, Property Development, Property Management, Self-Storage",
HarfangLab,"Paris, Ile-de-France, France, Europe",Seed,3500000,EUR,2021-06-01,https://harfanglab.io/en,HarfangLab develops a hunting software to boost detection and neutralization of cyberattacks against companies endpoints.,Elaia,"Cyber Security, Network Security, Software",
DoorFeed,"Paris, Ile-de-France, France, Europe",Seed,3500000,EUR,2021-01-01,https://doorfeed.com,DoorFeed is Europe's alternative asset manager leveraging proprietary technology to power real estate investments with scale and precision.,"Seedcamp, Serge Chiaramonte, Stride.VC","Asset Management, Financial Services, FinTech, Real Estate Investment, Residential, Wealth Management",
Tomorro,"Paris, Ile-de-France, France, Europe",Seed,4200000,USD,2021-03-31,https://tomorro.com,Tomorro provides an AI-driven contract lifecycle management platform that automates contract processes.,"Adrien Montcoudiol, henQ, Kima Ventures, Youcef Es-skouri","Artificial Intelligence (AI), Contact Management, E-Signature, Legal Tech, Productivity Tools, Software",
Therapixel,"Nice, Provence-Alpes-Cote d'Azur, France, Europe",Seed,4200000,USD,2021-06-03,http://www.therapixel.com/,Therapixel is a software company specialized in artificial intelligence for medical imaging analysis,,"Artificial Intelligence (AI), Health Diagnostics, Machine Learning, Medical Device, Software",
SBA Compta,"Paris, Ile-de-France, France, Europe",,4200000,USD,2021-02-10,https://www.smallbusinessact.com/,SBA Compta is a start-up specializing in digital accounting expertise.,Habert Dassault Finance,"Accounting, B2B, Enterprise Applications, SaaS",
Tiamat,"Amiens, Picardie, France, Europe",Series A,3500000,EUR,2021-03-09,http://www.tiamat-energy.com/,"Tiamat designs, develops, and produces innovative solutions for energy storage applications.","CAP3RI, Celeste Management, Finovam Gestion, Picardie Investissement","Energy, Energy Storage, Industrial Manufacturing",
ipso santï¿½,"Paris, Ile-de-France, France, Europe",,3500000,EUR,2021-07-09,https://ipsosante.fr/fr/,"ipso santé is a network of healthcare experts, engineers, and organizational specialists that provides consultation services.",Citizen Capital,"Health Care, Medical, Wellness",
Wecandoo,"Paris, Ile-de-France, France, Europe",Series A,3500000,EUR,2021-10-01,https://wecandoo.fr,Wecandoo supports craftsmanship by organizing manual workshops where craftspeople and individuals meet around a passion.,"BREEGA, Educapital",Art,
CORE FOR TECH,"Loos, Nord-Pas-de-Calais, France, Europe",Seed,3500000,EUR,2021-10-12,https://www.corefortech.com,CORE for Tech is the first ever Drowsy driving prevention solution thanks to Bio-feedback expertise.,"Bpifrance, Frederic Bruneteau, Inovexus, Supernova Invest","Diving, Logistics, Predictive Analytics, Public Safety, Software",
Qovery,"Paris, Ile-de-France, France, Europe",Seed,4000000,USD,2021-09-28,https://www.qovery.com/,"Qovery provides a DevOps automation platform that enables engineering teams to deploy, observe, secure, and optimize cloud infrastructure.","Alexis Le-Quoc, Amirhossein Malekzadeh, Antoine Nougué, Christophe Chausson, Clément Buyse, Crane Venture Partners, Cyril Chemla, Georges Gomes, Gregoire Delpit, Irregular Expressions, Jean-Baptiste Aviat, Jeremy Thompson, Jonathan Benhamou, Jonathan Cherki, Julien Quintard, Liam Boogar-Azoulay, Marie Outtier, Mario Matar, Matthieu Vaxelaire, Maxime Renault, Nagib Beydoun, Ott Kaukver, Sebastien Pahl, Speedinvest, Techstars, Valentine Baudouin","Apps, Cloud Infrastructure, Developer Platform, Information Technology, Software",
SmartCatch,"Toulouse, Midi-Pyrenees, France, Europe",Seed,3200000,EUR,2021-05-17,https://www.smartcatch.fr/,"SmartCatch brings value-added liquid biopsy technology to empower clinicians, researchers, and industry in the fight against cancer.","IRDI, Kurma Partners, M Capital Partners","Health Care, Health Diagnostics, Medical Device, Therapeutics",
Sharelock,"Paris, Ile-de-France, France, Europe",Seed,3200000,EUR,2021-09-17,http://sharelock.co,"Sharelock's mission is to massively unlock bike usage, protecting bikes thanks to a highly disruptive AI powered insurance.","Banque des Territoires, BREEGA","Mobile Apps, Security, Software, Transportation",
Omnidoc,"Paris, Ile-de-France, France, Europe",Seed,3000000,EUR,2021-06-07,https://omnidoc.fr/,Omnidoc is a tele-expertise platform for healthcare professionals to exchange medical opinions.,"Bpifrance, Kurma Partners, Newfund","Collaboration, Health Care, Medical",
IconoClass,"Paris, Ile-de-France, France, Europe",Seed,3000000,EUR,2021-06-08,https://www.iconoclass.eu/,IconoClass is a school that provides training in business development and covers students’ tuition fees until they are hired.,"Brighteye Ventures, Bruno Sola, Cedric Sellin, Josef Bovet, MSM","Higher Education, Training",
Wesk,"Lyon, Rhone-Alpes, France, Europe",Seed,3000000,EUR,2021-05-17,https://wesk.mobi/,Wesk is a specialist in electric and unlimited mobility.,Greenpact,"Automotive, Transportation",
Tolv,"Grenoble, Rhone-Alpes, France, Europe",Pre-Seed,3000000,EUR,2021-01-01,http://tolv-systems.com/en/,Tolv is an e-mobility company developing and manufacturing modular powertrains and vehicle conversion platforms.,,"Automotive, Electric Vehicle, Manufacturing",853875276
Exeliom,"Dijon, Bourgogne, France, Europe",Series A,3000000,EUR,2021-01-01,https://www.exeliombio.com,Exeliom is a clinical-stage biopharmaceutical company tackling the use of commensal bacteria as drugs.,,"Biopharma, Biotechnology, Health Care, Pharmaceutical",
Cyb Stores,"Gennevilliers, Ile-de-France, France, Europe",Growth Equity,3000000,EUR,2021-06-15,https://www.cybstores.com/,Cyb Stores offers manufacturing supply and installation of blinds for interior and exterior design of living and working spaces.,Socadif,"Building Material, Construction, Interior Design, Manufacturing",
Tchek,"Marseille, Provence-Alpes-Cote d'Azur, France, Europe",Seed,3000000,EUR,2021-01-27,https://www.tchek.fr/,Tchek is a startup that uses Artificial Intelligence (AI) for car inspection.,"Demeter, Région Sud Investissement","Artificial Intelligence (AI), Automotive, Fleet Management, Machine Learning",
OXALYS,"La Garenne-colombes, Ile-de-France, France, Europe",,3000000,EUR,2021-02-08,https://www.oxalys.com/,Oxalys is a scalable procurement software that supports company’s growth.,Societe Generale Capital Partners,"Information Services, Information Technology, Software",
Iroko,"Paris, Ile-de-France, France, Europe",Seed,3000000,EUR,2021-02-08,https://iroko.eu/,"Iroko is the Simple, Transparent and Socially Responsible real estate savings solution.","HEC Ventures, Idinvest Partners, LO Capital","Internet, Real Estate",
Silvr,"Paris, Ile-de-France, France, Europe",Seed,3000000,EUR,2021-03-10,https://silvr.co,Silvr is a financial provider for digital entrepreneurs with the help of data-based scoring technology.,"Didier Valet, Idinvest Partners, Isai, Marc Menasé, Matthieu Stefani, Michaël Diguet, Serena","Business Development, Financial Services, FinTech",
Beebs,"Créteil, Ile-de-France, France, Europe",Seed,3000000,EUR,2021-06-21,https://www.beebs.app/,Beebs is the first C2C marketplace for parents & their kids.,"Citizen Capital, Isai, Luca Ascani","E-Commerce, Marketplace, Mobile Apps, Shopping",
Flatsy,"Paris, Ile-de-France, France, Europe",,3000000,EUR,2021-06-29,https://www.flatsy.fr/,"Flatsy offers new solution, simple and economical, to buy, sell or rent real estate.","Caisse d’Epargne, Didier Le Menestrel, NCI, Notus Technologies","Commercial Real Estate, Mobile Apps, Real Estate",
ErgoSanté,"Anduze, Languedoc-Roussillon, France, Europe",,3000000,EUR,2021-06-29,https://ergosante.fr,ErgoSanté is a manufacturer of ergonomic furniture and physical assistance devices.,"Mutuelles Impact, XAnge","Furniture, Manufacturing, Product Design",
Electroducer,"Grenoble, Rhone-Alpes, France, Europe",Series A,3000000,EUR,2021-06-30,https://www.electroducer.io/,Electroducer is a MedTech company that designs and develops medical devices to simplify and secure percutaneous cardiovascular interventions,,Medical Device,
City Drop,"Asnières-sur-vègre, Pays de la Loire, France, Europe",Series A,3000000,EUR,2021-07-21,https://www.city-drop.com/,"City-Drop rents out one-way connected utility vehicles at low prices, vehicles are always connected for a more fluid user experience.",Elevation Capital Partners,"Transportation, Travel, Travel Accommodations, Travel Agency",
AZmed,"Paris, Ile-de-France, France, Europe",Seed,3000000,EUR,2021-10-28,http://www.azmed.co,AZmed is a Medtech startup that offers innovative solutions to optimize healthcare specialists’ workflow by using AI.,Future Investment Initiative Institute,"Artificial Intelligence (AI), CRM, Health Care, Medical, Software",
NGTV Experience,"Saint-priest, Rhone-Alpes, France, Europe",Series A,3000000,EUR,2021-10-30,https://www.ngtvexperience.com,NGTV Experience provides sports video technology services.,,,
Fairmoove,"Paris, Ile-de-France, France, Europe",Seed,3000000,EUR,2021-10-06,https://www.fairmoove.fr,Fairmoove is a digital travel agency that promotes environmentally responsible tourism.,Karot Capital,"Tourism, Travel",
Zembo,"Paris, Ile-de-France, France, Europe",Seed,3000000,EUR,2021-11-12,https://www.zem.bo/,Zembo provides affordable electric motorcycles for motorcycle taxi drivers in Africa.,"DOB Equity, InfraCo Africa, Mobility 54, Untapped",Electric Vehicle,
Defacto,"Paris, Ile-de-France, France, Europe",Pre-Seed,3000000,EUR,2021-11-12,https://www.getdefacto.com,"Defacto is a fintech firm that offers short term financing for small and medium companies via an embedded, API-first approach.","Arthur Waller, Didier Valet, Financiere Saint James, Global Founders Capital, Headline, Rodolphe Ardant, Thibaud Elziere","B2B, Credit, Embedded Systems, FinTech, Payments",
Osol,"La Bocca, Provence-Alpes-Cote d'Azur, France, Europe",Seed,3000000,EUR,2021-11-30,https://www.osol.co/,"Osol develops nomadic energy systems that allow business, school, and coworking workspaces to render flexible and modular spaces.","Christophe Courtin, Frédéric Metge, Romain Afflelou","Battery, Business Information Systems, Business Intelligence, Energy, Smart Home",
Aurora Cold Plasma Sterilisation,"Rouen, Haute-Normandie, France, Europe",,3000000,EUR,2021-12-10,https://www.aurora-sterilisation.com/,Aurora Cold Plasma Sterilisation provides low temperature plasma sterilator for medical and research purposes.,"GO CAPITAL, Normandie Business Angels, Normandie Participations","Biopharma, Health Care, Professional Services",
Neurinnov,"Les Aires, Languedoc-Roussillon, France, Europe",Seed,3000000,EUR,2021-12-12,https://neurinnov.com,"Neurinnov provides the design, development, and commercialization of active implantable medical devices and services.","IRDI, Sofilaro, UI Investissement","Health Care, Medical Device, Professional Services",
folk,"Paris, Ile-de-France, France, Europe",Seed,2800000,EUR,2021-09-15,https://www.folk.app,"All-in-one CRM. One workspace for all your relationships: Sales, Recruiting, Fundraising, Partnerships, and more.","Accel, Bradley Horowitz, Christian Reber, Den Dmytrenko, Elias Rubel, Flex Capital, Hugo Amsellem, Lorenz Bogaert, Material Ventures, Roosh Ventures, Youcef Es-skouri","Contact Management, CRM, Software",
PEP-Therapy,"Évry, Ile-de-France, France, Europe",Series A,2750000,EUR,2021-04-22,http://pep-therapy.com,Innovative peptides as targeted therapies for oncology,"Bernard Majoie, Doorway Capital, Italian Angels for Growth, Les Business Angels des Grandes Écoles, Magna Capital Partners, Seventure Partners","Biotechnology, Medical, Oncology, Therapeutics",
Walkie-talkie,"Paris, Ile-de-France, France, Europe",Pre-Seed,3250000,USD,2021-11-17,https://walkie-talkie.io,Walkie-talkie allows communicating quickly and easily with friends.,"BREEGA, Diaspora Ventures, Francisco Varela, Heroic Ventures, Jason Chiu, Kima Ventures, LDV Partners, Lily Zhang, Nicolas Dessaigne, Partech, Stan Massueras, Transpose Platform Management","Apps, Software",
Iweech,"Marseille, Provence-Alpes-Cote d'Azur, France, Europe",Series A,2800000,EUR,2021-10-13,https://www.iweech.com/en,Iweech is a manufacturer and supplier of electric bikes with AI assistance.,ODYSSEE VENTURE,"Automotive, Manufacturing, Sporting Goods",
KIPLIN,"Nantes, Pays de la Loire, France, Europe",Seed,2700000,EUR,2021-09-21,https://www.kiplin.com/,Games to prevent sedentary lifestyle and to help you walk and move daily,"CDC Enterprises, Mutuelles Impact, XAnge","EdTech, Health Care, Wellness",
Cocolis,"Paris, Ile-de-France, France, Europe",Seed,2800000,EUR,2021-12-07,https://www.cocolis.fr,Cocolis connects people who need to send something with drivers with an empty trunk.,"BDR IT, Carvest Crédit Agricole Régions Investissement, UI Investissement","Internet, Shipping, Transportation",813144797
Homepilot,"Vincennes, Ile-de-France, France, Europe",Series A,2600000,EUR,2021-02-09,https://www.homepilot.fr/,Homepilot revolutionize residential property management through the use of technology. Homepilot was acquired by iad Group in 2022.,"Christophe Courtin, Cyril Vermeulen, Didier Kuhn, Geoffroy Roux de Bezieux, Jean-Fabrice Mathieu","Property Management, PropTech, Real Estate",
Beanstock,"Paris, Ile-de-France, France, Europe",Seed,2500000,EUR,2021-06-01,https://beanstock.com/fr,"Beanstock is an online real estate marketplace for buying, managing and selling buy-to-let properties in Europe.","Axeleo Capital, Realty Corporation","Marketplace, Real Estate Investment",
ChainTrust,"Paris, Ile-de-France, France, Europe",Seed,2500000,EUR,2021-06-02,https://www.chaintrust.io,ChainTrust automates accounting entry of purchase and sales invoices with the help of algorithms and Artificial Intelligence.,"Euler Hermes, Eurazeo","Accounting, Artificial Intelligence (AI), Information Technology, Small and Medium Businesses, Software",
ErVimmune,"Lyon, Rhone-Alpes, France, Europe",Seed,2500000,EUR,2021-02-10,https://ervimmune.com,ErVimmune develops cancer vaccines and T cell therapies targeting cold tumors using AI-driven antigen discovery.,Seventure Partners,"Artificial Intelligence (AI), Biopharma, Biotechnology, Oncology, Pharmaceutical",
Novadiscovery,"Lyon, Rhone-Alpes, France, Europe",Series A,2500000,EUR,2021-02-16,http://www.novadiscovery.com,Health tech company using clinical trial simulation technology to predict drug efficacy and optimize clinical trial development.,Sanofi,"Artificial Intelligence (AI), Biotechnology, CRM, Health Care, Information Technology, Medical",
Qynapse,"Paris, Ile-de-France, France, Europe",Seed,3000000,USD,2021-06-24,http://www.qynapse.com/,Qynapse leverages neuroimaging & AI to advance the accuracy and reliability of Central Nervous System diseases screening and monitoring.,,"Artificial Intelligence (AI), Clinical Trials, Health Care, Information Technology, Machine Learning, Medical, Neuroscience, Software",
ParaSwap,"Paris, Ile-de-France, France, Europe",Seed,3000000,USD,2021-05-10,https://paraswap.io,ParaSwap aims to solve the liquidity problem in crypto markets by bringing every exchange protocol into one plateforme,"Andre Cronje, Blockchain Capital, DeFi Alliance, Fredrik Haga, Michael Egorov, White Star Capital","Financial Services, FinTech",
Million Victories,"Villeurbanne, Rhone-Alpes, France, Europe",Series A,3000000,USD,2021-11-16,http://millionvictories.com/,Million Victories is an Independent video game developer.,Griffin Gaming Partners,"Android, Software",
Claap,"Saint-mandé, Ile-de-France, France, Europe",Pre-Seed,3000000,USD,2021-06-14,https://www.claap.io/,"Claap is an AI-powered video and meeting platform that records, summarizes, and shares insights for faster team collaboration.","Aadil Mamujee, Alexandre Berriche, Anh-tho Chuong, Chris Herd, Gonzalo Manrique, Headline, Ian Hogarth, Jean Canzoneri, Kima Ventures, LocalGlobe, Mathilde Collin, Matt Robinson, Musha Ventures, Olivier Godement, Roxanne Varza, Shane Mac, Tony Jamous, Xavier Niel","Artificial Intelligence (AI), SaaS, Video Conferencing",
A3BC,"Paris, Ile-de-France, France, Europe",Seed,3000000,USD,2021-03-01,https://www.a3bc.org/,Tech-startup providing a secured SaaS platform for biometric payments through a patented data storage protocol,BNP Paribas,"Biometrics, Data Storage, FinTech, Hardware, Information Technology, SaaS, Software",
Moka.care,"Paris, Ile-de-France, France, Europe",Seed,2500000,EUR,2021-02-04,https://www.moka.care/,Moka.care is a firm that provides a complete solution for allowing your employees to take care of their mental health.,"Adrien Ledoux, Celine Lazorthes, Come Fouques, Florian Douetteau, Marc-Antoine de Longevialle, Nicolas Dessaigne, Ning Li, Pierre Dubuc, Roxanne Varza, Singular, Thibault Lamarque","Health Care, Mental Health, Wellness",
Mayday,"Paris, Ile-de-France, France, Europe",Seed,2500000,EUR,2021-06-28,https://www.mayday.fr,Mayday provides customer support solutions.,"Bpifrance, MAIF Avenir","Customer Service, Knowledge Management, SaaS, Software",
OncoDiag,"Évreux, Alsace, France, Europe",Series A,2500000,EUR,2021-03-15,http://www.oncodiag.fr,OncoDiag is a French biotechnology company based in Normandy at one hour from Paris and Rouen cities.,"Angels Santé, Les Business Angels des Grandes Écoles, Normandie Business Angels, Normandie Participations, Paris Business Angels, SFINE","Biotechnology, Health Care, Health Diagnostics",
i-Virtual,"Metz, Lorraine, France, Europe",Seed,2500000,EUR,2021-03-09,https://i-virtual.ai/,i-Virtual develops an advanced AI-powered solution that enables touchless measurement of vital signs through a simple image or video capture,"Elaia, Majycc Innovation Santé","Artificial Intelligence (AI), Financial Services, Health Care, Information Technology, Software",
Onepilot,"Paris, Ile-de-France, France, Europe",Seed,2500000,EUR,2021-04-11,https://onepilot.co,"Onepilot is a technology-led support solution blending AI-powered tools with human intelligence to provide 24/7, scalable customer service.","31 Atlantic Capital, Alexandre Berriche, Baptiste Corval, Edward Lando, Fredrik Hjelm, Global Founders Capital, Jon Oringer, Kima Ventures, Luca Ascani, Nadav Ben-Chanoch, Pareto Holdings, Roxanne Varza, Thomas Rebaud","Information Technology, Internet, Outsourcing, Software",
Epycure,"Paris, Ile-de-France, France, Europe",Seed,2500000,EUR,2021-04-07,http://www.epycure.com,Epycure provides personalised supplements - customized to your lifestyle and needs and delivered to your door.,Founders Future,"Dietary Supplements, Direct Sales, E-Commerce, Internet, Wellness",
TinyBird,"Paris, Ile-de-France, France, Europe",Seed,2500000,EUR,2021-07-01,https://tinybird.fr/,TinyBird offers organic gummy and alcoholic candies.,Crane Venture Partners,"Food and Beverage, Food Processing",
AI Verse,"Sophia Antipolis, Provence-Alpes-Cote d'Azur, France, Europe",Seed,2500000,EUR,2021-09-01,http://www.ai-verse.com,AI Verse offers a self-service image generator that produces high-quality labeled synthetic datasets for training AI applications,Turenne Capital,"Artificial Intelligence (AI), Machine Learning",
Greenly,"Paris, Ile-de-France, France, Europe",Seed,2500000,EUR,2021-09-09,https://www.greenly.earth/home,"Greenly develops a carbon accounting platform to track, assess, manage, and reduce CO2 emissions.","Alexandre Prot, Bertrand Jelensperger, Bpifrance, French Partners, Thibault Lanthier","Environmental Engineering, GreenTech, SaaS, Software, Sustainability",
Marmelade,"Paris, Ile-de-France, France, Europe",Seed,2600000,EUR,2021-12-22,https://marmelade-app.fr,Marmelade is a micro-lerning app allowing users to learn easily by answering a question while unlocking their phone.,"Aster, Brighteye Ventures, Kima Ventures, Secret Fund","E-Learning, Mobile Apps, Software",
Vybe,"Paris, Ile-de-France, France, Europe",Seed,2900000,USD,2021-03-31,https://vybecard.com,Vybe is a provider of a digital platform used to develop a payment card for young people aged 13 to 18.,"Chris Adelsbach, Manoel Amorim, Ronan Le Moal, William Levy","Finance, Financial Services, FinTech",
Nestwave,"Paris, Ile-de-France, France, Europe",,2400000,EUR,2021-04-14,https://www.nestwave.com/,Nestwave is a provider of advanced geolocation solutions for the IoT market.,"European Innovation Council, Sofimac Innovation, The Faktory Fund",Wireless,
InUse,"Paris, Ile-de-France, France, Europe",Series A,2400000,EUR,2021-09-02,https://inuse.eu,"Software editor founded in 2015, offering a SaaS application that delivers IoT based connected services for factories","Axeleo Capital, TECHNIA","Artificial Intelligence (AI), Big Data, Internet of Things, SaaS, Software",
Overseed,"Orléans, Centre, France, Europe",Seed,2500000,EUR,2021-11-30,https://www.overseed.fr/,Overseed is an biotechnology based company which does R&D process on cannabis production for pharmaceutical purposes.,,"Biopharma, Biotechnology, Product Research",
Graneet,"Paris, Ile-de-France, France, Europe",Seed,2800000,USD,2021-10-08,https://graneet.fr,Graneet is a commercial management solution for SMEs in the construction industry.,Foundamental,"Construction, SaaS, Software",
Umiami,"Paris, Ile-de-France, France, Europe",Seed,2300000,EUR,2021-07-02,https://umiami.com/,Umiami is a French food-tech startup that develops a plant-based food technology to reduce meat consumption.,"Bpifrance, Kima Ventures, Newfund, VERSO Capital","Food and Beverage, Food Processing, Organic Food, Plant-Based Foods",
AgenT,"Paris, Ile-de-France, France, Europe",Seed,2300000,EUR,2021-07-01,http://www.agent-biotech.com/,AgenT develops the first blood diagnosis to detect Alzheimer's disease from the asymptomatic stage.,Bernard Majoie,"Biotechnology, Health Care, Health Diagnostics, Life Science, Neuroscience",
MoneyTrack,"Paris, Ile-de-France, France, Europe",Series A,2300000,EUR,2021-03-26,https://moneytrack.io,"MoneyTrack is a global, decentralized blockchain platform for Directed Money.","AG2R La Mondiale, Truffle Capital",Financial Services,
Routine,"Saint-mandé, Ile-de-France, France, Europe",Pre-Seed,2700000,USD,2021-10-25,http://routine.co,Routine is a all-in-one work operating system that centralizes work from third-party services into a unified workspace.,"BoxGroup, Clément Delangue, Ian Hogarth, Matt Robinson, Target Global, Y Combinator","Apps, Productivity Tools, Software",
Mangrove DAO,"Paris, Ile-de-France, France, Europe",Seed,2700000,USD,2021-07-01,https://www.mangrove.exchange/,Mangrove DAO is an order book-based Decentralised exchange that allows liquidity providers to post arbitrary smart contracts as offers.,"Atka Capital, Monday Capital, NOIA Capital, QCP Soteria, Stake Capital Group, Wintermute Ventures, Zee Prime Capital","Blockchain, Ethereum, Finance, Smart Contracts",
Finary,"Paris, Ile-de-France, France, Europe",Seed,2200000,EUR,2021-05-18,https://finary.com/,Finary is a platform that allows everybody to track and manage their wealth online.,"Alexandre Berriche, Didier Valet, Kima Ventures, Philippe Teixeira da Mota, Raphael Vullierme, Speedinvest, Y Combinator","Financial Services, FinTech, Personal Finance, Wealth Management",
Pixyl,"La Tronche, Rhone-Alpes, France, Europe",,2200000,EUR,2021-04-29,https://pixyl.ai/,AI-Powered Brain Image Analysis for Enhanced Patient Care,"Bpifrance, Elaia, Holnest","Artificial Intelligence (AI), Health Care, Machine Learning, Medical Device, Neuroscience",
SpaceAble,"Paris, Ile-de-France, France, Europe",Seed,2300000,EUR,2021-10-31,https://spaceable.eu/fr/,SpaceAble is a forecast company that develops data processing software.,,"Aerospace, Data Management, Space Travel, Sustainability",
Plume-App,"Saint-ouen, Ile-de-France, France, Europe",Seed,2200000,EUR,2021-07-02,https://www.plume-app.co/,Plume is an interactive platform that develops students’ writing skills. How? By making writing fun!,"Evolem Start, Founders Future, MAIF Impact","Apps, Children, EdTech, Education, E-Learning",
Kyanos,"Beauzelle, Midi-Pyrenees, France, Europe",Seed,2600000,USD,2021-04-01,http://kyanos.bio,"Kyanos is a biotech company established in 2016 and based in Toulouse, France.","Ademe, Bpifrance",Biotechnology,
Kyanos,"Beauzelle, Midi-Pyrenees, France, Europe",Seed,2600000,USD,2021-04-01,http://kyanos.bio,"Kyanos is a biotech company established in 2016 and based in Toulouse, France.","Ademe, Bpifrance",Biotechnology,
Scaleflex,"Lyon, Rhone-Alpes, France, Europe",Seed,2115000,EUR,2021-06-01,https://www.scaleflex.com/?listing=crunchbase,"Digital Asset Management, Image Optimisation and CDN Delivery, Web Acceleration","BrightCap Ventures, Oktogon Ventures","Information Technology, Internet, SaaS, Software",
babbar,"Paris, Ile-de-France, France, Europe",Seed,2100000,EUR,2021-05-28,https://www.babbar.tech/,Babbar provides SEO services through its SaaS platforms.,"Bpifrance, GO CAPITAL, Normandie Business Angels, Normandie Participations","SaaS, SEO, Software",
Paladin,"Paris, Ile-de-France, France, Europe",Seed,2550000,USD,2021-10-04,http://paladin.vote/,Paladin is a technological decentralization startup.,"Galaxy Digital, Greenfield, NFX, Semantic Ventures","Apps, Finance, Lending, Software",
Futures Factory,"Paris, Ile-de-France, France, Europe",Seed,1830000,GBP,2021-09-17,https://www.futures-factory.com/,Futures Factory is a sneakers marketplace merging digital and physical worlds using blockchain and AR/VR.,"Chris Murphy, Hugo Amsellem, Kima Ventures, RTP Global, Seedcamp, Stride.VC","Augmented Reality, Marketplace",
Satisfy,"Paris, Ile-de-France, France, Europe",Series A,2500000,USD,2021-10-27,https://satisfyrunning.com,"Satisfy is a webshop that sells a wide collection of jackets, tops, socks, hoodies, pants, shoes, hats, t-shirts, gloves, and accessories.","Bpifrance, Ian Rogers, Olivier Cantet, Tony Fadell","E-Commerce, Fashion, Retail",
Revolt Games (Neopolis),"Lyon, Rhone-Alpes, France, Europe",Seed,2500000,USD,2021-09-08,https://www.neopolis.io,Revolt Games is a mobile game platform development company.,"Founders, Inc., Level-Up","Gaming, Mobile Apps, Online Games",
Capsule Social,"Paris, Ile-de-France, France, Europe",Seed,2500000,USD,2021-04-12,https://capsule.social/,"A decentralized social media network for unbiased and open discourse, resistant to takedowns and censorship.","FYRFLY Venture Partners, Naval Ravikant, Polychain","Blockchain, Social Media",
Ilasis,"Pessac, Aquitaine, France, Europe",Seed,2200000,EUR,2021-12-01,https://ilasis.com,Ilasis is a company that creates femtosecond laser equipment for eye operations.,,"Manufacturing, Medical, Medical Device",
Baloon Assurance,"Paris, Ile-de-France, France, Europe",,2200000,EUR,2021-12-02,https://baloon.africa,Baloon Assurance is a digital insurance platform that provides insurance in the areas of automobile and health.,"Acuity Ventures, Gaelle Olivier, Myrtus Venture, Nelly Brossard, P1 Ventures, Pierre-Olivier Desaulle","Financial Services, Insurance, InsurTech",
Carsell,"Saint-honoré, Rhone-Alpes, France, Europe",Seed,2200000,EUR,2021-12-07,https://carsell.fr,Carsell is an automotive company that offers turnkey service solutions for their car.,"Florent Couty, Karim Kaddoura, Kima Ventures, Otium Capital, Thibault Chassagne","Automotive, Information Technology, Retail",
TradeIn,"Lille, Nord-Pas-de-Calais, France, Europe",Seed,2000000,EUR,2021-05-26,https://www.tradeinsur.com/en/,TradeIn is a SAAS developer of a collaborative platform for customer risk management in insurance.,"50 Partners, Wind","Financial Services, FinTech, Insurance, Payments",
RDS,"Strasbourg, Alsace, France, Europe",Seed,2000000,EUR,2021-01-01,https://rdsdiag.com,RDS develops solutions for continuous and remote patient monitoring to improve patient pathways in healthcare.,,"Health Care, Medical, Medical Device, Wearables",
Omie & Cie,"Montreuil, Ile-de-France, France, Europe",Seed,2000000,EUR,2021-01-01,https://www.omie.fr,Omie & Cie is a grocery delivery company.,,"E-Commerce, Food Delivery, Grocery",
Bloomin,"Paris, Ile-de-France, France, Europe",Series A,2000000,EUR,2021-05-16,https://bloomin.digital,Bloomin is a startup that helps managers and HR better engage their teams by measuring the collaborating experience.,The Moon Venture,Professional Services,
Elwin,"Bordeaux, Aquitaine, France, Europe",Series A,2000000,EUR,2021-02-08,https://elwin.fr/,Elwin is an online savings and product consulting platform that offers appropriate financial investments.,Julien Lopizzo,,
ANOZR WAY,"Cesson-sévigné, Bretagne, France, Europe",Seed,2000000,EUR,2021-03-01,https://www.anozrway.com,"ANOZR WAY Protect the company's strategic assets from cyber-attacks exploiting human vulnerabilities, continuously anticipate attacks, etc.","BNP Paribas Développement, Bpifrance, Breizh Up","Cyber Security, Software",
Stirweld,"Saint-grégoire, Bretagne, France, Europe",Seed,2000000,EUR,2021-02-17,https://stirweld.com/en/about/,Stirweld is a company that develops new friction stir welding (FSW) technologies for machines and tools.,"Breizh Up, Sofimac Innovation","Industrial Automation, Industrial Engineering, Industrial Manufacturing",
Babylone Growers,"Paris, Ile-de-France, France, Europe",Series A,2000000,EUR,2021-03-03,https://www.bg-agri.com/,Babylone Growers is a hydroponic greenhouse producer of vegetables and fruits.,"Bpifrance, Région Nouvelle-Aquitaine","AgTech, Farming",
Supli,"Paris, Ile-de-France, France, Europe",Seed,2000000,EUR,2021-02-03,https://supli.com,Supli is a B2B food marketplace connecting restaurant owners and suppliers in their business process.,"Axeleo Capital, Kima Ventures, La Ruche qui dit Oui, Marc Menasé","B2B, E-Commerce, Marketplace",
Dalma,"Paris, Ile-de-France, France, Europe",Seed,2000000,EUR,2021-05-02,https://www.dalma.co/,Dalma is an insurance company that sells medical insurance services for pets.,"Frst, Global Founders Capital, Kima Ventures","Health Insurance, Insurance, Pet",
Teale,"Paris, Ile-de-France, France, Europe",Pre-Seed,2000000,EUR,2021-05-05,https://teale.io,Teale provides a mental health platform for employee well-being.,"Didier Valet, Evolem Start, Isai, Kima Ventures","Health Care, Mental Health",
Les Nouvelles Fermes,"Bordeaux, Aquitaine, France, Europe",Seed,2000000,EUR,2021-04-15,http://www.lesnouvellesfermes.com/,"Les Nouvelles Fermes is a producer of healthy, local, and tasty fish and vegetables.","Banque des Territoires, Crédit Agricole, Crédit Industriel et Commercial, IRDI, Région Nouvelle-Aquitaine","Agriculture, Aquaculture, B2B, Environmental Engineering, Farming",
Ekie,"Paris, Ile-de-France, France, Europe",Seed,2000000,EUR,2021-06-22,https://www.ekie.co,"Ekie offers legal care application that provide tools to manage all legal, administrative, and tax issues.","BNP Paribas Développement, OneRagtime","Information Services, Information Technology, Legal, Legal Tech, Professional Services",
Faume,"Paris, Ile-de-France, France, Europe",Seed,2000000,EUR,2021-06-28,https://www.faume.co/,Faume provides a white label technological and logistics solution to brands wishing to launch their second-hand offer.,"Bpifrance, Eduardo Ronzano, Financiere Saint James, Kima Ventures, Thibaud Elziere","Consumer Goods, E-Commerce, Marketplace, Retail, Software",
Namastay,"Paris, Ile-de-France, France, Europe",Seed,2100000,EUR,2021-12-01,https://www.namastay.io/,The one click booking and payment solution for hotels.,,"Hospitality, Hotel, SaaS, Software",
Mindday,"Paris, Ile-de-France, France, Europe",Seed,2000000,EUR,2021-07-09,https://www.mindday.com/,"Mindday provides programs, activities, content and tools as well as certified professionals.","Benjamin Hardy, Edward Lando, Gary Anssens, Guillaume Gibault, Hugo Mercier, Jeremy Le Van, Jon Oringer, Loïc Yviquel, Nadav Ben-Chanoch, Pareto Holdings, XAnge","Health Care, Wellness",
ACASI,"Paris, Ile-de-France, France, Europe",Seed,2000000,EUR,2021-04-07,https://www.acasi.io,ACASI is an accounting tool for freelancers and independents accountant.,Truffle Capital,"Accounting, Small and Medium Businesses, Software",
Wisembly,"Paris, Ile-de-France, France, Europe",Seed,2000000,EUR,2021-07-05,http://wisembly.com,"Wisembly is a collaborative solution to prepare, facilitate & monitor your meetings.",Damien Pourvu,"Events, Meeting Software, Software",
Rainbow,"Paris, Ile-de-France, France, Europe",Series A,2000000,EUR,2021-07-02,https://be-rainbow.com/,Rainbow is a cannabis tech startup.,"Artemis, Senseii Ventures","Cannabis, Personal Health, Wellness",
MyC,"Montreuil, Ile-de-France, France, Europe",Seed,2000000,EUR,2021-07-01,https://www.myc.doctor,MyC is a workforce health platform that unifies employee health data and automates compliance across organizations.,Elaia,"Data Collection and Labeling, Health Care, Medical, Software",
Welmo,"Paris, Ile-de-France, France, Europe",Seed,2000000,EUR,2021-09-01,https://welmo.fr/,WELMO is a online real estate agency.,Patrick Marcovici,"Building Material, Real Estate",
Beetween,"Paris, Ile-de-France, France, Europe",Series A,2000000,EUR,2021-07-06,http://beetween.fr/,Beetween is a SaaS solution allowing to multicast job ads and manage candidates application.,Elevation Capital Partners,"Human Resources, Recruiting, SaaS",
Muzzo,"Paris, Ile-de-France, France, Europe",Seed,2100000,EUR,2021-11-23,https://www.muzzo.io/,Muzzo is an AI-powered recruitment marketplace.,"Bpifrance, BREEGA, Damien Guermonprez, Gonzalo Manrique, Jonathan Widawski, Xavier Niel","Artificial Intelligence (AI), Marketing, Marketplace, Recruiting",
CrowdSec,"Montrouge, Ile-de-France, France, Europe",Seed,2000000,EUR,2021-04-01,https://crowdsec.net,"CrowdSec is a participative IPS, using local IP behavior and community-driven IP reputation to protect Internet-exposed assets.",Bpifrance,"Cloud Security, Cyber Security, Network Security, Open Source",
CrowdSec,"Montrouge, Ile-de-France, France, Europe",Seed,2000000,EUR,2021-04-01,https://crowdsec.net,"CrowdSec is a participative IPS, using local IP behavior and community-driven IP reputation to protect Internet-exposed assets.",Bpifrance,"Cloud Security, Cyber Security, Network Security, Open Source",
MyJouleBox,"Paris, Ile-de-France, France, Europe",Series A,2000000,EUR,2021-07-22,https://myjoulebox.com/,MyJouleBox offers a solution for solar professionals in Africa to offer leased solar installations to their customers.,"EDFI ElectriFI, GAIA Impact Fund","Energy, Solar",
Neolithe,"Chalonnes-sur-loire, Pays de la Loire, France, Europe",Seed,2000000,EUR,2021-03-29,https://neolithe.fr,Néolithe transforms non-recyclable waste into mineral aggregates.,Andurance Ventures,"Environmental Engineering, Recycling, Waste Management",
Pimster,"Paris, Ile-de-France, France, Europe",Seed,2000000,EUR,2021-04-04,https://www.pimster.app,Pimster is a data-driven growth app that connects brands with their customers via digital user manuals.,"Frederic Montagnon, Frenchfounders, Kima Ventures, Stephane Levy, Thibaud Elziere","Apps, B2B, Business Development, Information Technology",
Myr.ai,"Paris, Ile-de-France, France, Europe",Seed,2000000,EUR,2021-10-20,https://myr.ai,"Stop all the WhatsApp notifications, emails, text messages, spreadsheets, paperwork, and calls at all hours for managing buildings","Axeleo Capital, Inovexus","Analytics, Consulting, Data Management",
Astrachain,"Paris, Ile-de-France, France, Europe",Pre-Seed,2000000,EUR,2021-11-03,https://www.astrachain.com,"Astrachain provides confidentiality, safety and compliance for enterprise Sensitive Data through its plug & play Distributed Data Vault.",Newfund,"Cloud Security, Cyber Security, Data Storage, Privacy, Software",
Avekapeti,"Paris, Ile-de-France, France, Europe",Seed,2000000,EUR,2021-10-26,https://www.avekapeti.com/,Avekapeti provides home delivery of homemade meals prepared with fresh and seasonal products.,,"Food and Beverage, Food Delivery, Marketplace",
Jet Metal Technologies,"Mont-dore, Auvergne, France, Europe",,2000000,EUR,2021-11-09,http://jetmetal-tech.com/,Jet Metal Technologies develops and markets an innovative and clean metallization solution.,Siparex Groupe,"Consumer Goods, Environmental Engineering, Home Decor, Industrial, Manufacturing, Precious Metals",
Astran,"Paris, Ile-de-France, France, Europe",Pre-Seed,2000000,EUR,2021-10-01,https://astran.io,"Astran is a software development company that unlocks cloud adoption without compromising data confidentiality, security, and compliance.","Founders Future, Newfund","Cloud Data Services, Cyber Security, Software, Web Development",
Ask Mona,"Paris, Ile-de-France, France, Europe",Series A,2000000,EUR,2021-09-30,https://askmona.fr/,Ask Mona is a startup that created a chatbot to advise personalized cultural outings thanks to an artificial intelligence engine.,Bpifrance,"Artificial Intelligence (AI), Chatbot, Internet",
BforCure,"Montreuil, Ile-de-France, France, Europe",Seed,2000000,EUR,2021-10-12,https://www.bforcure.com/,BforCure designs and manufactures biosensing solutions for healthcare diagnostics and industrial applications.,ID Solutions,"Biotechnology, Health Care, Manufacturing, Medical",
Grapheal,"Grenoble, Rhone-Alpes, France, Europe",Seed,1900000,EUR,2021-02-10,https://www.grapheal.com,Grapheal is a medtech company that offers graphene-based IOT sensors for analytical monitoring.,"Bpifrance, Novalis Biotechnology Incubation","Health Diagnostics, Internet of Things, Medical Device, Sensor",
Leanspace,"Illkirch-graffenstaden, Alsace, France, Europe",Seed,2000000,EUR,2021-11-18,https://leanspace.io,"Leanspace is the first cloud platform for space missions, enabling companies and agencies to easily build space software.",Seraphim Space,"Cloud Computing, Information Technology, Satellite Communication, Software, Space Travel",
Uku,"Paris, Ile-de-France, France, Europe",Pre-Seed,2000000,EUR,2021-12-01,https://uku.wtf,Uku is a mobile app that turns conversation into a game.,"New Wave (VC), Partech Ventures","Apps, Information Technology, Mobile Apps",
Livmed's,"Nice, Provence-Alpes-Cote d'Azur, France, Europe",Seed,2000000,EUR,2021-12-07,https://livmeds.com,Livmed's is a software platform that provides home medicine delivery services for fellow citizens and healthcare players.,,"Delivery Service, Health Care, Medical, Pharmaceutical, Software",
Pixacare,"Strasbourg, Alsace, France, Europe",Pre-Seed,2240000,USD,2021-11-16,https://pixacare.bio/,Pixacare Application automates wound-healing monitoring.,"SaaS Partners, Techmind","Health Care, Medical Device, Mobile, Software",
Pixacare,"Strasbourg, Alsace, France, Europe",Seed,1950000,EUR,2021-11-15,https://pixacare.com/,Digital wound care management,Techmind,"Health Care, Medical Device, SaaS",
iara.,"Paris, Ile-de-France, France, Europe",Pre-Seed,1804000,EUR,2021-01-01,https://www.iarabeauty.com/,Iara is a booking app for beauty treatments.,Fast Forward,"Beauty, Service Industry, Social Network",
Purchasely,"Paris, Ile-de-France, France, Europe",Seed,1800000,EUR,2021-06-17,https://www.purchasely.com,"SaaS, Payment, Subscription platform, Mobile App, TV App","Adrien Miniatti, Amirhossein Malekzadeh, Antoine Martin, Eduardo Ronzano, Grégoire Mercier, Guillaume Luccisano, Guillaume Sztejnberg, Hervé Nivon, Jean-David Blanc, Jérôme Le Feuvre, Kima Ventures, Niklas Jansen, Renate Nyborg, Stride.VC, Thibaud Elziere","Mobile Apps, Mobile Payments, SaaS, Software",
Yelly,"Paris, Ile-de-France, France, Europe",Seed,2100000,USD,2021-07-02,,Yelly develops and operates a social media application for future schoolmates.,,,
Gomecano,"Biot, Provence-Alpes-Cote d'Azur, France, Europe",Seed,1800000,EUR,2021-10-12,https://www.gomecano.com/,Connecting Mobile Car Mechanics with customers needing servicing 7 days a week,Région Sud Investissement,"Automotive, B2B, B2C, E-Commerce, Electric Vehicle, Logistics",
Hycco,"Toulouse, Midi-Pyrenees, France, Europe",Pre-Seed,1700000,EUR,2021-01-01,https://hycco.fr/,"Hycco is a manufacturer of bipolar plates that supports customers in the design, prototyping, production, and industrialization processes.",,"Fuel Cell, Manufacturing, Renewable Energy",
Joovence,"Paris, Ile-de-France, France, Europe",Seed,1700000,EUR,2021-06-14,https://www.joovence.com/,"Teledentistry company focused on France, Spain & Italy","LO Capital, Newfund","Cosmetic Surgery, Dental, Health Care, Medical",
Omini,"Paris, Ile-de-France, France, Europe",Seed,1700000,EUR,2021-02-16,https://www.ominilabs.com/,Omini develops a biosensor platform that allows the simultaneous detection of multiple biomarkers.,"Angels Santé, Bpifrance, Entrepreneurs First, INSEAD Business Angels Alumni France, Investessor","Biotechnology, Health Care, Medical",
Purecontrol,"Rennes, Bretagne, France, Europe",,1700000,EUR,2021-02-07,https://www.purecontrol.com/,Purecontrol is artificial intelligence at the service of continuous improvement.,"BNP Paribas Private Equity, Bpifrance, CIC Ouest, Okwind","Artificial Intelligence (AI), Machine Learning",
Direct Market,"Paris, Ile-de-France, France, Europe",Seed,1700000,EUR,2021-05-02,https://direct-market.fr/,"Direct Market, the marketplace dedicated to local products for traders with an integrated logistics service.","Alsace Business Angels, Bpifrance, Finck Ventures, LeadBlock Partners","Consumer Goods, E-Commerce, Logistics, Marketplace",
Civicpower,"Paris, Ile-de-France, France, Europe",Seed,2030000,USD,2021-04-30,https://civicpower.io/,Civic Power is empowering citizens around the world enabling democratic tools and platforms.,,CivicTech,
DiagRAMS Technologies,"Lille, Nord-Pas-de-Calais, France, Europe",Seed,1700000,EUR,2021-04-08,https://diagrams-technologies.com,DiagRAMS Technologies offers predictive maintenance solution for AI industry.,"Bpifrance, Cleaning Bio, Finorpa, La French Tech, Nord Capital, Nord Création, Nord France Amorcage","Artificial Intelligence (AI), Consulting, Software",
Ideta,"Paris, Ile-de-France, France, Europe",Pre-Seed,1700000,EUR,2021-07-21,https://fr.ideta.io/,"Ideta offers a no-code platform that allows you to very easily create chatbots, callbots and voicebots. Start your process automation today!",,"Artificial Intelligence (AI), Chatbot, Information Technology, Internet, Machine Learning, Professional Services, Software",
weweb,"Paris, Ile-de-France, France, Europe",Seed,2000000,USD,2021-03-22,https://www.weweb.tech/,WeWeb is a low-code front-end builder.,"Benhamou Global Ventures, COIND, Crowd Venture Capital, DVC, Frenchfounders, Kima Ventures, Lightspeed Venture Partners, Oyster Ventures, To Kenz Capital, Y Combinator","Information Technology, SaaS, Software, Web Apps, Web Development",
spyne,"Paris, Ile-de-France, France, Europe",Pre-Seed,2000000,USD,2021-03-16,https://www.spyne.app,spyne is the first business operation platform enabling marketing and growth teams to grow their business.,,,
Nalia,"Paris, Ile-de-France, France, Europe",Seed,2000000,USD,2021-09-20,https://nalia.io,Nalia is a CRM tool that analyses data and provides real-time alerts.,,"CRM, Information Technology, Mobile Apps",
Julaya,"Paris, Ile-de-France, France, Europe",Seed,2000000,USD,2021-07-21,https://julaya.co,Julaya is a fintech providing African businesses with a digital account to make payments and borrow.,"50 Partners, Launch Africa, onafriq, Orange Ventures, Saviu Ventures, Techmind, Verod-Kepple Africa Ventures","Financial Services, FinTech, Mobile Payments",
Ejara,"Bordeaux, Aquitaine, France, Europe",Seed,2000000,USD,2021-10-07,https://www.ejara.io/,"Ejara is an app for Africa and its diasporas to access various investment offers fractional shares, commodities, cryptocurrency, and more.","Anthemis, CoinShares, Jason Yanowitz, Lateral Frontiers, LoftyInc Capital, Mercy Corps Ventures, NetX Fund, Pascal Gauthier, Socially Financed","Cryptocurrency, Financial Services",
CastorDoc,"Paris, Ile-de-France, France, Europe",Pre-Seed,2000000,USD,2021-11-30,https://www.castordoc.com/,"CastorDoc is a collaborative, automated data discovery tool.","Eduardo Ronzano, Edward Lando, Pareto Holdings","Artificial Intelligence (AI), SaaS, Software",
Bling,"Paris, Ile-de-France, France, Europe",Series A,1660000,EUR,2021-03-03,https://www.bling.eu,Bling is a mobile app that sends its users up to €100 when they need it.,"Davoa Capital, Goodwater Capital, Thomas Rebaud, Wind","Debit Cards, Financial Services, Mobile Apps",
The Poken Company,"Paris, Ile-de-France, France, Europe",Seed,1600000,EUR,2021-06-08,https://thepokencompany.com/,We are a blockchain based technology startup which wants to put the spotlight back to the content creators and artists.,Thomas Rebaud,"Blockchain, Content Creators",
Nano Corp,"Paris, Ile-de-France, France, Europe",Seed,1600000,EUR,2021-06-17,https://www.nanocorp.fr/,Nano Corp secures and monitors hybrid networks.,Elaia,Network Security,
CRYPTONOVAE,"La Baule-escoublac, Pays de la Loire, France, Europe",Seed,1900000,USD,2021-03-23,https://cryptonovae.com,Cryptocurrencies Trading Platform,"Blocksync Ventures, GBV Capital, Megala Ventures","Blockchain, Cryptocurrency",
Mantra,"Paris, Ile-de-France, France, Europe",Seed,1600000,EUR,2021-07-05,https://www.mantra.ms/,Mantra offers an automated phishing simulations to detect the most sophisticated phishing emails.,"Axeleo Capital, Bpifrance, François Wyss, OneRagtime","Information Technology, Internet, Software",
MAG4HEALTH,"Grenoble, Rhone-Alpes, France, Europe",Pre-Seed,1600000,EUR,2021-07-01,http://www.mag4health.com,MAG4HEALTH is a Developer of magnetoencephalographs.,,"Health Care, Medical Device",
PEP-Therapy,"Évry, Ile-de-France, France, Europe",Series A,1600000,EUR,2021-07-19,http://pep-therapy.com,Innovative peptides as targeted therapies for oncology,"Anaxago, i&i Prague, Les Business Angels des Grandes Écoles","Biotechnology, Medical, Oncology, Therapeutics",
Aviwell,"Toulouse, Midi-Pyrenees, France, Europe",Seed,1600000,EUR,2021-09-16,https://aviwell.fr,Aviwell develops feed solutions that enhance animal growth and health for livestock producers.,"3CC | Third Culture Capital, European Innovation Council","AgTech, Biotechnology, Health Care",
IADYS,"Roquefort-la-bédoule, Provence-Alpes-Cote d'Azur, France, Europe",Seed,1570000,EUR,2021-06-28,https://www.iadys.com/,IADYS designs robotic and AI solutions like the Jellyfishbot for environmental preservation and oil spill response.,"Angels’ Bay Invest, Aviva Impact Investing France, France Active Provence-Alpes-Côte d'Azur, Région Sud Investissement, Sud Mer Invest","Artificial Intelligence (AI), Environmental Engineering, GreenTech, Oil and Gas, Pollution Control, Robotics, Water",
Episto,"Paris, Ile-de-France, France, Europe",Seed,1600000,EUR,2021-10-14,https://en.episto.fr,Episto creates technologies to collect authentic opinions from a wide range of targets.,"Alexandre Fretti, Bpifrance, Charles Gorintin, Romain Niccoli, Takara Capital","Advertising, Information Technology, Internet",
Betterway,"Suresnes, Ile-de-France, France, Europe",Seed,1500000,EUR,2021-01-14,https://betterway.fr,Payment solutions for mobility,"Aster, Sébastien Sikorski, WaterStart Capital","Financial Services, Payments, Transportation",
Kovalee,"Fontenay-aux-roses, Ile-de-France, France, Europe",Seed,1600000,EUR,2021-12-16,https://www.kovalee.app,Kovalee is an entertainment company that publishes consumer apps.,"Bpifrance, BREEGA, Business Angels","Apps, Consumer, Internet, Mobile Apps, Publishing",
Meditect,"Bordeaux, Aquitaine, France, Europe",Seed,1500000,EUR,2021-04-15,https://www.meditect.com,"Meditec, an app that allows people to scan pharmaceutical packaging to ensure their authenticity and fight against counterfeit medicines.",LBO France,"Health Care, Medical, Pharmaceutical",
Amédia Solutions,"Brive-la-gaillarde, Limousin, France, Europe",,1500000,EUR,2021-04-15,https://www.amediasolutions.fr,Amédia Solutions is an IT service provider and telecom operator.,"AQUITI Gestion, Bpifrance","Cloud Security, Information Services, Telecommunications",
Rosaly,"Paris, Ile-de-France, France, Europe",Seed,1500000,EUR,2021-04-18,https://www.rosaly.com,Rosaly is a financial service provider company.,"Bankin', Dassault Systemes, Didier Valet, EQT Ventures, mantu, PayPlug, ProcessOut","Financial Services, Service Industry",
Agilitest,"Biguglia, Corse, France, Europe",Series A,1500000,EUR,2021-06-24,https://www.agilitest.com/,"Agilitest provides all software testers with an intuitive and robust way to create, maintain and execute automated functional tests.",Thierry Petit,"DevOps, Internet, Mobile, Software, Web Development",
Keenturtle,"Paris, Ile-de-France, France, Europe",,1500000,EUR,2021-08-02,https://www.keenturtle.com/,Keenturtle is a medical technology company that offers e health solutions.,"Extens, Sham","Database, Health Care, Medical, Medical Device",
Bleexo,"Toulouse, Midi-Pyrenees, France, Europe",Seed,1500000,EUR,2021-07-01,http://www.bleexo.com/en,Bleexo is a software-as-a-service platform.,"M Capital Partners, Paris Business Angels, Techmind","Artificial Intelligence (AI), Human Resources, Machine Learning, SaaS, Software",
Agilitest,"Biguglia, Corse, France, Europe",Seed,1500000,EUR,2021-07-01,https://www.agilitest.com/,"Agilitest provides all software testers with an intuitive and robust way to create, maintain and execute automated functional tests.","Bpifrance, SIDE Capital","DevOps, Internet, Mobile, Software, Web Development",
Hubcycle,"Avignon, Provence-Alpes-Cote d'Azur, France, Europe",Seed,1500000,EUR,2021-03-23,https://www.hubcycled.com/,Hubcycle converts fruit and vegetable waste into raw materials for the hygiene and food industries.,"Cedric Sellin, Daphni, Jean-Charles Morisseau, Sofiane Ammar, Swen Capital Partners","Environmental Consulting, Professional Services, Recycling",
OCTOPIZE,"Nantes, Pays de la Loire, France, Europe",Seed,1500000,EUR,2021-09-15,https://www.octopize.io,OCTOPIZE develops synthetic data software designed for the anonymization and visualization of data.,"Atlantique Vendée Innovation, Bpifrance, Pays de la Loire Participations, Pays de la Loire region","Analytics, Artificial Intelligence (AI), Big Data, Machine Learning, Privacy, SaaS, Software",
Brik,"Paris, Ile-de-France, France, Europe",Seed,1500000,EUR,2021-09-16,https://www.brik.com,The community of real estate investment owners,"Edgard Bonte, GSD Venture Studios, Julien Lemarchand, Martin Duhamel, Thomas Thumerelle",Real Estate Investment,
Olgram,"Bréhan-loudéac, Bretagne, France, Europe",Seed,1500000,EUR,2021-03-31,https://www.olgram.com/,Olgram is a biotechnology company that develops marine molecules for the prevention and control of chronic bacterial infections.,Bpifrance,"Biotechnology, Medical",
Next Station,"Paris, Ile-de-France, France, Europe",,1500000,EUR,2021-10-20,https://www.nextstation.com/fr,Next Station is a smart recruiting platform.,"Cabiedes & Partners, Denis Fayolle","Recruiting, Staffing Agency",
Akewatu,"Lège, Aquitaine, France, Europe",Seed,1500000,EUR,2021-11-02,https://www.akewatu.com/,"Akewatu offers a wide collection of sporting goods such as surfboard, skateboard, clothing and related accessories.",TLF Ventures,"E-Commerce, Outdoors, Recreation, Sporting Goods",
WATTPARK,"Saclas, Centre, France, Europe",Seed,1500000,EUR,2021-11-15,https://www.wattpark.eu/,WattPark is the first smart charging station that you can book and monetize.,"Double Cap, Les Business Angels des Grandes Écoles, Seed for Good, WiSEED","Charging Infrastructure, Facilities Support Services, Mobile",
Hera,"Paris, Ile-de-France, France, Europe",Seed,1700000,USD,2021-10-25,https://hera.so/,"Hera is building a Calendar app with an emphasis on productivity, with a number of overt and more subtle features aimed at helping people.","Alexis Bonillo, Calvin French-Owen, Eurazeo, John Gabaix, Karthik Puvvada, Kima Ventures, Kyle Parrish, Notion Capital, Thibaud Elziere","Computer, Software",
askR.ai,"Paris, Ile-de-France, France, Europe",Seed,1500000,EUR,2021-11-30,https://fr.kaptaincharlie.com/,"askR.ai the first AI-based data assistant which instantly answers your business questions by processing your data, with no skills needed.","Banques Populaires, Bpifrance, Pleiade Venture","Artificial Intelligence (AI), Collaboration, Retail, Retail Technology, Software",
Front-Commerce,"Toulouse, Midi-Pyrenees, France, Europe",Seed,1500000,EUR,2021-11-26,https://front-commerce.com,"Front-Commerce renders UX design, architecture, PWA e-commerce, fast loading, training, project support and system integration services.","Denis Lafont-Trévisan, Kima Ventures","E-Commerce, Enterprise Software, SaaS, Software",
Califrais,"Paris, Ile-de-France, France, Europe",Seed,1500000,EUR,2021-12-01,https://www.califrais.fr/,Califrais is a B2B fresh-produce procurement service that specializes in AI-driven technological solutions to optimize food distribution.,,"Artificial Intelligence (AI), E-Commerce, Food and Beverage, Logistics",
Fasteesh,"Lyon, Rhone-Alpes, France, Europe",Seed,1400000,EUR,2021-06-14,https://fasteesh.com/en,Medical device for caregivers allowing efficient toothbrushing in 10 seconds in establishments or at home.,LO Capital,"B2B, B2C, Dental, E-Commerce, Medical Device",
Joe,"Paris, Ile-de-France, France, Europe",Seed,1500000,EUR,2021-12-15,https://joe-app.com/,Joe is a BNPL for consumers that allows ALL expenses to be paid in several installments.,"115K, Camille Tyan, Gilad Engel, Mark Ransford, Olivier Pailhès, Quentin Nickmans, Thibaud Elziere, Y Combinator","Finance, Financial Services, Payments",
Lafreto,"Aubière, Auvergne, France, Europe",,1500000,EUR,2021-12-14,https://www.lafreto.com,Lafreto is a holding company that owns a number of sporting goods brands.,Societe Generale Capital Partners,"Brand Marketing, E-Commerce, Sporting Goods, Sports",
Buldi,"Vannes, Bretagne, France, Europe",Seed,1400000,EUR,2021-06-16,https://www.buldi.fr,Buldi helps customers find a house builder matching their needs.,"Breizh Up, The Moon Venture","Advice, PropTech, Real Estate, Real Time",
Biloba,"Paris, Ile-de-France, France, Europe",Seed,1400000,EUR,2021-04-13,https://biloba.com,Biloba is a medical consultation platform telemedicine app connecting users with doctors and pediatrician.,"Acequia Capital (AceCap), Aglaé Ventures, Didier Valet, Edward Lando, Inventures, Jon Oringer, Nadav Ben-Chanoch, Pareto Holdings, Possible Ventures","Consumer Applications, Health Care, mHealth, Mobile Apps, Personal Health",
Lisaqua,"Nantes, Pays de la Loire, France, Europe",Seed,1400000,EUR,2021-08-08,https://www.lisaqua.com/,Lisaqua is developing an aquaculture system to grow prawns without antibiotics and with low environmental impact.,Bpifrance,"Agriculture, Aquaculture, Farming",
SPARTHA Medical,"Strasbourg, Alsace, France, Europe",Seed,1400000,EUR,2021-12-08,https://sparthamedical.eu,SPARTHA Medical develops personalised multifunctional coatings with antimicrobial and anti-inflammatory properties.,"Alsace Business Angels, Bpifrance, WiSEED, YEAST","Consulting, Medical",
Keypup,"La Rochelle, Poitou-Charentes, France, Europe",Pre-Seed,1400000,EUR,2021-12-01,https://keypup.io,"SaaS, Software Development, Artificial Intelligence, Machine Learning",Newfund,"Analytics, Artificial Intelligence (AI), Developer Tools, Information Technology, Internet, Predictive Analytics, SaaS, Software",
Stratosfair,"Lanester, Bretagne, France, Europe",Pre-Seed,1300000,EUR,2021-02-22,https://stratosfair.com/,Stratosfair is an innovative start-up that provides a concrete and local solution.,,Data Center,
Arrago,"Paris, Ile-de-France, France, Europe",Pre-Seed,1300000,EUR,2021-01-01,https://arrago.fr,Arrago is a fintech lending platform specialised in mortgage life loans.,,"Credit, Finance, Financial Services, FinTech",
Kwit,"Strasbourg, Alsace, France, Europe",Seed,1300000,EUR,2021-01-19,https://kwit.app/,Kwit develops smoking cessation scientific methods and helps you on a daily basis with positivity and kindness.,"Alsace Business Angels, Bpifrance, Caisse d’Epargne, Kima Ventures, YEAST.","Enterprise Software, Health Care",
CVasThera,"Castres, Midi-Pyrenees, France, Europe",Seed,1300000,EUR,2021-03-03,http://www.cvasthera.com/,CVasThera is a biopharmaceutical company that specializes in the development of novel therapies for cardiovascular and bowel pathologies.,OCSEED,"Biotechnology, Pharmaceutical",
Potions,"Rouen, Haute-Normandie, France, Europe",Seed,1300000,EUR,2021-04-19,https://get-potions.com/,Potions develops data analysis solutions for e-commerce websites.,"Bpifrance, Crédit Agricole, SIDE Capital","Digital Marketing, E-Commerce, Internet",
Adequa,"Rouen, Haute-Normandie, France, Europe",Seed,1300000,EUR,2021-04-19,https://www.adequa.me,Adequa offers personalized experiences to visitors of e-commerce sites without the use of cookies.,SIDE Capital,Digital Marketing,
LIZEE,"Paris, Ile-de-France, France, Europe",Seed,1300000,EUR,2021-06-23,https://www.lizee.co/,LIZEE is a logistics and managed services solution.,"AA Sons, Alante Capital, Alexandre Ichai, Frédéric Metge, Ring Capital, Ring Mission, Romain Afflelou, Speedinvest, Volta Circle","Logistics, Rental, Supply Chain Management",
Signia Therapeutics,"Lyon, Rhone-Alpes, France, Europe",Series A,1300000,EUR,2021-10-20,https://signiatherapeutics.com/,Signia Therapeutics is an innovative French start-up company.,Neovacs,Medical,
Rzilient,"Paris, Ile-de-France, France, Europe",Seed,1300000,EUR,2021-10-18,https://www.rzilient.club/,Rzilient is a fleet management platform for information technology.,"Otium Capital, Pierre-Edouard Stérin","Consulting, Information Technology, Management Consulting",
Lynx Educate,"Paris, Ile-de-France, France, Europe",Pre-Seed,1300000,EUR,2021-09-29,https://www.lynxeducate.com,Lynx Educate is a career development solution to connect workers with education for their next role.,"Bisk Ventures, Brighteye Ventures, Emerge VC, Reach Capital, Rethink Education","Corporate Training, EdTech, Education, Employee Benefits",
Cardashift,"Paris, Ile-de-France, France, Europe",Pre-Seed,1500000,USD,2021-09-28,https://cardashift.com/,"Cardashift is a community-run launchpad that raises funds, builds, and accelerates startups solving social and environmental issues.","Orange DAO, smart-chain","Blockchain, Cryptocurrency, Sustainability",
Searoutes,"Marseille, Provence-Alpes-Cote d'Azur, France, Europe",Seed,1300000,EUR,2021-11-22,https://discover.searoutes.com,Searoutes.com is a cloud based route planning and weather solution API for freight.,"CMA CGM, OHB Venture Capital, Team ABC, WSB Windkraft Verwaltungs und Beteiligungs","Fleet Management, Logistics, Supply Chain Management, Transportation",
Blobr,"Paris, Ile-de-France, France, Europe",Pre-Seed,1200000,EUR,2021-01-22,https://www.blobr.io/,"Blobr is a SaaS company that offers API portal for internal teams, partners and customers.","Guillaume ""G"" Cabane, Kima Ventures, New Wave (VC), Seedcamp","Developer APIs, Information Technology, SaaS",
Aluvair,"La Guerche-de-bretagne, Bretagne, France, Europe",Seed,1200000,EUR,2021-05-19,http://www.aluvair.fr/,Aluvair is an aluminium carpentry service intended to serve property developers and general construction companies.,Crédit Mutuel Equity,"Construction, Manufacturing",
Joinsteer,"Paris, Ile-de-France, France, Europe",Seed,1289000,EUR,2021-12-01,https://www.joinsteer.com/,"Welcome to Joinsteer, the ultimate platform dedicated to the future of car financing. We curate the most exclusive Cars.","Alexis Berthoud, Thibaud Carrai","Automotive, Big Data, E-Commerce, Internet",
Ici Présent,"Meylan, Rhone-Alpes, France, Europe",Seed,1250000,EUR,2021-10-19,https://www.icipresent.com/,"Gift boxes of products and creations from French artisans, to offer or to treat yourself!",KREAXI,E-Commerce,
DigitecPharma,"La Ciotat, Provence-Alpes-Cote d'Azur, France, Europe",Pre-Seed,1200000,EUR,2021-02-17,https://www.digitecpharma.fr,DigitecPharma is a SaaS powered mobile application platform for patient relationship management for pharmaceutical dispensaries.,"Extens, Région Sud Investissement","Apps, Health Care, Mobile, Pharmaceutical, SaaS",
Polar Analytics,"Paris, Ile-de-France, France, Europe",Seed,1200000,EUR,2021-05-05,https://www.polaranalytics.com,Polar Analytics is a business intelligence software that offers reports and integrations for Shopify merchants.,"Andre Haddad, Frst, Guillaume ""G"" Cabane, Guillaume Luccisano, Kima Ventures, Romain Lapeyre","Analytics, Artificial Intelligence (AI), E-Commerce, SaaS, Software",
Imageens,"Paris, Ile-de-France, France, Europe",Seed,1200000,EUR,2021-04-15,https://www.imageens.com,Imageens develops a Web AI-Based platform for medical images analysis.,"CapHorn Invest, Coalescence, Les Business Angels des Grandes Écoles","Analytics, Medical, Medical Device",
Yavin,"Paris, Ile-de-France, France, Europe",Pre-Seed,1200000,EUR,2021-09-08,https://yavin.com,Yavin provides modern point-of-sale solutions for European merchants.,"Arthur Waller, Eduardo Ronzano, Pierre-Antoine Dusoulier, Renaud Visage, Seedcamp, Thibaud Elziere, Xavier Niel","Information Technology, Point of Sale, Software",
Viceversa,"Paris, Ile-de-France, France, Europe",Pre-Seed,1200000,EUR,2021-04-01,https://viceversa.xyz,"Viceversa is a 3D software company providing an API-built SAAS platform to store, manage and deploy 3D files in a brand’s digital ecosystem.",,"3D Technology, E-Commerce, Fashion, SaaS, Software, Virtual Goods",
Viceversa,"Paris, Ile-de-France, France, Europe",Pre-Seed,1200000,EUR,2021-04-01,https://viceversa.xyz,"Viceversa is a 3D software company providing an API-built SAAS platform to store, manage and deploy 3D files in a brand’s digital ecosystem.",,"3D Technology, E-Commerce, Fashion, SaaS, Software, Virtual Goods",
Heex Technologies,"Paris, Ile-de-France, France, Europe",Pre-Seed,1200000,EUR,2021-03-31,https://heex.io,Smart Data for AI development.,"Alexei Chemenda, Axel Toupane, Bpifrance, Eliott Kessas, Etienne Wey, Techstars, Tomcat, Transvalor, WILCO, William Riggs, Yves Dzialowski","Artificial Intelligence (AI), Autonomous Vehicles, Data Collection and Labeling, Data Management, Generative AI, Machine Learning, Robotics, Software",
Klara,"Paris, Ile-de-France, France, Europe",Seed,1200000,EUR,2021-10-01,https://www.klarahr.com/,Klara develops a solution that is both helpful and tailored to each employee.,SIDE Capital,"E-Learning, Employee Benefits, Training",
Cook-e,"Paris, Ile-de-France, France, Europe",Pre-Seed,1150000,EUR,2021-09-01,https://www.cook-e.com,Robotic is a technology company that develops professional robotic catering equipment and software for restaurants.,"Antoine Martin, Karot Capital, Serge Alleyne, Yan Hascoët","Food and Beverage, Robotics, Software",
Lyanne,"Paris, Ile-de-France, France, Europe",Seed,1200000,EUR,2021-11-30,https://www.lyanne.fr/,Lyanne is an insurance management platform that simplifies the management of claims and helps assert rights.,"50 Partners, Benjamin Gaignault, Business angels, Firstminute Capital, Nicolas Chartier, Thierry Petit","Customer Service, Employee Benefits, Insurance",
Feels,"Paris, Ile-de-France, France, Europe",Pre-Seed,1100000,EUR,2021-05-16,https://www.feels-app.com,Feels is a social discovery network that allows users to find and meet new people.,,"Content Creators, Dating, Mobile Apps, Social Media, Social Network",
Gaoma Therapeutics,"Les Auvergnes, Rhone-Alpes, France, Europe",Seed,1100000,EUR,2021-04-14,https://www.gaoma-tx.com/,Gaoma Therapeutics is a biotechnology company that develops therapeutic molecules for neurological and inflammatory diseases.,"Angels Santé, Health Angels Rhône-Alpes, PPRS Venture, Simba Santé","Biotechnology, Neuroscience",
Welyb,"Bordeaux, Aquitaine, France, Europe",Seed,1100000,EUR,2021-03-09,https://www.welyb.fr,Welyb is a SaaS startup platform.,SIDE Capital,"Finance, SaaS, Software",
Lemon,"Nanterre, Ile-de-France, France, Europe",Pre-Seed,1300000,USD,2021-04-01,https://lemon.fm,Lemon is a paid live video platform.,,"Internet, Payments, Video Conferencing",
Lemon,"Nanterre, Ile-de-France, France, Europe",Pre-Seed,1300000,USD,2021-04-01,https://lemon.fm,Lemon is a paid live video platform.,,"Internet, Payments, Video Conferencing",
Airthium,"Les-loges-en-josas, Ile-de-France, France, Europe",Seed,1272000,USD,2021-05-01,https://www.airthium.com,"Airthium guarantee the availability of solar and wind energy, all year long, making seasonal storage a reality.",,"Energy, Energy Management, Energy Storage, Renewable Energy",
Vesto,"Paris, Ile-de-France, France, Europe",Seed,1100000,EUR,2021-12-02,https://vesto.fr,Vesto has set up an industrial area specifically for the repurposing of equipment used by restaurateurs.,"Cameleon Invest, Dominique Laugier, Makesense Seed I, Région Ile-de-France","Catering, Restaurants",
PlanetWatch,"Saint-genis-pouilly, Rhone-Alpes, France, Europe",Seed,1048100,EUR,2021-07-22,https://www.planetwatch.io,Decentralizing and incentivizing environmental monitoring,,"Big Data, Blockchain, Environmental Consulting, Internet of Things",
Pickme,"Paris, Ile-de-France, France, Europe",Pre-Seed,1000000,EUR,2021-06-02,https://www.mypickme.com/,"Pickme do magic by turning neighbors into local and social pickup point, for a seamless, efficient and sustainable post-purchase experience","AA Sons, Founders Future","Delivery, Delivery Service, E-Commerce, Internet, Logistics, Mobile Apps, Transportation",
SeaBeLife,"Roscoff, Bretagne, France, Europe",Seed,1000000,EUR,2021-05-28,https://www.seabelife.com/,SeaBeLife is a biotechnology company that develops a range of drug candidates.,Ava capital,"Biotechnology, Health Care, Medical",
HD Rain,"Paris, Ile-de-France, France, Europe",Seed,1000000,EUR,2021-01-21,https://hd-rain.com/,"HD Rain measures, analyzes, and forecasts weather.","Kima Ventures, Newfund","Data Collection and Labeling, Data Visualization, Environmental Consulting",
Soan,"Paris, Ile-de-France, France, Europe",Seed,1000000,EUR,2021-01-01,https://www.soansolutions.com,Soan is an online payment solution and a free suite of tools that serve the success of freelance projects.,Aonia Ventures,Financial Services,
On train,"Paris, Ile-de-France, France, Europe",Seed,1000000,EUR,2021-05-15,https://on-train.com/,On train is a B2B educational platform providing vocational training courses to companies looking to have their employees expand horizons.,Bpifrance,"B2B, Education, Training",
Trustt,"Paris, Ile-de-France, France, Europe",Seed,1000000,EUR,2021-02-26,https://www.trustt.io/,Trustt is a SaaS solution that guarantees product success with proprietary communities.,Tomcat Invest,"Real Estate, SaaS, Software",
GoMyPartner,"Lille, Nord-Pas-de-Calais, France, Europe",Pre-Seed,1000000,EUR,2021-02-01,https://www.gomypartner.com,"GoMyPartner, finance sports activity through your daily purchases. Benefit from many good plans allowing to save money.",Bpifrance,"Recreation, Retail, Shopping, Sports",
Mapatho,"Paris, Ile-de-France, France, Europe",Seed,1000000,EUR,2021-05-03,https://www.mapatho.com/,Mapatho developed an online medical directory and search platform designed to allow patients to find free medical and pathology experts.,Angels Santé,"Fitness, Health Care, Wellness",
Upfeel,"Paris, Ile-de-France, France, Europe",Seed,1000000,EUR,2021-03-01,https://www.upfeel.com,Upfeel is the first Team Coaching Program,,,
Click & Savour,"Paris, Ile-de-France, France, Europe",Seed,1000000,EUR,2021-03-01,https://www.clickandsavour.com/,Building the future of online restaurant,"High Flyers Capital, Virtual Network","Food and Beverage, Food Processing, Restaurants",
Stiilt,"Nice, Provence-Alpes-Cote d'Azur, France, Europe",Seed,1000000,EUR,2021-04-19,http://www.stiilt.com/,Stiilt operates an online vehicle rental system.,Bpifrance,"Apps, Leisure, Tourism, Transportation, Travel",
NessPay,"Fresnes, Ile-de-France, France, Europe",Pre-Seed,1200000,USD,2021-11-01,https://www.nesspay.co,NessPay is a financial services firm that offers employee benefits services.,"Kima Ventures, Mister Temp, Pumpkin, Super Capital VC","Employee Benefits, Finance, Financial Services, Recruiting",
Exorde Labs,"Lyon, Rhone-Alpes, France, Europe",Seed,1200000,USD,2021-12-01,https://exorde.network/,Exorde is the Web 3.0 network that empowers developers to scrape and link all public data on the web.,"BlackDragon, Insignius Capital, Outlier Ventures, Palar Capital, Protocol Labs, Vespertine Capital","Big Data, Blockchain, Information Technology, Software, Web3",
Cryptio,"Paris, Ile-de-France, France, Europe",Seed,1200000,USD,2021-04-06,https://cryptio.co,"Cryptio is a fintech and SaaS company that offer accounting, audit and tax software for digital assets.","ConsenSys Mesh, Draper Associates, SGH CAPITAL","Accounting, Analytics, Blockchain, Cryptocurrency, FinTech",
Chipiron,"Paris, Ile-de-France, France, Europe",Pre-Seed,1200000,USD,2021-05-31,https://www.chipiron.co,"Chipiron is a company that designs, manufactures, and markets a new generation of portable, inexpensive and powerful MRI machines.",Entrepreneurs First,"Emergency Medicine, Health Care, Health Diagnostics, Home Health Care, Manufacturing, Medical, Medical Device, Personal Health",
Pongo,"Paris, Ile-de-France, France, Europe",Seed,1000000,EUR,2021-04-14,https://www.heypongo.com/,Pongo has created for you the first intelligent loyalty program that merchants use to increase their frequency of visits.,Frst,"Information Services, Information Technology",
Wiloki,"Paris, Ile-de-France, France, Europe",Seed,1000000,EUR,2021-04-16,https://wiloki.com,Wiloki is an innovative and motivating platform for children and teenagers aged 7 to 14.,Invus,"EdTech, Education, Training",
Circle Sportswear,"Paris, Ile-de-France, France, Europe",Seed,1000000,EUR,2021-04-08,https://www.circlesportswear.com/,Circle Sportswear is a circular and sustainable premium sportswear DNVB.,AA Sons,"E-Commerce, Fashion, Sports, Sustainability",
MerciYanis,"Labège, Midi-Pyrenees, France, Europe",Seed,1000000,EUR,2021-06-17,https://www.merciyanis.com/,MerciYanis is a start-up that uses the Internet of Things to connect buildings and help work environment departments.,Damien Guermonprez,Internet of Things,
Joe,"Paris, Ile-de-France, France, Europe",Seed,1000000,EUR,2021-04-07,https://joe-app.com/,Joe is a BNPL for consumers that allows ALL expenses to be paid in several installments.,"David Amsellem, David Barbe, Jean-Baptiste Hironde, Jean-Marc Bouhelier, Salomon Aiach","Finance, Financial Services, Payments",
Bene Bono,"Paris, Ile-de-France, France, Europe",Pre-Seed,1000000,EUR,2021-07-01,https://benebono.fr/,Bene Bono is an online store that provides seasonal fruit and vegetable products.,"Bertrand Jelensperger, Gokul Rajaram, Nicolas Douay, Stride.VC, Tet Ventures","Food and Beverage, Food Processing, Manufacturing",
TODAY,"Paris, Ile-de-France, France, Europe",Seed,1000000,EUR,2021-09-01,https://to.day/,"Insurtech based in Paris building innovative insurance products for Pets, Health Homes, Cars and Urban mobility",Opera Venture,"FinTech, Insurance",
WYCA Robotics,"Toulouse, Midi-Pyrenees, France, Europe",Seed,1000000,EUR,2021-09-10,http://www.wyca-robotics.com,WYCA Robotics develops accessible indoor autonomous vehicles.,M Capital Partners,"Industrial Automation, Logistics, Retail Technology, Robotics",
Sensaterra,"Paris, Ile-de-France, France, Europe",Pre-Seed,1000000,EUR,2021-03-31,https://www.sensaterra.com,"Sensaterra is an e-commerce platform for coffees, teas, chocolates, herbal teas, and equipment.",Denis Fayolle,"Coffee, E-Commerce, Tea",
UPLAW,"Paris, Ile-de-France, France, Europe",Seed,1000000,EUR,2021-10-21,https://up.law,UPLAW provides resourceful technology solution for digitizing the company's securities accounting.,,,
TopOrder,"Lyon, Rhone-Alpes, France, Europe",Seed,1000000,EUR,2021-10-15,https://toporder.fr/,TopOrder is a provider of point-of-sale software solutions for retailers and merchants.,"Angelor, BPI Capital Corporation",Software,
Kura,"Vendenesse-lès-charolles, Bourgogne, France, Europe",Seed,1000000,EUR,2021-11-01,https://www.kuradebourgogne.com/,"Kura product is sold at organic or bulk stores, delicatessens, and wine merchants, and to chefs.",Biocoop,"Food and Beverage, Wine And Spirits",
SupAirVision,"Rosières-près-troyes, Champagne-Ardenne, France, Europe",Seed,1000000,EUR,2021-10-26,https://supairvision.com/fr/nos-services,SupAirVision provides effective solutions for wind turbine inspection and fleet management with thermal analysis and drone rental services.,"Bpifrance, Industrya","Air Transportation, Drone Management, Fleet Management, Rental",
Mangas.io,"Paris, Ile-de-France, France, Europe",Seed,1000000,EUR,2021-10-29,https://www.mangas.io,Mangas.io is an online platform that allows users to read mangas chapters online.,"Bpifrance, Ifcic","Digital Media, Media and Entertainment, Online Portals",
Fleeti,"Bidart, Aquitaine, France, Europe",Seed,1000000,EUR,2021-10-11,http://www.fleeti.co,"Fleeti is a digital platform for the management of vehicles, heavy machinery, and industrial equipment.","Clim group, Janngo, MapInvest, Newfund, Skalepark","Fleet Management, Internet of Things, Logistics, SaaS",
Edusign,"Paris, Ile-de-France, France, Europe",Seed,1000000,EUR,2021-11-12,https://www.edusign.com,Edusign is a SaaS provider for white labeled app in education,Shapr Ventures,"Corporate Training, Education, Internet, SaaS, Software, Training",
Vianova,"Paris, Ile-de-France, France, Europe",Seed,1000000,EUR,2021-11-15,https://www.vianova.io,Vianova is a mobility data platform for managing connected and shared mobility in the urban public realm.,"Contrarian Ventures, Ponooc, RATP Capital Innovation, Rebel","Big Data, Information Technology, Logistics, Transportation",
LoneScale,"Paris, Ile-de-France, France, Europe",Seed,1000000,EUR,2021-12-01,https://www.lonescale.com,LoneScale is an innovative B2B data solution.,OneRagtime,"Analytics, Internet, Online Auctions, SaaS",
jho.,"Nantes, Pays de la Loire, France, Europe",Series A,1000000,EUR,2021-12-01,https://www.jho.fr/,"jho. is a retail startup that provides organic cotton tampons, sanitary napkins and panty liners.",KIMPA,"E-Commerce, Personal Care and Hygiene, Personal Health, Women's",
Hypr Space (Hybrid Propulsion for Space),"Bordeaux, Aquitaine, France, Europe",Seed,1000000,EUR,2021-12-01,https://hybrid-propulsion.space,"We develop nextgen propulsion technologies, cheaper, quicker and greener for earth to space and space to space transportation systems.",,"Aerospace, Space Travel",
Gest and Loc,"Le Puget-sur-argens, Provence-Alpes-Cote d'Azur, France, Europe",Seed,1000000,EUR,2021-12-01,https://www.gestandloc.com/,Gest and Loc offers property management outsourcing solutions for real estate professionals.,,"Outsourcing, Property Management, Real Estate",
United Visual Researchers,"Laval, Pays de la Loire, France, Europe",Pre-Seed,1000000,EUR,2021-12-10,http://www.united-vr.com,Predictive Solutions for Computer Aided Appearance Design CA²D.,Stephane Imbert,Information Technology,
FidéCoin by FideClub,"Paris, Ile-de-France, France, Europe",Pre-Seed,1002245,EUR,2021-12-15,https://fidecoin.com/,FidéCoin is the first currency of loyalty on WhatsApp,RAMACORP Int,"Digital Marketing, FinTech, Internet, Loyalty Programs, Marketing, Payments",
Dyameo,"Limoges, Limousin, France, Europe",Seed,1000000,EUR,2021-11-22,https://dyameo.com/,Dyameo develops single-use endoscopic probes for the instant detection of cancer cells.,"AQUITI Gestion, Medevice","Biotechnology, Health Care, Medical Device",
SkewerLab,"Saint-pierre-d'albigny, Rhone-Alpes, France, Europe",Seed,900000,EUR,2021-02-15,https://www.skewerlab.com,SkewerLab is a SaaS that enables brands to be relevant in their video marketing.,,"Advertising, Content Marketing, Marketing, Marketing Automation, Sales Automation, Software, Video, Video Editing, Video Streaming",
FIK Coffee House,"Montpellier, Languedoc-Roussillon, France, Europe",Seed,780000,GBP,2021-08-01,https://www.fik-kaffe.com/,"FIK Coffee House offers good food and drink, provenance, and friendly service.",,"Coffee, Food and Beverage",
Trustoo,"Paris, Ile-de-France, France, Europe",Seed,900000,EUR,2021-04-12,https://trustoo.fr/,Trustoo specialized in the pre-purchase inspection of used cars.,"Christophe Sapet, HCPV Ventures, Liyes Haddad","Consumer, E-Commerce",
Beev,"Paris, Ile-de-France, France, Europe",Pre-Seed,900000,EUR,2021-09-15,https://beev.co/,"Beev delivers seamless 100% digital solutions for purchasing electric vehicles and charging stations, Empowering sustainable mobility",Via ID,"Charging Infrastructure, Electric Vehicle",
Agripolis,"Paris, Ile-de-France, France, Europe",Seed,850000,EUR,2021-06-01,http://agripolis.eu,"Agripolis is a urban farming company that designs, builds and operates rooftops in urban areas for fresh vegetable and fruit production.","FAMM, Femmes Business Angels, WeLikeStartup",Agriculture,
MerciApp,"Paris, Ile-de-France, France, Europe",Pre-Seed,850000,EUR,2021-05-03,https://www.merci-app.com/,MerciApp is a spellchecker that helps people write faster and better in French.,Isai,"Apps, Information Technology, Software",
Diagnoly,"Lyon, Rhone-Alpes, France, Europe",Pre-Seed,900000,EUR,2021-12-01,https://diagnoly.com/,Diagnoly is an AI-powered medical hardware device for prenatal detection of fetal abnormalities in real-time.,Angelor,"Artificial Intelligence (AI), Machine Learning, Medical Device, Software",
Station,"Paris, Ile-de-France, France, Europe",Seed,1000000,USD,2021-01-17,https://getstation.com,Station aims to be the app store of software-as-a-service by becoming the web browser people use while at work.,Blue Moon,"iOS, Mobile Apps, Productivity Tools, SaaS, Software",
Polar Analytics,"Paris, Ile-de-France, France, Europe",Seed,1000000,USD,2021-01-25,https://www.polaranalytics.com,Polar Analytics is a business intelligence software that offers reports and integrations for Shopify merchants.,,"Analytics, Artificial Intelligence (AI), E-Commerce, SaaS, Software",
Peculium,"Nanterre, Ile-de-France, France, Europe",Seed,1000000,USD,2021-04-10,https://peculium.io/,Peculium is a blockchain platform that provides digital wealth management and savings solutions using cryptocurrency and AI technologies,,"Blockchain, Cryptocurrency, Financial Services, FinTech, Wealth Management",
Liberare (Formerly Intimately),"Paris, Ile-de-France, France, Europe",Seed,1000000,USD,2021-11-18,https://www.liberare.co/,Liberare is an e-tailer for adaptive undergarments and a community for disabled women.,"Alexandra Fine, British Fashion Council, Michelle Kennedy, Sarah Drinkwater, Steph Korey Goodwin, Venrex","E-Commerce, Fashion, Women's",
Javelot,"Wasquehal, Nord-Pas-de-Calais, France, Europe",Series A,1000000,USD,2021-07-05,https://www.javelot-agriculture.com/,Javelot provides the storage of agricultural raw materials.,Thierry Petit,"Agriculture, Farming, Self-Storage",
CrunchDAO,"Paris, Ile-de-France, France, Europe",Pre-Seed,1000000,USD,2021-12-01,https://crunchdao.com,"elite ML community (+10,000 data scientists +1,200 PhDs) that develops alpha-generating insights through its collective intelligence network",,Cryptocurrency,
Crew.work,"Paris, Ile-de-France, France, Europe",Seed,1000000,USD,2021-09-01,https://crew.work,Crew.work provides all-in-one productivity tool designed for recruiters.,"Eduardo Ronzano, Youcef Es-skouri","CRM, Recruiting, Software",
Bridge.audio,"Paris, Ile-de-France, France, Europe",Seed,1000000,USD,2021-07-05,https://www.bridge.audio/,Cloud-based SaaS for music and audio professionals,Alain Garnier,"Audio, Music, SaaS, Software",
Bricks,"Montpellier, Languedoc-Roussillon, France, Europe",Pre-Seed,1000000,USD,2021-07-30,http://bricks.co/,Bricks is a real estate investment platform that enables people to invest in real estate and benefit from a rental income every month.,"Denis Lafont-Trévisan, Eduardo Ronzano",Real Estate,
APWine,"Paris, Ile-de-France, France, Europe",Seed,1000000,USD,2021-03-25,https://www.apwine.fi,APWine provides DeFi protocol allowing to trade unrealised yield.,"0x Ashish, Ajit Tripathi, Alessio Delmonti, Avihu Levy, Caleb Sheridan, Chandresh Aharwar, Daryl Lau, Decentralab, Delphi Ventures, Doo Wan Nam, Dydy Moon, Gustav Arentoft, Harvest Finance, Jarvis Network, Julien Bouteloup, Manu Red Pills, Marcos del Rio, Marc Zeller, Nathan Sexer, Rarestone Capital, Sajida Zouarhi, Simon Polrot, Spincrypto, Ternary Capital, The Spartan Group, TokenBrice","Computer, Software",
Diafir,"Rennes, Bretagne, France, Europe",Pre-Seed,800000,EUR,2021-05-19,http://diafir.com/,"DIAFIR develops, manufactures and markets fast biological analytical tools based upon unique infra red fiber sensor technology.","GO CAPITAL, Happy Capital","Biotechnology, Manufacturing, Medical Device, Sensor",
The Digital Patisserie,"Paris, Ile-de-France, France, Europe",Pre-Seed,842000,EUR,2021-12-31,https://www.lapatisserienumerique.com,The Digital Patisserie develops 3D printing technology for pastry creation and provides digital tools for culinary design.,Wind,"3D Printing, Bakery, Food and Beverage, Food Processing, Manufacturing",
Datacapt,"Lyon, Rhone-Alpes, France, Europe",Pre-Seed,774000,EUR,2021-01-16,https://www.datacapt.com,Datacapt is a cloud-based clinical data management system with features for decentralized clinical trials.,,"Clinical Trials, Data Management, Electronic Health Record (EHR), Health Diagnostics, Information Technology, Medical Device, Pharmaceutical, Software",
Santexpat.fr,"La Bourse, Centre, France, Europe",Seed,750000,EUR,2021-02-09,https://santexpat.fr/,Santexpat is a health insurance platform for French expatriates in more than 200 countries,Accurafy 4,"Health Insurance, Insurance",
Encheres Immo,"Paris, Ile-de-France, France, Europe",Pre-Seed,800000,EUR,2021-12-01,https://www.encheres-immo.com,Encheres Immo is a platform that helps digitize real estate transactions with complete transparency for real estate professionals.,,"PaaS, PropTech, Real Estate, SaaS",
Urban Radar,"Paris, Ile-de-France, France, Europe",Pre-Seed,750000,EUR,2021-04-30,http://www.urbanradar.io,Big data solution for urban planners,EIT Urban Mobility,"Logistics, Smart Cities, Transportation",
Quartz,"Paris, Ile-de-France, France, Europe",Seed,700000,EUR,2021-01-07,https://quartz.eu,"Quartz provides online business, employee, and health insurance services.","Damien Guermonprez, Didier Kuhn, Inovexus","Commercial Insurance, Health Care, Health Insurance, Life Insurance, Risk Management",
Elmut,"Paris, Ile-de-France, France, Europe",Seed,700000,EUR,2021-04-19,https://www.elmut.fr,Elmut is a fresh dogfood subscription that cooks and delivers fresh home-cooked meals for their dog.,,"Agriculture, Delivery, E-Commerce, Food and Beverage, Health Care",
Meta API,"Le Perreux-sur-marne, Ile-de-France, France, Europe",Pre-Seed,700000,EUR,2021-06-17,https://www.meta-api.io,Meta API is an SaaS platform for API integration.,Newfund,"Information Technology, Internet, Software, Web Development",
Eatic,"Paris, Ile-de-France, France, Europe",Pre-Seed,700000,EUR,2021-07-30,https://eatic.fr/,Eatic offers health and the environment an alternative to home meal delivery.,,"Consumer Goods, Restaurants",
WizyVision,"Paris, Ile-de-France, France, Europe",Pre-Seed,700000,EUR,2021-07-15,https://wizyvision.com,WizyVision accelerates Frontline Work with Images,BACS-Innov,"Artificial Intelligence (AI), Machine Learning, Mobile Apps, SaaS, Software",
Seekyo,"Poitiers, Poitou-Charentes, France, Europe",Seed,650000,EUR,2021-03-18,https://www.seekyo-therapeutics.com/,SEEKYO is a privately-owned biotech company developing the next generation of chemotherapies.,Bpifrance,"Biotechnology, Life Science, Therapeutics",
Ublo,"Paris, Ile-de-France, France, Europe",Seed,625000,EUR,2021-05-17,https://www.ublo.immo/,Ublo is a software startup developing a rental management tool for real estate owners.,"Alexandre Cognard, Bpifrance, Didier Valet, Florian Douetteau, Philippe Laufer, Raphael Assouline, Xavier Niel","Real Estate, Rental, Software",
ShareID,"Neuilly-sur-seine, Ile-de-France, France, Europe",Pre-Seed,630000,EUR,2021-04-20,https://www.shareid.ai,The identity hub for the eIDAS 2.0 era,"Bernard Mourad, Entrepreneurs First","Biometrics, Cyber Security, Fraud Detection, Identity Management",
Rushmix,"Lyon, Rhone-Alpes, France, Europe",Pre-Seed,750000,USD,2021-05-04,https://www.rushmix.com/en/,Rushmix developed a movie editing platform for consumers and other businesses looking to turn pictures and videos into a short movie.,"BJ Invest, Bpifrance","Internet, Software, Video",
MyBeezBox,"Boulogne-billancourt, Ile-de-France, France, Europe",Pre-Seed,630000,EUR,2021-07-29,https://www.mybeezbox.com/,"MyBeezBox provides a gift voucher and gift box solution for leisure tourism companies,","FoodXpert, French Touch Fund","Gift, Gift Card, Payments, Tourism",
Deemea,"Paris, Ile-de-France, France, Europe",Pre-Seed,625000,EUR,2021-03-05,https://deemea.com,Re-imaging biomedical research,,"Artificial Intelligence (AI), Database, Health Care, Software",
elendi,"Paris, Ile-de-France, France, Europe",Pre-Seed,625000,EUR,2021-08-05,https://www.elendi.ai/,elendi is a platform that manages the engagement and capabilities of the company.,Jean-Luc Bernard,,
Rollee,"Paris, Ile-de-France, France, Europe",Pre-Seed,600000,EUR,2021-06-01,https://www.getrollee.com,The Platform for Employment Data in Europe,,"Information Technology, Software",
SYLPHAERO,"Mérignac, Aquitaine, France, Europe",Pre-Seed,600000,EUR,2021-05-15,https://www.sylphaero.com,Fully electric jet engines for zero-emission aircraft propulsion.,"Airbus Développement, European Space Agency, Horizon Europe, La French Tech, Région Nouvelle-Aquitaine, Réseau Entreprendre","Aerospace, Electric Vehicle, GreenTech",
World Gaming Federation,"Paris, Ile-de-France, France, Europe",Series A,601000,EUR,2021-03-01,http://www.wgf.gg,"World Gaming Federation is a startup specializing in the eSports market that support brands, companies, and institutions in their projects.",,"B2B, Big Data, Computer, Gaming, PC Games, Video Games",
Semana,"Paris, Ile-de-France, France, Europe",Seed,600000,EUR,2021-05-06,https://www.semana.io/,Semana developed a SAAS tool for working spaces which optimizes remote work planning to flatten office.,"Anthony Nakache, Bpifrance, Entrepreneurs First","B2B, SaaS, Software",
Bolero,"Paris, Ile-de-France, France, Europe",Pre-Seed,600000,EUR,2021-07-31,https://www.boleromusic.com,Bolero provides a platform that enables users to invest in music rights and earn royalties from the commercial performance of songs.,Newfund,"Blockchain, FinTech, Music",
OneWave,"Rennes, Bretagne, France, Europe",Pre-Seed,600000,EUR,2021-07-14,http://www.onewave.io,OneWave revolutionizes identity and authentication management with a secure connected card.,,,821237815
SorareData,"Paris, Ile-de-France, France, Europe",Pre-Seed,590000,EUR,2021-09-02,https://www.soraredata.com,"SorareData is the platform of choice for Sorare players. It features player metrics, market statistics, decision-making tools, side games.","Cygni Labs, Kima Ventures, Seedcamp","Casual Games, Sports",
Polkally,"Fressancourt, Picardie, France, Europe",Pre-Seed,700000,USD,2021-05-04,https://www.polkally.com,Polkally provides a platform for EVM-based blockchains and consulting services.,"Bigcoin Capital, Blocksync Ventures, Exnetwork Capital, ICO Pantera, Kyros Ventures, LVT Capital, Moondot Capital, SMO Capital, Titans Ventures, X21 Digital","Blockchain, Consulting, Non-Fungible Token (NFT)",898587241
The Cross Product,"Fontainebleau, Ile-de-France, France, Europe",Pre-Seed,600000,EUR,2021-10-22,https://www.thecrossproduct.com/,"TheCrossProduct provides software for infrastructure management (rail, road,...), using 3D LiDAR and AI for automated large-scale analysis",,"Civil Engineering, Infrastructure, SaaS, Software",
Abyssale,"Paris, Ile-de-France, France, Europe",Seed,600000,EUR,2021-11-30,https://www.abyssale.com/?utm_source=crunchbase&utm_medium=website&utm_campaign=abyssale_company,Abyssale is a banner creation platform that enables you to generate stunning social media and online advertising for your brand.,"Founders Future, Guillaume Lestrade, Kima Ventures, Matthieu Besozzi","Advertising, Developer APIs, Graphic Design, Marketing Automation",
DESIGN MARKET,"Paris, Ile-de-France, France, Europe",Seed,600000,EUR,2021-11-27,https://www.design-mkt.com,DESIGN MARKET is a Marketplace for second hand vintage furniture. The website gathers thousands of design professionals online.,"Mathieu Tarnus, Olivier Vaury","E-Commerce, Furniture, Internet, Marketplace",
Synchronized,"Sucy-en-brie, Ile-de-France, France, Europe",Seed,600225,EUR,2021-12-03,http://www.synchronized.tv/,"Synchronized is an AI-powered in-video intelligence platform automating editorial tasks for broadcasters, OTT, and studios.",,"Artificial Intelligence (AI), Media and Entertainment",
Lyophitech,"Villeurbanne, Rhone-Alpes, France, Europe",Pre-Seed,570000,EUR,2021-11-13,http://www.lyophitech.fr,"Lyophitech is a freeze-drying, microbiology, probiotics, and the food industry.",,"Food and Beverage, Product Research, Supply Chain Management",
Alkion BioInnovations,"Boulogne-billancourt, Ile-de-France, France, Europe",Seed,570000,EUR,2021-12-30,http://www.alkinnov.com,Alkion BioInnovations is a biotechnology company based in France.,European Innovation Council,"Biotechnology, Natural Resources, Nutrition",
BEEGUARD,"Labège, Midi-Pyrenees, France, Europe",Pre-Seed,527000,EUR,2021-05-02,https://www.beeguard.fr,Agritech/Greentech solution to produce biodiversity impact KPI,,Software,
HotelAppz,"Paris, Ile-de-France, France, Europe",Pre-Seed,525000,EUR,2021-04-21,https://www.hotelappz.com/,"A SaaS Hospitality CRM that makes it really simple to connect multiple systems, manage guest data and automate highly targeted interactions.",,"Artificial Intelligence (AI), Information Technology, Software",
[2.21],"Chantilly, Picardie, France, Europe",Pre-Seed,630000,USD,2021-12-31,https://www.littlebigadventure.com,2.21 is a video game development studio that works on updated versions of previously released titles.,"Business Angels, Kima Ventures",,
MyFit Solutions,"Lyon, Rhone-Alpes, France, Europe",Seed,550000,EUR,2021-12-01,https://myfit-solutions.com/,MyFit Solutions offers 3D scanning solutions to make product size recommendation or tailor-made products.,Bpifrance,"3D Technology, Enterprise Software, SaaS, Software",
Stairwage,"Paris, Ile-de-France, France, Europe",Pre-Seed,500000,EUR,2021-01-06,https://www.stairwage.com,Stairwage improves financial well-being of the employees by digitalizing & advancing downpayments without impacting the cash flow of the Cie,,"Financial Services, Software",
Luos,"Bordeaux, Aquitaine, France, Europe",Pre-Seed,500000,EUR,2021-02-22,https://www.luos.io,The world’s first open source devtool that makes hardware as agile as software,"Airbus Développement, AQUITI Gestion, Bpifrance, Foreis, Région Nouvelle-Aquitaine, Skalepark","Developer Tools, Embedded Software, Embedded Systems, Open Source, Robotics, Software",
Deepbloo,"Montpellier, Languedoc-Roussillon, France, Europe",Pre-Seed,500000,EUR,2021-01-11,https://www.deepbloo.com/,Deepbloo is a B2B platform that provides business development and market intelligence solutions in the energy sector,"Arts et Métiers Business Angels, Capitole Angels, MELIES Business Angels, OCSEED","B2B, Consulting, CRM, Marketing",
The Product Crew,"Saint-ouen, Ile-de-France, France, Europe",Pre-Seed,500000,EUR,2021-06-15,https://theproductcrew.io,The Product Crew is a tech recruiting and employer branding platform.,,,
Stellia,"Paris, Ile-de-France, France, Europe",Pre-Seed,500000,EUR,2021-02-28,https://www.stellia.ai,"Stellia is boosting access to knowledge thanks to its generative AI solutions in the Education, Training & Corporate sectors.",,"Artificial Intelligence (AI), Corporate Training, Education, Knowledge Management, Software",
Beamy,"Paris, Ile-de-France, France, Europe",Seed,600000,USD,2021-09-02,https://beamy.io/,Beamy helps large organisations embrace SaaS explosion with a continuous SaaS audit technology combined with a powerful governance platform.,Evolem Start,"Information Technology, SaaS, Software",
Flease,"Lyon, Rhone-Alpes, France, Europe",Pre-Seed,500000,EUR,2021-04-16,https://flease.fr/,Flease provides a flexible long-term rental service to VSEs and SMEs.,,Transportation,
iZi Family,"Le Mans, Pays de la Loire, France, Europe",Seed,500000,EUR,2021-03-11,https://www.izifamily.com/,"iZi Family is an administrative platform for individuals, professionals, and companies.","OCEAN PARTICIPATIONS, Pays de la Loire Participations, VOLNEY DEVELOPPEMENT",Information Technology,
Lokki,"Grenoble, Rhone-Alpes, France, Europe",Pre-Seed,500000,EUR,2021-07-19,https://www.lokki.rent,Lokki democratizes equipment rental in Europe (Based in France),"Seed4Soft, Super Capital VC","B2C, Marketplace, Rental, SaaS",
Alegria.tech,"Paris, Ile-de-France, France, Europe",Pre-Seed,500000,EUR,2021-03-25,https://alegria.tech/,"Alegria.tech is a nocode agency for start-ups, SMEs, and large accounts.",Rand Hindi,Computer,
Equitable Earth,"Paris, Ile-de-France, France, Europe",Pre-Seed,500000,EUR,2021-03-29,https://www.eq-earth.com/,"Equitable Earth Built upon next-generation dMRV, our standard is designed to verify impact on climate, biodiversity, and livelihoods.","AFI Ventures, Edward Lando, Jon Oringer, Nadav Ben-Chanoch, Pareto Holdings, Purple","Environmental Consulting, GreenTech, Remote Sensing, Software",
Fanprime,"Paris, Ile-de-France, France, Europe",Seed,500000,EUR,2021-10-07,https://fanprime.io,SaaS fan loyalty solution that rewards engagement built for the sports & entertainment industry,"Accurafy 4, Banque Populaire Group, Business Angels","Information Technology, SaaS, Software, Virtual World",
Glanceable,"Saint-mandé, Ile-de-France, France, Europe",Pre-Seed,500000,EUR,2021-11-22,https://www.glanceable.io/,Glanceable is a SaaS company that uses natural language processing to compile and analyze millions of reviews and comments.,"APW Capital, Bert Knobloch, Dan Cohen, DIY-TECH, Henri Isnard, Jack Cohen, Jean-Luc Alexandre, Jed Corp, Laure Ghouila Houri, Pierre Dahan, Rabot Capital Partners",SaaS,
Moneybounce,"Paris, Ile-de-France, France, Europe",Pre-Seed,555000,USD,2021-07-01,https://www.moneybounce.fr,Moneybounce provides credit and money manager for people between 18 and 30 years old.,,Financial Services,
Humpact,"Paris, Ile-de-France, France, Europe",Seed,450000,EUR,2021-01-01,https://www.humpact.fr/,Extrafinancial rating agency,,"Finance, Financial Services",
Nanaba,"Nice, Provence-Alpes-Cote d'Azur, France, Europe",Pre-Seed,450000,EUR,2021-05-03,https://www.nanaba.tech/Home/En,Nanaba is an internet software that encourages child to learn by requiring him or her to play an educational game.,,"EdTech, Education, Gaming, Mobile Apps, Software, Tutoring",
Mariloo,"Lille, Nord-Pas-de-Calais, France, Europe",Pre-Seed,455000,EUR,2021-11-01,https://mariloo.com,Mariloo is an all-in-one platform that helps institutions manage theirs spaces and reservations.,,"Event Management, Property Management, Rental Property, Reservations, SaaS, Software",
Joltee,"Aulnay-sous-bois, Ile-de-France, France, Europe",Pre-Seed,460000,EUR,2021-12-01,https://www.joltee.fr,Joltee offers electric car insurance services.,,"Auto Insurance, Insurance, InsurTech",
Routine,"Saint-mandé, Ile-de-France, France, Europe",Pre-Seed,500000,USD,2021-02-01,http://routine.co,Routine is a all-in-one work operating system that centralizes work from third-party services into a unified workspace.,Y Combinator,"Apps, Productivity Tools, Software",
Perlib,"Paris, Ile-de-France, France, Europe",Seed,500000,USD,2021-06-05,https://www.perlib.fr,Perlib is a retirement and insurance brokerage firm.,,"Consulting, Insurance, Life Insurance, Retirement",
Farm3,"Bourogne, Franche-Comte, France, Europe",Seed,500000,USD,2021-01-01,https://www.farmcube.eu/,Farm3 offers to develop ultrasonic vertical farms.,"Dixi Wangluo Xinxi, Financiere De l'Echiquier","Agriculture, Farming",
EverReady,"Paris, Ile-de-France, France, Europe",Seed,500000,USD,2021-05-20,https://everready.ai/,"EverReady auto-syncs Gmail/Outlook emails and meetings, creates contacts from signatures, and keeps your CRM complete and up to date.",Cenitz,"Artificial Intelligence (AI), Business Development, CRM, Machine Learning, Social CRM, Software",
Fatster,"Fouesnant, Bretagne, France, Europe",Seed,420000,EUR,2021-08-13,https://www.fatster.app,Fatster links overweight people and assists them in finding the most appropriate buddy to lose weight with based on their profiles.,SeedBlink,"Health Care, Personal Health, Wellness",
FairFair,"Béziers, Languedoc-Roussillon, France, Europe",Seed,400000,EUR,2021-05-10,https://fairfair.com/,FairFair helps in building a marketplace for chores fixing.,"MELIES Business Angels, Mines Alès Angels","Art, Marketplace, Service Industry",
Ad Aures,"Paris, Ile-de-France, France, Europe",Pre-Seed,400000,EUR,2021-04-22,https://adaures.com/,Contextual Monetization for Podcasts · Home of Castopod,,"Ad Server, Advertising Platforms, Affiliate Marketing, CMS, Information Technology, Natural Language Processing, Open Source, Podcast, Software",
Live Me Up,"Lille, Nord-Pas-de-Calais, France, Europe",Pre-Seed,400000,EUR,2021-07-31,https://www.livemeup.io/,Live Me Up is a unified live streaming platform in true real-time for live shopping sessions and shoppable videos.,,,
We Go GreenR,"Bordeaux, Aquitaine, France, Europe",Pre-Seed,400000,EUR,2021-06-30,https://www.wegogreenr.solutions,"We Go GreenR is a B2B SaaS, B2C Marketplace. We bring tourism to the next level : sustainable tourism.",,"Business Travel, Hotel, Marketplace, SaaS, Software, Sustainability, Tourism, Travel, Travel Agency, Vacation Rental",
Insidy,"Paris, Ile-de-France, France, Europe",Pre-Seed,400000,EUR,2021-12-01,https://insidy.com/,"Insidy, formerly known as Les Decorateurs, is an online interior design and architecture studio.",,"Architecture, Home Decor, Interior Design",
Native Spaces,"Nice, Provence-Alpes-Cote d'Azur, France, Europe",Pre-Seed,450000,USD,2021-04-29,https://www.native-spaces.com/,Online marketplace for unique event spaces,,"E-Commerce, E-Commerce Platforms, Event Management, Events, Hospitality, Marketplace, Sharing Economy",
ASTUCORP,"Paris, Ile-de-France, France, Europe",Pre-Seed,350000,EUR,2021-05-31,https://www.astuvet.com/en/,Digitilize the veterinary consultation,Damien Fretay,"Digital Marketing, Health Care, Internet, Pet, Veterinary",
Starchain Gazer,"Paris, Ile-de-France, France, Europe",Pre-Seed,360000,EUR,2021-10-01,https://starchaingazer.io/,Video Game Studio combining the best of Web2 & Web3.,"Atka Capital, Frederic Montagnon, Julien Romanetto, Thibaud Elziere","Blockchain, Cryptocurrency, Video Games, Web3",
Rhisa,"Paris, Ile-de-France, France, Europe",Pre-Seed,340000,EUR,2021-05-20,http://www.rhisa.eu,Building & Delivering Enriched Medical Datasets for healthcare innovation,,"Artificial Intelligence (AI), Big Data, Health Care, Medical, Natural Language Processing",
ASTUCORP,"Paris, Ile-de-France, France, Europe",Pre-Seed,350000,EUR,2021-11-01,https://www.astuvet.com/en/,Digitilize the veterinary consultation,,"Digital Marketing, Health Care, Internet, Pet, Veterinary",
Marina Yacht Wear,"Nice, Provence-Alpes-Cote d'Azur, France, Europe",Pre-Seed,400000,USD,2021-08-05,https://www.marinayachtwear.com,Innovative eco-friendly uniforms exclusively made for yacht crews,,Fashion,
LaCollection,"Paris, Ile-de-France, France, Europe",Pre-Seed,400000,USD,2021-09-01,https://lacollection.io/,"LaCollection is a community of people passionate about art, culture and NFTs.","Nicolas Julia, Thomas France",Art,
Beewant,"Paris, Ile-de-France, France, Europe",Pre-Seed,400000,USD,2021-06-02,https://beewant.com,Beewant specializes in Multimodal AI Platforms and Data Management for Enterprises,Ahmed Joudad,Artificial Intelligence (AI),
CloudFret,"Marseille, Provence-Alpes-Cote d'Azur, France, Europe",Seed,3500000,MAD,2021-09-26,https://cloudfret.com/,CloudFret is a transport and logistics startup that connects loaders to transporters.,Azur Partners,"Artificial Intelligence (AI), Fleet Management, Logistics, Supply Chain Management",
Layan,"Paris, Ile-de-France, France, Europe",Pre-Seed,320000,EUR,2021-11-02,https://www.layan.eu/,"Layan est une solution SaaS dédiée au recrutement et au suivi des candidatures (ATS), conçu pour aider les équipes RH.",,"SaaS, Software",
58 Facettes,"Paris, Ile-de-France, France, Europe",Seed,300000,EUR,2021-04-20,https://58facettes.fr/,58 Facettes is an online marketplace that offers jewelry and second-hand fine jewelry.,Thomas Rebaud,"Consumer Goods, E-Commerce, Fashion, Jewelry, Secondhand Goods",
Yuno,"Lille, Nord-Pas-de-Calais, France, Europe",Pre-Seed,300000,EUR,2021-07-01,https://yuno.immo,Yuno simplifies and revisits the rental investment experience,"Cyril Madar, Guillaume Malgouyres, Inès Chaiblaine, Julien Karst, Steven Saugnac, Vincent Mace","Real Estate, Real Estate Investment, SaaS",
App'ines,"Paris, Ile-de-France, France, Europe",Pre-Seed,300000,EUR,2021-09-09,https://appines.fr/,App'lines is a community-based app for healthcare professionals to help them in their daily operations,,"Health Care, Hospital, Professional Services, Recruiting, Software, Staffing Agency, Training",
Blastream,"Roubaix, Nord-Pas-de-Calais, France, Europe",Pre-Seed,300000,EUR,2021-09-25,https://www.blastream.com/fr/,Innovative solution for livestreaming and videoconferencing in the cloud,,"Broadcasting, SaaS, Video Conferencing, Video Streaming",
Betips,"Paris, Ile-de-France, France, Europe",Pre-Seed,300000,EUR,2021-11-01,https://betips.eu,Betips is a social betting site created especially for wagering on sports predictions.,,,
BEOMI HEALTH,"Paris, Ile-de-France, France, Europe",Pre-Seed,300000,EUR,2021-11-01,https://www.beomi-health.com/,Our mission is to provide women with the best-integrated solutions for women's health and family care. Revolution in women's health is here.,,"Education, Health Care, Information Technology",
MON PETIT CE,"Aubagne, Provence-Alpes-Cote d'Azur, France, Europe",Seed,300000,EUR,2021-10-30,https://monpetitce.com,"Mon Petit CE is a SaaS platform allowing VSEs, SMEs, and freelancers to set up a turnkey work council.",,"Employee Benefits, SaaS, Small and Medium Businesses",
Zolo,"Paris, Ile-de-France, France, Europe",Pre-Seed,340000,USD,2021-05-25,https://zolo.ai,Zolo is a mobile app that offers loan origination services.,"Blanche Balian, Cédric Bannel, Pierre Feligioni","Big Data, Credit, Financial Services, FinTech, Mobile Apps, Predictive Analytics",
Document Genome,"Neuilly-sur-seine, Ile-de-France, France, Europe",Seed,270000,EUR,2021-05-02,http://www.documentgenome.com,Reading Augmented App for Knowledge Workers seeking more purpose and less busywork to thrive and show their full potential,Didier Valet,"Information Technology, Knowledge Management",
GetCollective,"Paris, Ile-de-France, France, Europe",Pre-Seed,250000,EUR,2021-02-01,https://www.getcollective.com/,GetCollective is the first project management application for all teams managing light projects in parallel.,,"Collaboration, Knowledge Management, Meeting Software, Productivity Tools, Project Management, SaaS, Software",
KOLIBRI,"Paris, Ile-de-France, France, Europe",Seed,300000,USD,2021-04-13,https://kolibrilab.com,"Enabling tomorrow's therapies manufacturing for today's patients, with sound","Entrepreneurs First, SOSV","Biopharma, Biotechnology, Genetics, Life Science, Manufacturing, Medical",
DEFIT,"Pau, Aquitaine, France, Europe",Pre-Seed,300000,USD,2021-03-20,https://defit.com,DEFIT is the leading web3 Lifestyle app,,"Blockchain, Fitness, Mobile Apps, Web3",
Sharelock,"Paris, Ile-de-France, France, Europe",Seed,250000,EUR,2021-03-10,http://sharelock.co,"Sharelock's mission is to massively unlock bike usage, protecting bikes thanks to a highly disruptive AI powered insurance.","Eduardo Ronzano, Frederic Montagnon, Nicolas Steegmann, Thibaud Elziere","Mobile Apps, Security, Software, Transportation",
Phagos,"Paris, Ile-de-France, France, Europe",Pre-Seed,240000,EUR,2021-09-11,https://www.phagos.org/,Phagos develops personalised bacteriophage solutions as a sustainable alternative to antibiotics,"Bpifrance, Entrepreneurs First, La French Tech, WILCO","Biotechnology, Health Care, Medical",
Yacht Sentinel,"Boulogne-billancourt, Ile-de-France, France, Europe",Pre-Seed,201600,GBP,2021-01-10,http://www.yacht-sentinel.com/,"Yacht Sentinel is the leader in the ""Connected Boat"" space. We connect boat owners to their vessels & help businesses digitize their fleets",,"Big Data, Boating, Internet of Things, Marine Transportation, Navigation",
Share My Space,"Cergy-pontoise, Ile-de-France, France, Europe",Pre-Seed,225000,EUR,2021-04-01,https://www.sharemyspace.space/,"Share My Space detects, tracks, catalogs, and predicts the collision risk of artificial satellites and space debris.",,"Geospatial, Manufacturing, Satellite Communication, Software, Space Travel",
Share My Space,"Cergy-pontoise, Ile-de-France, France, Europe",Pre-Seed,225000,EUR,2021-04-01,https://www.sharemyspace.space/,"Share My Space detects, tracks, catalogs, and predicts the collision risk of artificial satellites and space debris.",,"Geospatial, Manufacturing, Satellite Communication, Software, Space Travel",
Strategeex,"Lyon, Rhone-Alpes, France, Europe",Seed,250000,USD,2021-11-29,https://en.strategeex.com,Strategeex offers collaborative solutions to handle strategic management and integrated solutions.,Newchip Accelerator,"Analytics, Information Technology, SaaS, Software",
Metigate,"Paris, Ile-de-France, France, Europe",Seed,250000,USD,2021-11-26,http://www.metigate.com/en,Metigate: Business Weather data as a Service,Newchip Accelerator,"Data Center, Information Services, Information Technology, SaaS",
ENCEFA,"La Maison, Bourgogne, France, Europe",Seed,250000,USD,2021-12-30,https://www.encefa.com,ENCEFA is a biotech company that develops modulate CD38 drugs for age-related diseases.,Newchip Accelerator,"Biotechnology, Life Science, Pharmaceutical, Wellness",
Doqboard,"Mont-saint-aignan, Haute-Normandie, France, Europe",Pre-Seed,250000,USD,2021-11-04,https://www.doqboard.com,Doqboard is a research platform that collects data for clinical research.,Newchip Accelerator,"Clinical Trials, Health Care, Medical",
COD Technologies,"Paris, Ile-de-France, France, Europe",Seed,250000,USD,2021-10-01,https://www.cod.ooo/,COD is an intelligent social semantic platform that facilitates exchanging online knowledge resources among people with similar interests.,Newchip Accelerator,Semantic Web,
DizzitUp,"Paris, Ile-de-France, France, Europe",Pre-Seed,200000,EUR,2021-05-01,https://dizzitup.com,Building Africa's first continent wide blockchain powered cross-border Basic Necessity Marketplace,"Bernard Euverte, Charles de Rudder","Blockchain, E-Commerce Platforms, FinTech, Marketplace, Mobile Payments",
ROSI,"Grenoble, Rhone-Alpes, France, Europe",Seed,192628,EUR,2021-02-20,https://www.rosi-solar.com,ROSI is a French company that develops innovative raw material recycling and revalorization technologies for the PV industry.,EIT InnoEnergy,"Energy, Recycling, Renewable Energy, Solar",
rBlox,"Issy-les-moulineaux, Ile-de-France, France, Europe",Pre-Seed,190000,EUR,2021-07-06,https://rblox.io,Future-proofing your infrastructure needs with our next-gen network software.,Philippe Poux,,
Green Praxis,"Marseille, Provence-Alpes-Cote d'Azur, France, Europe",Seed,170000,EUR,2021-04-11,http://www.greenpraxis.com,Green PRAXIS reduces vegetation management cost for infrastructure operators. Knowledge and data inform the company's Nature-based solutions,,Analytics,
Refiner,"Paris, Ile-de-France, France, Europe",Seed,200000,USD,2021-02-13,https://refiner.io,In-App Surveys for Web and Mobile,Calm Company Fund,"Analytics, Mobile Apps, Product Research, SaaS, Software",
Cauri Money,"Paris, Ile-de-France, France, Europe",Pre-Seed,200000,USD,2021-11-21,https://www.cauri.money,Cauri Money specializes in financial technology with a wide range of digital banking solutions via app for fund transfer.,Launch Africa,"Apps, Banking, Financial Services, FinTech",
TechnoCarbon,"Vitrolles, Provence-Alpes-Cote d'Azur, France, Europe",Seed,165000,EUR,2021-01-20,https://technocarbon.tech,TechnoCarbon is a cleantech SAS company.,,"Clean Energy, CleanTech, Construction, GreenTech",
Atorika,"Mallemort, Provence-Alpes-Cote d'Azur, France, Europe",Pre-Seed,160000,EUR,2021-05-03,https://www.atorika.fr/,Atorika offers edutainment that adapts to any child.,,"Augmented Reality, EdTech, Education, Edutainment, Leisure, Personal Development, Robotics, Subscription Service, Virtual Reality",
Wholydays,"Paris, Ile-de-France, France, Europe",Pre-Seed,150000,EUR,2021-06-01,https://www.wholydays.com/contactez-nous,"Wholydays creates their own plant-based bowls, dips, and sauces for food service and retail.",ProVeg Incubator,"Cooking, Restaurants",
CryptoSimple,"Marseille, Provence-Alpes-Cote d'Azur, France, Europe",Pre-Seed,150000,EUR,2021-07-15,https://cryptosimple.app,Crypto investing made Simple.,,"Blockchain, Cryptocurrency, Finance, Financial Services, FinTech, Information Technology, Mobile Apps",
Entent,"Aix-en-provence, Provence-Alpes-Cote d'Azur, France, Europe",Pre-Seed,138000,EUR,2021-10-27,https://entent.fr,Entent is an electric power generation company that offers companies to decarbonize their activities.,Les Business Angels des Grandes Écoles,"Energy, Industrial Engineering, Power Grid",
EXCELLENT,"Montreuil-sous-bois, Ile-de-France, France, Europe",Pre-Seed,120000,EUR,2021-04-01,https://excellentburger.com,"Foodtech, New proteins, Alt-meat products",,Food and Beverage,
EXCELLENT,"Montreuil-sous-bois, Ile-de-France, France, Europe",Pre-Seed,120000,EUR,2021-04-01,https://excellentburger.com,"Foodtech, New proteins, Alt-meat products",,Food and Beverage,
Shortcut,"Paris, Ile-de-France, France, Europe",Pre-Seed,105000,EUR,2021-06-12,https://short-cut.ai/,"Shortcut supports CGPs and enables automation of emailing, invitations and customer communications.",,"Artificial Intelligence (AI), CRM, Wealth Management",
Whaly,"Paris, Ile-de-France, France, Europe",Pre-Seed,125000,USD,2021-08-25,https://whaly.io/,Whaly allows business teams to build analytics and reports on top of their everyday tools without coding.,Y Combinator,"Analytics, Artificial Intelligence (AI), Business Intelligence, Software",
Palette,"Paris, Ile-de-France, France, Europe",Seed,125000,USD,2021-08-26,https://palettehq.com/en,"Palette develops a sales compensation software that helps companies easily create, manage, and automate compensation plans.","Liquid 2 Ventures, Y Combinator","B2B, Direct Sales, Sales, Sales Automation, Software",
Lago,"Paris, Ile-de-France, France, Europe",Pre-Seed,125000,USD,2021-08-31,http://www.getlago.com,Open Source Billing API for Product-Led SaaS,"Julien Codorniou, Philippe Teixeira da Mota, Y Combinator","Database, Information Technology, Software",
Hera,"Paris, Ile-de-France, France, Europe",Pre-Seed,125000,USD,2021-08-31,https://hera.so/,"Hera is building a Calendar app with an emphasis on productivity, with a number of overt and more subtle features aimed at helping people.",Y Combinator,"Computer, Software",
Formance,"Paris, Ile-de-France, France, Europe",Pre-Seed,125000,USD,2021-08-31,https://www.formance.com,Formance is an open-source and cloud-native infrastructure platform to build financial applications.,"Pierre-Antoine Dusoulier, PROTOCOL — by GETTYLAB, Y Combinator","Financial Services, Open Source, Payments",
Crew.work,"Paris, Ile-de-France, France, Europe",Pre-Seed,125000,USD,2021-08-31,https://crew.work,Crew.work provides all-in-one productivity tool designed for recruiters.,Y Combinator,"CRM, Recruiting, Software",
ClipDrop,"Paris, Ile-de-France, France, Europe",Pre-Seed,125000,USD,2021-03-22,https://clipdrop.co,ClipDrop is an app that turns regular mobile photos into professional product visuals.,"Sara Du, Y Combinator","Apps, Generative AI, Mobile Apps",
Carbonfact,"Paris, Ile-de-France, France, Europe",Pre-Seed,125000,USD,2021-08-31,http://www.carbonfact.com,"Fast, scalable life-cycle assessments to help fashion brands lower their scope 3 emissions.",Y Combinator,"Information Services, Information Technology, Productivity Tools, Software",
Capsule Social,"Paris, Ile-de-France, France, Europe",Pre-Seed,125000,USD,2021-01-21,https://capsule.social/,"A decentralized social media network for unbiased and open discourse, resistant to takedowns and censorship.","Balaji Srinivasan, Castle Island Ventures, Wamda Capital, William J. Pulte","Blockchain, Social Media",
Beau,"Nice, Provence-Alpes-Cote d'Azur, France, Europe",Pre-Seed,125000,USD,2021-08-10,https://beau.to,"Beau is a tool for teams to build, visualize, and automate workflows with their clients.",Y Combinator,"Assistive Technology, B2B, Business Intelligence, CRM, Customer Service, Information Technology, Productivity Tools, Project Management, Software",
Latitude,"Reims, Champagne-Ardenne, France, Europe",Pre-Seed,100000,EUR,2021-05-25,https://www.latitude.eu,"Latitude, formerly known as Venture Orbital Systems, is a space technology company that offers launch solution for smallsats",Région Grand Est,"Aerospace, Satellite Communication, Space Travel",
Hollo,"Paris, Ile-de-France, France, Europe",Seed,119894,USD,2021-08-16,https://www.hollo.io/,Hollo integrates with existing ATS and CRM to create efficiencies and reduce redundancies.,Techstars,"Information Technology, Software",
Relatic,"Nice, Provence-Alpes-Cote d'Azur, France, Europe",Pre-Seed,100000,EUR,2021-09-03,https://demo.relatic.co/,Relatic is a large-scale crowdfunding platform that connects European and African markets.,,,
Trustblock,"Paris, Ile-de-France, France, Europe",Pre-Seed,100000,EUR,2021-11-01,https://trustblock.run/,"Trustblock is a data & security hub that makes web3 a secured-by-default, user-friendly, composable ecosystem.","Fabric Ventures, Frst","Blockchain, Cryptocurrency, Cyber Security, Smart Contracts, Web3",
Aton Invest,"Paris, Ile-de-France, France, Europe",Pre-Seed,100000,EUR,2021-10-26,https://aton-invest.com,Aton Invest is a new generation of asset management company,Hesham Zreik,"Asset Management, Finance, Financial Services, FinTech, Wealth Management",
ShopMeAway,"Paris, Ile-de-France, France, Europe",Seed,100000,USD,2021-09-15,http://www.shopmeaway.com/,"We're bridging global brands with underserved markets in Africa, Latin America, the Middle East, and Asia.","Afri Mobility, Bridging Angels","E-Commerce, Logistics",
Nudge,"Paris, Ile-de-France, France, Europe",Pre-Seed,100000,USD,2021-05-01,https://www.withanudge.com,Nudge is the next generation networking app for college alumni.,Paralect,Software,
Deep Talk,"Paris, Ile-de-France, France, Europe",Pre-Seed,100000,USD,2021-01-01,https://deep-talk.ai,The best customer & employee experience needs data & analytics. Use AI to turn text into powerful data.,,"Artificial Intelligence (AI), Customer Service, Machine Learning, Natural Language Processing, Software",
Update foods,"Paris, Ile-de-France, France, Europe",Pre-Seed,80000,USD,2021-06-01,http://updatefoods.co,"Update is a Food-tech startup developing algae-based dairy alternatives for sustainable, plant-based nutrition products.","Artesian VC, Brinc","Food and Beverage, Plant-Based Foods, Restaurants",
DataGrowb',"Nantes, Pays de la Loire, France, Europe",Pre-Seed,70000,EUR,2021-12-01,https://www.datagrowb.com,DataGrowb’ est une entreprise à la pointe des innovations et des technologies disruptives.,Berrehrah Family,"Artificial Intelligence (AI), Software",
Snackeet,"Paris, Ile-de-France, France, Europe",Pre-Seed,50000,EUR,2021-01-01,https://snackeet.com/,"Design creative and engaging online presentations, forms, quizzes, and surveys",,"Marketing, Productivity Tools, SaaS, Social Media",
SapioX,"Théoule-sur-mer, Provence-Alpes-Cote d'Azur, France, Europe",Pre-Seed,50000,EUR,2021-05-03,https://sapiox.com,Connecting teachers and students,,"EdTech, Education, E-Learning, Information Services, Information Technology, Internet, Tutoring",
SapioX,"Théoule-sur-mer, Provence-Alpes-Cote d'Azur, France, Europe",Pre-Seed,50000,EUR,2021-09-08,https://sapiox.com,Connecting teachers and students,,"EdTech, Education, E-Learning, Information Services, Information Technology, Internet, Tutoring",
EvaluationsHub,"La Ferté-sous-jouarre, Ile-de-France, France, Europe",Pre-Seed,50000,EUR,2021-07-21,https://www.evaluationshub.com/,Supplier performance management automation,,SaaS,
Klap,"Maisons-alfort, Ile-de-France, France, Europe",Pre-Seed,50000,USD,2021-03-27,https://klap.app,Klap is a service company that uses generative AI to turn any video into viral shorts ready to publish on Tiktok or Reels.,Hook,"Artificial Intelligence (AI), Information Technology, Video Editing",
BioFluff,"Paris, Ile-de-France, France, Europe",Pre-Seed,50000,USD,2021-09-03,https://bio-fluff.com,"BioFluff created plant based fur, shearling and plush for the fashion, interior and toy industries",,"Biotechnology, Fashion, Interior Design, Manufacturing, Textiles, Toys",
Pourboir,"Marseille, Provence-Alpes-Cote d'Azur, France, Europe",Pre-Seed,40000,EUR,2021-01-01,https://pourboir.com,"Restaurants have trouble recruiting staff , due to lack of tips paid since there is less cash. Pourboir app is born to increase tips.",,"Consumer Applications, Food and Beverage, Hospitality",
SapioX,"Théoule-sur-mer, Provence-Alpes-Cote d'Azur, France, Europe",Pre-Seed,40000,EUR,2021-02-27,https://sapiox.com,Connecting teachers and students,,"EdTech, Education, E-Learning, Information Services, Information Technology, Internet, Tutoring",
Hakbon,"Bondy, Ile-de-France, France, Europe",Pre-Seed,40000,USD,2021-01-04,https://hakbon.com,"Hakbon simplifies product and service searches, saving users time and boosting seller visibility to increase sales.",Algerian Startup Fund,"Artificial Intelligence (AI), Digital Marketing, Mobile Apps, Retail",
Courtigo,"Pourrières, Provence-Alpes-Cote d'Azur, France, Europe",Pre-Seed,30000,EUR,2021-02-01,https://courtigo.fr,Courtigo is CRM software for insurance brokers.,Cédric Delorme,"CRM, Insurance, Software",
movido,"Paris, Ile-de-France, France, Europe",Pre-Seed,30000,EUR,2021-03-08,https://www.go-movido.com/,"Movido is a marketplace and SaaS company that offers a wide range of services including mobile, housing, bank accounts, and wifi.",B4i - Bocconi for innovation,"Education, Financial Services, Mobile, Real Estate",
Atorika,"Mallemort, Provence-Alpes-Cote d'Azur, France, Europe",Pre-Seed,30000,EUR,2021-08-23,https://www.atorika.fr/,Atorika offers edutainment that adapts to any child.,,"Augmented Reality, EdTech, Education, Edutainment, Leisure, Personal Development, Robotics, Subscription Service, Virtual Reality",
Jass Group Of Companies,"Paris, Ile-de-France, France, Europe",Series A,20000,USD,2021-12-05,https://www.suryanshcontech.com,It was a conglomerate company acquired by suryansh contech pvt ltd.,,Information Technology,
The Hiking Club,"Chamonix-mont-blanc, Rhone-Alpes, France, Europe",Seed,20000,AUD,2021-08-01,https://www.thehiking.club,The Hiking Club organises trail data for multi-day hikes so Modern Adventurers can easily create a personalised plan.,UNSW Founders,"Adventure Travel, GPS, Mobile Apps",
MAWAQIT,"Grigny, Ile-de-France, France, Europe",Pre-Seed,10000,EUR,2021-06-01,https://mawaqit.net,Connecting Muslims to Mosques,,"Blockchain, Digital Signage, Information and Communications Technology (ICT), iOS, Non Profit, Private Social Networking, Religion, Search Engine, Video Streaming, Web Development",
MAWAQIT,"Grigny, Ile-de-France, France, Europe",Pre-Seed,5000,EUR,2021-04-15,https://mawaqit.net,Connecting Muslims to Mosques,,"Blockchain, Digital Signage, Information and Communications Technology (ICT), iOS, Non Profit, Private Social Networking, Religion, Search Engine, Video Streaming, Web Development",
UniFox,"Bordeaux, Aquitaine, France, Europe",Pre-Seed,2000,EUR,2021-09-01,http://unifox.ai,UniFox is a sustainable investment ecosystem and trading platform powered by a sustainable AI.,,"Artificial Intelligence (AI), Bitcoin, Cryptocurrency, Decentralized Finance (DeFi), Ethereum, Finance, FinTech, GreenTech, Sharing Economy, Web3",902214808
Zigg,"Paris, Ile-de-France, France, Europe",Pre-Seed,,,2021-09-07,https://zigg.app/,"Zigg is the company behind Klap, an AI-powered video editor for social shorts.",,"Artificial Intelligence (AI), Generative AI, Information Technology, Software, Web Design, Web Development",
Zicplace,"Montreuil, Ile-de-France, France, Europe",Series A,,,2021-12-01,https://www.zicplace.com/en,Zicplace  is a B2C and B2B online Music eCommerce Marketplace.,Alain Garnier,"E-Commerce, Internet, Marketplace, Music, Musical Instruments",
Zadient Technologies,"Sainte-hélène-du-lac, Rhone-Alpes, France, Europe",Seed,,,2021-02-12,https://zadient.tech/,Zadient Technologies is a company engaged in production of synthetic silicon carbide a building block for power semiconductors.,"MIG Fonds, Vestel Ventures","Energy, Hardware, Manufacturing, Semiconductor",
Yofi Paris,"Paris, Ile-de-France, France, Europe",Pre-Seed,,,2021-11-22,https://www.yofi.paris/,Yofi produces plant-based milk alternatives for coffee and other beverages.,Big Idea Ventures,"Dairy, Food and Beverage, Nutrition",
Ynsect,"Fontaine, Bourgogne, France, Europe",Series C,,,2021-06-15,https://www.ynsect.com/,Ynsect provides products and services that operate in the agro-food and environmental biotech industries.,LIP Ventures Boutique,"Agriculture, AgTech, Animal Feed, Biotechnology, Farming",534948617
Yieldin,"Paris, Ile-de-France, France, Europe",,,,2021-03-11,https://yieldin.com/,Yieldin is a specialist in airline revenue management.,Team ABC,"Consulting, Software",
Yelda,"Paris, Ile-de-France, France, Europe",Seed,,,2021-01-16,https://yelda.ai/,Voice enable your brand on Google Home & Alexa in a minute thanks to Yelda Enterprise-Ready Voice Saas Platform,IMT Starter,"Information Technology, SaaS, Software",
Xilopix,"Épinal, Lorraine, France, Europe",Seed,,,2021-01-16,http://www.xaphir.com,Xilopix SAS provides a SaaS based digital asset management software.,IMT Starter,"Information Technology, Internet, Navigation, SaaS, Search Engine, Software",
WSHOP,"Paris, Ile-de-France, France, Europe",,,,2021-06-01,https://www.wshop-cloudcommerce.fr/,WSHOP is a unified digital commerce SAAS solution.,CAPZA,"E-Commerce, E-Commerce Platforms, SaaS, Software",
wizville,"Paris, Ile-de-France, France, Europe",,,,2021-01-16,http://wizville.com/en,Smart Customer Satisfaction Management SaaS for Retail,IMT Starter,"Enterprise Software, Retail Technology, SaaS, Software",
Winncare,"Paris, Ile-de-France, France, Europe",,,,2021-01-01,https://www.winncare.fr/,Winncare supplies homecare products for dependent people and the elderly in France and other European countries.,XAnge,"Health Care, Medical Device",
Whaly,"Paris, Ile-de-France, France, Europe",Seed,,,2021-09-22,https://whaly.io/,Whaly allows business teams to build analytics and reports on top of their everyday tools without coding.,Globivest,"Analytics, Artificial Intelligence (AI), Business Intelligence, Software",
Weliom,"Saint-herblain, Pays de la Loire, France, Europe",,,,2021-02-10,https://www.weliom.fr/,Weliom offers digital healthcare consulting services in France.,Bpifrance,"Health Care, Personal Health",
Welco,"Lyon, Rhone-Alpes, France, Europe",Seed,,,2021-01-16,https://www.welco.io/,Welco offers a solution for recovering parcels between neighbors.,IMT Starter,"Delivery, Logistics, Software, Transportation",
Wegrow-app,"Paris, Ile-de-France, France, Europe",Seed,,,2021-01-31,https://www.wegrow-app.com/,"Wegrow-app is a company that uses a gamified platform to engage teams, grow businesses, and achieve CSR targets.",Ahmed Mhiri,"Digital Marketing, Information Technology, Software",
Weenat,"Nantes, Pays de la Loire, France, Europe",Seed,,,2021-10-27,https://weenat.com/contactez-nous/,Weenat developer of agriculture platform that provides farmers with mobile and connected solutions.,"Atlantique Vendée Innovation, Gwenneg, IDIA Capital Investissement, Unexo",AgTech,
WeCook WeCare,"Paris, Ile-de-France, France, Europe",Seed,,,2021-01-16,https://www.wecookwecare.com/,WeCook WeCare offers a tailor-made slimming and quality of life program to reach the ideal weight and transform life.,IMT Starter,"Fitness, Health Care, Personal Health, Wellness",
WE ARE ONA,"Paris, Ile-de-France, France, Europe",Seed,,,2021-01-01,https://weareona.co/,"WE ARE ONA is a catering company that provides catering and consulting services to events, restaurants, and other businesses.",Wind,"Catering, Consulting, Food and Beverage",
Wanao,"Bidart, Aquitaine, France, Europe",,,,2021-10-25,http://www.wanao.com,Wanao provides monitoring and management solutions for private construction projects,Explore.fr,"Computer, Information Technology, Software",
VocaCoach,"Évry, Ile-de-France, France, Europe",Seed,,,2021-01-16,https://vocacoach.fr/,VocaCoach is a professional training and coaching company that helps people to speak in public.,IMT Starter,"Consulting, Training",
Vneuron,"Reims, Champagne-Ardenne, France, Europe",Private Equity,,,2021-04-05,https://www.vneuron.com/,Vneuron provides Cloud and On-Premise Technologies for Anti Money Laundering (AML) and Digital Experience (DX/DXP).,Tunisian American Enterprise Fund,"Analytics, Compliance, Finance, Financial Services, FinTech, Information Technology, Legal Tech, SaaS, Software, Transaction Processing",845349935
VIV3,"Paris, Ile-de-France, France, Europe",Seed,,,2021-01-01,https://viv3.com,"Buy, sell and discover exclusive authentic digital items.",AppWorks,"Blockchain, Cryptocurrency, E-Commerce, Marketplace",
VISEO,"Paris, Ile-de-France, France, Europe",,,,2021-01-01,https://www.viseo.com,"VISEO is a multi-specialist in information systems, offering services for clients to complete their IT-related projects.",Eurazeo,"Information Services, Information Technology, Marketing, Software",420798100
Urban Loisirs,"Perrigny, Franche-Comte, France, Europe",,,,2021-02-08,https://www.1055.fr/,Urban Loisirs is an owner and operator of large indoor leisure centers.,"Bpifrance, Carvest Crédit Agricole Régions Investissement","Amusement Park and Arcade, Children, Gaming, Playstation, Recreation",
Uavia,"Vitry-sur-seine, Ile-de-France, France, Europe",Seed,,,2021-01-16,https://www.uavia.eu,Uavia enables industries to connect autonomous drones and robots to the cloud and deploy mobile robots at scale in a smart and secure way.,IMT Starter,"Artificial Intelligence (AI), Cloud Computing, Drone Management, Drones, Enterprise Software, Operating Systems, Software",
TwicPics,"Paris, Ile-de-France, France, Europe",Pre-Seed,,,2021-03-05,https://twicpics.space,Lightning-fast & sustainable websiteswith stunning visuals,,"Application Performance Management, Image Recognition, SaaS, Web Development",
Trone,"Paris, Ile-de-France, France, Europe",Seed,,,2021-04-19,https://www.trone.paris/,Trone designs toilets that are 100% made in France and design.,Ahmed Mhiri,"E-Commerce, Retail",
TravelRight,"Paris, Ile-de-France, France, Europe",,,,2021-01-01,https://www.travelright.cn/tr,"TravelRight is an international TravelTech brand, specialized in solving travel problems.",Artesian VC,Air Transportation,
Tool4staffing,"Montpellier, Languedoc-Roussillon, France, Europe",Seed,,,2021-01-04,https://www.tool4staffing.com,Tool4staffing is an AI-based automated recruiting and staffing software.,Ahmed Mhiri,"Recruiting, Software, Staffing Agency",
Timeleft,"Paris, Ile-de-France, France, Europe",Seed,,,2021-10-06,https://timeleft.com,Timeleft is a mobile app for people to meet and share dreams and goals.,"FJ Labs, Shilling VC","Media and Entertainment, Photo Sharing, Social Media",
Time for the Planet,"Lyon, Rhone-Alpes, France, Europe",Seed,,,2021-03-01,https://www.time-planet.com/en,Time for the Planet is an organisation that offers financial services for fighting against greenhouse gas emissions.,Alain Garnier,"Clean Energy, Financial Services, Funding Platform, Non Profit",
Ticketchainer,"Cachan, Ile-de-France, France, Europe",Seed,,,2021-10-25,https://ticketchainer.com,"Ticketchainer is a software development company that offers online platforms, gamification, and software development services.",Ahmed Mhiri,"Innovation Management, Software, Ticketing",
The Moon Venture,"Rennes, Bretagne, France, Europe",Seed,,,2021-02-22,https://themoonventure.com,The Moon Venture is a community of an angel investors from France that aims to invest in the most promising start-ups.,,,
Thabor Therapeutics,"Paris, Ile-de-France, France, Europe",Seed,,,2021-01-01,http://www.thabor-tx.com,Thabor Therapeutics develops innovative treatments for mucosal inflammatory diseases.,AdBio partners,Biotechnology,
TakeTurns,"Paris, Ile-de-France, France, Europe",Pre-Seed,,,2021-10-07,https://taketurns.com,"The Safer, Easier Way to Work with People Outside of Your Organization",,SaaS,
Taas,"Paris, Ile-de-France, France, Europe",,,,2021-10-06,https://www.taas.fr/,TAAS specializes in outsourcing and management of mobile telecom policy.,Epsa Group,"Information Technology, Mobile, Telecommunications",
Syscom Prorep,"Essonnes, Ile-de-France, France, Europe",,,,2021-04-30,https://www.syscom-prorep.net/,Syscom-Prorep is a manufacturing and technological company that distributes industrial PC modules.,Siparex Groupe,Manufacturing,
Synovance,"Pierrefontaine, Franche-Comte, France, Europe",Seed,,,2021-06-16,https://synovance.com,Synovance is the future of green and responsible ink for clothes.,"Alain Garnier, European Innovation Council","Biomass Energy, Biotechnology, Textiles",
Synaps,"Lyon, Rhone-Alpes, France, Europe",Seed,,,2021-04-22,http://synaps.io,"Synaps customers comes from many industries including banking, insurance, gambling, cryptocurrency and many more.",Kommune.one,"Internet, Internet of Things",
SYMA Mobile,"Paris, Ile-de-France, France, Europe",,,,2021-04-12,https://www.symamobile.com/,SYMA Mobile is a mobile virtual network operator in France that offers all mobile services.,CAPZA,"Mobile, Mobile Devices, Telecommunications",
Superga Invest,"Paris, Ile-de-France, France, Europe",,,,2021-03-01,https://www.supergainvest.fr,Superga Invest specializes in the transport and logistics of luxury products and packaging.,Eurazeo,"Logistics, Supply Chain Management",
SUIRE Vie & Patrimoine,"Nantes, Pays de la Loire, France, Europe",,,,2021-09-09,http://www.suirevp.fr/,SUIRE Vie & Patrimoine is a personal insurance brokerage company which provides medical insurance and supplementary pension services.,Capital Croissance,"Health Care, Health Insurance, Insurance, Life Insurance",
Studymapper,"Arcueil, Ile-de-France, France, Europe",Seed,,,2021-01-16,https://www.studymapper.fr/,Studymapper is a platform that shakes codes by putting artificial intelligence at the service of school guidance & professional integration.,IMT Starter,"Artificial Intelligence (AI), Machine Learning",
Study Work,"Paris, Ile-de-France, France, Europe",Seed,,,2021-01-16,http://studywork.fr,Study work offers professional advice and counseling for young students in building their careers to lead a successful life.,IMT Starter,"Advice, Career Planning, Consulting",
Studiomatic,"Pantin, Ile-de-France, France, Europe",Pre-Seed,,,2021-12-01,https://www.studiomatic.co/fr,"Studiomatic is a music production studio that offers rehearsal, beat-making, and podcast services.",Sharpstone Capital,"Audio Recording and Production, Music, Music Streaming, Performing Arts",
STIMIO,"Carquefou, Pays de la Loire, France, Europe",Series A,,,2021-09-20,https://stimio.fr/,"STIMIO designs, produces, and markets IoT-connected objects for the B2B market.",574 Invest,"B2B, Information Technology, Internet of Things",
SquareMind,"Paris, Ile-de-France, France, Europe",Pre-Seed,,,2021-01-23,https://www.squaremind.com,SquareMind develops artificial intelligence and robotics solutions designed to support dermatology workflows.,"Calm/Storm VC, Entrepreneurs First, Id4 ventures","Artificial Intelligence (AI), Health Care, Medical, Medical Device, Robotics",
Squad,"Aix-en-provence, Provence-Alpes-Cote d'Azur, France, Europe",,,,2021-01-13,https://www.squad.fr/en/,"Squad is an IT consulting company and expertise firm that brings together the best experts in digital, cyber ​security, and cloud.",Abénex Capital,"Consulting, Cyber Security, IaaS, Information Technology, Software, Virtualization",
Spectre,"Saint-thibault-des-vignes, Ile-de-France, France, Europe",Seed,,,2021-01-16,https://www.spectre-biotech.com/,Spectre is a personalized neuroscience-based training system allowing athletes to control and modify their attentional brainwaves.,IMT Starter,"Information Technology, Medical Device, Neuroscience, Software",
SpaceSense.ai,"Palaiseau, Ile-de-France, France, Europe",Pre-Seed,,,2021-06-01,https://spacesense.ai/,SpaceSense's mission is to help organizations to leverage satellite data to gain actionable insights for their businesses.,Sharpstone Capital,"Artificial Intelligence (AI), Information Technology, Software",
SonarWatch,"Paris, Ile-de-France, France, Europe",Seed,,,2021-10-19,https://sonar.watch/,SonarWatch is a web3 multichain dashboard tool that help in tracking financial journey.,Koji Capital,"Analytics, Blockchain, Decentralized Finance (DeFi), Developer APIs",
Somm'it,"Bordeaux, Aquitaine, France, Europe",Seed,,,2021-06-25,http://www.somm-it.com,Somm’It is the automated sommelier for every restaurant.,High Flyers Capital,"Food and Beverage, Restaurants, Wine And Spirits",
Softcorner,"Arcueil, Ile-de-France, France, Europe",,,,2021-01-16,http://www.softcorner.eu/,Softcorner aims to lead to a complete new way to manage software assets in entreprises and administrations.,IMT Starter,"Asset Management, Computer, Software",
Socopa,"Vagney, Lorraine, France, Europe",,,,2021-07-08,http://www.constructions-socopa.fr,Socopa is a specialist in the construction of wood-framed panels.,Bpifrance,Construction,
Sneakerdraws,"Paris, Ile-de-France, France, Europe",Pre-Seed,,,2021-05-01,https://sneakerdraws.com/,"SaaS, Mobile App, Retail, E-commerce, Sneakers",,"E-Commerce, Information Technology, Retail Technology, Software",
SmartKeyword.io,"Paris, Ile-de-France, France, Europe",Seed,,,2021-01-16,https://smartkeyword.io/,"SmartKeyword is a tool allowing startups, e-shops and marketplaces to increase online sales thanks to SEO.",IMT Starter,"E-Commerce, Marketplace, SEO, Software",
Sirsa,"Paris, Ile-de-France, France, Europe",,,,2021-01-08,https://www.sirsa.io/,Sirsa develops a SAAS platform used for measuring companies’ extra-financial footprint and impacts.,"Andera Partners, CAPZA, RAISE Impact","Consulting, SaaS, Software",
Silina,"Paris, Ile-de-France, France, Europe",Seed,,,2021-09-01,https://www.silina.io,Silina develops innovative solutions to curve imaging sensors to boost the performance of vision systems.,IT-Farm,"Image Recognition, Semiconductor, Sensor",
Shoply,"Boulogne-billancourt, Ile-de-France, France, Europe",Pre-Seed,,,2021-09-09,https://shoply.tv,Social Live Commerce platform for E-commerce & Retail Media.,,"Brand Marketing, Content Marketing, E-Commerce, Retail Technology, SaaS, Social Shopping",
Shipfix,"Vincennes, Ile-de-France, France, Europe",Seed,,,2021-03-01,https://shipfix.com,Shipfix operates as a data and community platform that helps with the operational efficiency in the maritime industry.,TA Ventures,"Artificial Intelligence (AI), Business Intelligence, Machine Learning, Marine Transportation, Shipping",
Shelblock,"Lyon, Rhone-Alpes, France, Europe",Seed,,,2021-01-01,https://www.shelblock.com/en,"Shelblock anti-advertising software effectively blocks ads, inappropriate content for children and trackers.",,"Cyber Security, Internet, Privacy, Software",
Share My Space,"Cergy-pontoise, Ile-de-France, France, Europe",,,,2021-10-06,https://www.sharemyspace.space/,"Share My Space detects, tracks, catalogs, and predicts the collision risk of artificial satellites and space debris.",European Innovation Council,"Geospatial, Manufacturing, Satellite Communication, Software, Space Travel",
SECOND PEAU,"Courbevoie, Ile-de-France, France, Europe",Seed,,,2021-01-16,,SECOND PEAU is an e-commerce platform for online sales of lingerie and mixed home wear.,IMT Starter,"B2C, E-Commerce, Information Technology",
Scintil Photonics,"Grenoble, Rhone-Alpes, France, Europe",Seed,,,2021-10-06,https://www.scintil-photonics.com/,Scintil Photonics is a fabless company that develops silicon photonic integrated circuits,European Innovation Council,"Manufacturing, Optical Communication, Semiconductor",
Save Market,"Paris, Ile-de-France, France, Europe",Seed,,,2021-05-06,https://save-market.com/,Save market supports you in the management of your old equipment,"Daphni, Tomcat Invest","B2C, E-Commerce, Marketplace",
Saphelec,"Biot, Provence-Alpes-Cote d'Azur, France, Europe",,,,2021-04-22,https://www.saphelec.fr/,"Saphelec is an IT company that delivers wireless connectivity, telecommunications, and internet services.","Bpifrance, Sofipaca","Information Technology, Mobile, Outsourcing, Telecommunications, Wireless",
SAMPLE,"Paris, Ile-de-France, France, Europe",Pre-Seed,,,2021-01-07,https://sampleapp.co,"Access the best fashions deals on the market, all year long. Up to 70% off on your favorite sneakers & streetwear.",Ariane Capital,"Cryptocurrency, E-Commerce, Fashion",
Salty,"Paris, Ile-de-France, France, Europe",Seed,,,2021-05-04,https://salty-design.com/,Salty designs and makes furniture inspired by the ocean and the surf culture.,Kernel Investissements,"E-Commerce, Interior Design, Manufacturing, Sports",
Saaswedo,"Paris, Ile-de-France, France, Europe",,,,2021-10-06,http://www.saaswedo.com/,A French provider of telecom expense management software,Epsa Group,"Mobile Devices, Online Portals, SaaS, Software",
Refty,"Paris, Ile-de-France, France, Europe",Pre-Seed,,,2021-10-01,https://refty.co/,Refty is an interactive virtual space platform.,,"B2B, Information Technology, Internet, Service Industry",
Recyc-Matelas Europe,"Colombes, Ile-de-France, France, Europe",,,,2021-09-20,http://www.recyc-matelas.fr/,Recyc-Mattresses Europe offers recycling services for bedding products.,"Bpifrance, Weinberg Capital Partners","Environmental Engineering, Industrial, Industrial Manufacturing, Recycling",
Ragni Group,"Cagnes-sur-mer, Provence-Alpes-Cote d'Azur, France, Europe",,,,2021-06-23,https://www.ragni.com/EN/HOME_PAGE.html,Ragni Group is a french designer and manufacturer of public lighting.,"AfricInvest, Bpifrance","Electronics, Lighting, Manufacturing",
Qovetia,"Paris, Ile-de-France, France, Europe",Seed,,,2021-02-16,https://www.qovetia.com/,"Qovetia brings together canine, equine, and rural veterinarians, willing to jointly develop their clinics around common values.","Careventures, Unexo","Health Care, Veterinary",
Qonto,"Paris, Ile-de-France, France, Europe",Growth Equity,,,2021-01-27,https://qonto.com,Qonto is an online bank that provides financial tools for small and medium-sized businesses and freelancers.,TCV,"Banking, Financial Services, FinTech, Payments, Software",819489626
Qomon,"Paris, Ile-de-France, France, Europe",Pre-Seed,,,2021-08-20,https://qomon.com/platform,Qomon is the modern Supporter Activation Platform for political and nonprofit teams.,Fast Forward,"Big Data, Information Technology, Non Profit, Politics, SaaS, Software",
Qentnis,"Laigné-en-belin, Pays de la Loire, France, Europe",Seed,,,2021-10-28,https://www.qentnis.com/,"Qentnis provides insights, market insights and analytics of a company using database.","ICLUB VC, TA Ventures","Analytics, Consulting, Database, Software",
Prophesee,"Paris, Ile-de-France, France, Europe",Series C,,,2021-07-06,https://www.prophesee.ai/,Prophesee is the inventor of the world’s most advanced neuromorphic vision systems.,"Sinovation Ventures, Xiaomi","Artificial Intelligence (AI), Automotive, Drones, Industrial Automation, Internet of Things, Mobile, Sensor",800681892
Process Metronome,"Paris, Ile-de-France, France, Europe",Pre-Seed,,,2021-07-01,https://www.process-metronome.com/,"Digital Business Process Management Orchestrator, SaaS",,"SaaS, Software",
Prima Vital,"Saint-raphaël, Provence-Alpes-Cote d'Azur, France, Europe",Seed,,,2021-06-01,https://www.primavital.fr/,Prima Vital provides homecare and accessibility solutions for the elderly and people with reduced mobility.,Omnes Capital,"Health Care, Life Science, Medical",
Powder,"Paris, Ile-de-France, France, Europe",,,,2021-10-06,https://powder.gg,Powder is a mobile app that enables gamers to create the best gaming clips and share exiting gaming stories.,European Innovation Council,"Gaming, Media and Entertainment, Video Games",
PLAYERS,"Créteil, Ile-de-France, France, Europe",Pre-Seed,,,2021-01-01,https://playersevents.fr/,PLAYERS specializes in sports entertainment.,Kostogri,"Media and Entertainment, Sports",523860658
Piggit,"Paris, Ile-de-France, France, Europe",Pre-Seed,,,2021-12-13,https://piggitapp.com/,Piggit is a finance app that rounds-up debtholders expenses and automatises extra-debt repayments,APX,"Financial Services, FinTech",
Picsellia,"Toulouse, Midi-Pyrenees, France, Europe",Pre-Seed,,,2021-09-24,https://picsellia.com,"Picsellia is an end-to-end, highly scalable, MLOps Platform, dedicated to Computer Vision.",Acequia Capital (AceCap),"Artificial Intelligence (AI), Computer Vision, Information Technology",
Phaesun,"Vendargues, Languedoc-Roussillon, France, Europe",,,,2021-01-01,http://www.phaesun.com/,"Phaesun is an online seller of generators, electronics, batteries, and accessories.",EEP Africa,"Industrial, Renewable Energy, Solar",
Petit Forestier,"Villepinte, Ile-de-France, France, Europe",,,,2021-04-29,https://www.petitforestier.com/,"Petit Forestier is a transportation company that offers refrigerated vehicles, furniture, containers & storage solutions for its customers.",FOR TALENTS,"Logistics, Rental, Transportation, Warehousing",
Peamux,"Paris, Ile-de-France, France, Europe",Pre-Seed,,,2021-12-01,https://peamux.com,"Peamux is an infrastructure and network operator company that specializes in broadcasting, research and studies.",Indiciel Capital,"Advertising, Broadcasting, Telecommunications",
Payinnov,"Paris, Ile-de-France, France, Europe",Seed,,,2021-11-01,https://Payinnov.io,FINTECH.#WEB3 PAYMENT Gateway Editor for instant online & onsite merchants acceptance of #stablecoins & cryptoassets payments. Plugins + App,,"Bitcoin, Cryptocurrency, E-Commerce, Ethereum, FinTech, Payments, Retail, Web3",
Paragon Mobility,"Sophia Antipolis, Provence-Alpes-Cote d'Azur, France, Europe",Series A,,,2021-05-05,http://www.paragonmobility.com/,Paragon Mobility is a developer of charging and energy distribution operations.,Cycle Group,"Energy, Service Industry",
Paradiso media,"Paris, Ile-de-France, France, Europe",Series A,,,2021-08-31,https://paradisomedia.io,Paradiso media is a podcast studio.,"Alliance Entreprendre, Bpifrance, Swen Capital Partners","Audio, Digital Entertainment, Digital Media, Media and Entertainment, Podcast",
PAOS,"Paris, Ile-de-France, France, Europe",Pre-Seed,,,2021-02-06,https://paos.fr/,PAOS designs solid organic cosmetics and natural cleaning products that can be used without packaging.,"Ahmed Mhiri, Angelsquare","Beauty, Cleaning Products, Health Care, Wellness",
Oxyde Technologies,"Paris, Ile-de-France, France, Europe",Pre-Seed,,,2021-02-01,https://www.oxydetechnologies.co.uk/,Fully automated security validation tool for risk based remediation,,"Artificial Intelligence (AI), Cyber Security, Machine Learning",
Outmind,"Paris, Ile-de-France, France, Europe",Seed,,,2021-12-01,https://outmind.ai,"SaaS allowing to do text searches within all your tools, finding internal information or the right colleague that can help you.",Sharpstone Capital,"Information Technology, Internet, Software",
Osol,"La Bocca, Provence-Alpes-Cote d'Azur, France, Europe",Pre-Seed,,,2021-09-01,https://www.osol.co/,"Osol develops nomadic energy systems that allow business, school, and coworking workspaces to render flexible and modular spaces.",Maxime Paradis,"Battery, Business Information Systems, Business Intelligence, Energy, Smart Home",
Op2Lysis,"Boulogne-billancourt, Ile-de-France, France, Europe",,,,2021-10-06,https://www.op2lysis.com,Op2Lysis develops drugs for hemorrhagic stroke patients.,European Innovation Council,"Biotechnology, Health Care, Life Science, Wellness",
Onestock,"Paris, Ile-de-France, France, Europe",Seed,,,2021-04-06,https://www.onestock-retail.com/en/,OneStock provides an innovative software suite for the retail sector.,Silverfleet Capital,"Retail, Software",529042376
Oledcomm,"Vélizy-villacoublay, Ile-de-France, France, Europe",,,,2021-06-16,https://www.oledcomm.net/,Oledcomm designs and manufactures Dual Use LiFi and Laser communciations Solutions for mission-critical environments.,European Innovation Council,"Information Technology, Optical Communication",
Occarent,"Pexiora, Languedoc-Roussillon, France, Europe",Seed,,,2021-06-10,https://occarent.fr/,Occarent is a rental company that provides long-term rental services of equipment goods.,Crédit Mutuel Equity,"Industrial, Recreational Vehicles, Rental",
Northern Lights Entertainment,"Paris, Ile-de-France, France, Europe",Pre-Seed,,,2021-03-24,https://nebulae.world/about-us/,Video Game Studio and Entertainment company,Acequia Capital (AceCap),"CivicTech, Digital Entertainment, Gaming, GreenTech, Media and Entertainment, MMO Games, Online Games, Video Games",
Nocodeshops,"Courbevoie, Ile-de-France, France, Europe",Pre-Seed,,,2021-11-18,https://nocodeshops.com,Nocodeshops is a software company that helps businesses develop with online marketing tools and eCommerce platforms online.,,"E-Commerce, Marketing, Shopping, Software",
NGE,"Tarascon, Provence-Alpes-Cote d'Azur, France, Europe",,,,2021-10-11,http://www.nge.fr/,NGE is the french independent group entirely devoted/dedicated to public works.,Montefiore Investment,Construction,
NEWBRANDS,"Paris, Ile-de-France, France, Europe",Seed,,,2021-04-07,https://www.newbrands.fr,NewBrands is a SaaS production platform for the textile industry: it enables brands to reduce their costs while simplifying their production,,"SaaS, Software, Supply Chain Management",
NETRIS Pharma,"Lyon, Rhone-Alpes, France, Europe",,,,2021-10-06,http://www.netrispharma.com/,NETRIS Pharma develops therapeutic molecules for treating cancer by targeting dependence receptors for the pharmaceutical industry.,European Innovation Council,"Biotechnology, Health Care, Life Science, Pharmaceutical",
Myr.ai,"Paris, Ile-de-France, France, Europe",Pre-Seed,,,2021-02-03,https://myr.ai,"Stop all the WhatsApp notifications, emails, text messages, spreadsheets, paperwork, and calls at all hours for managing buildings","REACH, Second Century Ventures","Analytics, Consulting, Data Management",
My Auto Specialist,"Puteaux, Ile-de-France, France, Europe",Seed,,,2021-01-31,https://www.monspecialisteauto.com/,My Auto Specialist is a used home inspection service that aims to help automotive market professionals in their digital transition.,Ahmed Mhiri,"Automotive, Boating, Customer Service",
MT Systems,"Perpignan, Languedoc-Roussillon, France, Europe",,,,2021-03-25,http://www.mt-systems.fr,MT Systems is a France company involves in washing of reusable crates for the food industry.,CAPZA,"Food and Beverage, Industrial Automation, Sustainability, Waste Management",
movido,"Paris, Ile-de-France, France, Europe",Pre-Seed,,,2021-04-01,https://www.go-movido.com/,"Movido is a marketplace and SaaS company that offers a wide range of services including mobile, housing, bank accounts, and wifi.",,"Education, Financial Services, Mobile, Real Estate",
movido,"Paris, Ile-de-France, France, Europe",Pre-Seed,,,2021-04-01,https://www.go-movido.com/,"Movido is a marketplace and SaaS company that offers a wide range of services including mobile, housing, bank accounts, and wifi.",,"Education, Financial Services, Mobile, Real Estate",
Moone (Techstars '21),"Paris, Ile-de-France, France, Europe",Seed,,,2021-08-15,https://www.moonehq.com,Actionable team feedback on autopilot for modern teams (ex Think Confluent),Techstars,"Human Resources, SaaS, Software",
Mitrust,"Paris, Ile-de-France, France, Europe",Seed,,,2021-10-20,https://m-itrust.com,"MiTrust is a start-up to the digital world to identify & transfer certified personal data in a transparent, secure and convenient manner.",Open CNP,Internet,
Mindee,"Paris, Ile-de-France, France, Europe",Seed,,,2021-03-01,https://mindee.com,Mindee offers a tailor-made artificial intelligence solution that transforms documents into usable data.,"Swift Ventures, Y Combinator","Artificial Intelligence (AI), Machine Learning, Open Source, SaaS, Web Apps",
Merci Handy,"Paris, Ile-de-France, France, Europe",,,,2021-07-28,https://www.mercihandy.com/,Merci Handy is a cosmetic brand.,Founders Future,"Cosmetics, Lifestyle, Retail",
MeltingSpot,"Paris, Ile-de-France, France, Europe",Pre-Seed,,,2021-12-09,https://meltingspot.io,MeltingSpot is a software adoption platform,Matters,"Embedded Software, Software",
MELIFERA,"Réparsac, Poitou-Charentes, France, Europe",Pre-Seed,,,2021-02-21,https://www.melifera.fr/fr/,Beverage,OBRATORI,Food and Beverage,
Mediflash,"Paris, Ile-de-France, France, Europe",Pre-Seed,,,2021-04-03,https://mediflash.fr,Mediflash is a replacement platform for caregivers.,Marie Outtier,"Health Care, Hospital, Medical",
Mediawan,"Paris, Ile-de-France, France, Europe",Growth Equity,,,2021-03-07,https://www.mediawan.com,Mediawan is one of Europe's independent audiovisual content studios.,Atwater Capital,"Advertising, Broadcasting, Digital Media, Internet, TV Production",815286398
Matcha,"Paris, Ile-de-France, France, Europe",Pre-Seed,,,2021-12-01,https://matcha.co/,Sales Performance for Product-led Companies,Fly Ventures,Software,
Massa,"Paris, Ile-de-France, France, Europe",Seed,,,2021-11-12,https://massa.net/,Massa is a decentralized and scaled blockchain platform.,Acequia Capital (AceCap),Smart Contracts,
Malou,"Paris, Ile-de-France, France, Europe",Pre-Seed,,EUR,2021-09-01,https://malou.io,Malou is a provider of digital marketing solutions for restaurants.,"Frederic Halley, Kima Ventures","Restaurants, Software",
Major,"Oullins, Rhone-Alpes, France, Europe",Pre-Seed,,,2021-03-03,https://www.major.com,Major Corp is an online media company.,Julien Lopizzo,"Business Intelligence, Information Technology, Legal Tech",
Maison Options,"Les Mureaux, Picardie, France, Europe",,,,2021-09-14,https://www.options.fr/,"Maison Options offers the rental of crockery, toppings, event furniture, and catering equipment.",Socadif,"E-Commerce, Furniture, Rental, Shopping",
Luos,"Bordeaux, Aquitaine, France, Europe",,,,2021-06-14,https://www.luos.io,The world’s first open source devtool that makes hardware as agile as software,Starburst Accelerator,"Developer Tools, Embedded Software, Embedded Systems, Open Source, Robotics, Software",
LSA Courtage,"Boulogne, Nord-Pas-de-Calais, France, Europe",,,,2021-01-05,https://www.assurpeople.com/lsa-courtage,LSA Courtage provides car insurance agency solutions for French citizens.,Isai,"Auto Insurance, Consulting, Financial Services, Health Insurance, Insurance, InsurTech",
Lovys,"Paris, Ile-de-France, France, Europe",Series A,,,2021-07-20,https://www.lovys.com,Lovys is an insurance company that offers auto insurance and financial services.,"Adevinta Ventures, Bpifrance, Heartcore Capital, MAIF Avenir, MS&AD Ventures, NewAlpha Asset Management VC, Plug and Play, Portugal Ventures, Raise Ventures, Techstars","Auto Insurance, Financial Services, Insurance, InsurTech",
Lolo Paris,"Paris, Ile-de-France, France, Europe",Seed,,,2021-12-16,https://lolo.paris,Lolo is a young custom made lingerie DNVB.,OBRATORI,"Apparel, E-Commerce, Fashion, Retail",
LIZEE,"Paris, Ile-de-France, France, Europe",Seed,,,2021-03-25,https://www.lizee.co/,LIZEE is a logistics and managed services solution.,,"Logistics, Rental, Supply Chain Management",
LiMM Therapeutics,"Paris, Ile-de-France, France, Europe",,,,2021-01-01,https://www.limmtx.com/,LiMM Therapeutics is a biopharmaceutical company that harnesses the molecular cross-talk between neuronal and innate lymphoid cells.,3xP Global,"Biotechnology, Health Care, Medical Device, Therapeutics",
Limatech,"Voreppe, Rhone-Alpes, France, Europe",Seed,,,2021-02-08,https://www.limatech.energy/en/,Limatech is a lithium-ion battery manufacturing company that provides batteries for aviation with applications across space and defense.,"European Innovation Council, Starburst Accelerator","Aerospace, Battery, Manufacturing",
LETTRIA,"Paris, Ile-de-France, France, Europe",Seed,,,2021-10-01,https://lettria.com,LETTRIA is one of the most advanced Natural Language Processing players in the French-speaking market.,Alain Garnier,"Artificial Intelligence (AI), Education, Software",
Lekaba,"Paris, Ile-de-France, France, Europe",Seed,,,2021-01-27,https://www.lekaba.fr/,Lekaba searches compare and select for you the best eco-responsible alternatives to all everyday actions.,Anthony Nakache,"Information Services, Information Technology",
Léa et Léo,"Hérouville-saint-clair, Basse-Normandie, France, Europe",,,,2021-10-11,https://www.leaetleo.com/,Léa & Léo designs and manages enterprise crèches.,"Swen Capital Partners, Trocadero Capital Partners","Child Care, Children, Enterprise Software",
Lactips,"Saint-jean-bonnefonds, Rhone-Alpes, France, Europe",,,,2021-06-16,http://lactips.com/en/home-lactips-en,Lactips produces water soluble and biodegradable thermoplastic pellets based on milk protein.,European Innovation Council,"Chemical, Industrial, Manufacturing",
La Ruche qui dit Oui,"Paris, Ile-de-France, France, Europe",,,,2021-04-21,http://www.laruchequiditoui.fr/,La Ruche qui dit Oui is an e-commerce platform where users group themselves to buy directly from their local farmers.,Cipio Partners,"Agriculture, Consumer, E-Commerce, E-Commerce Platforms, Food and Beverage, Food Processing",
La Fourche,"La Courneuve, Ile-de-France, France, Europe",Series B,,,2021-01-01,https://lafourche.fr/,La Fourche is a subscription-based platform that offers discounts on everyday organic products.,,"E-Commerce, Internet, Organic",839765062
La Fête du Rosé,"Saint-tropez, Provence-Alpes-Cote d'Azur, France, Europe",Seed,,,2021-05-13,https://www.lafeterose.com/,La Fête du Rosé is a wine producer that produces rosé wine and white wine.,Constellation Brands Ventures,"Wine And Spirits, Winery",
L'intendance,"Paris, Ile-de-France, France, Europe",Seed,,,2021-03-30,https://www.lintendance.co,Lintendance is an online shop for plastic free groceries and reusable containers.,,"Consumer Goods, Cosmetics, E-Commerce, Grocery, Organic, Retail",
Kryll.io,"Valbonne, Provence-Alpes-Cote d'Azur, France, Europe",Series A,,,2021-07-15,https://kryll.io,Kryll.io allows users to build and run powerful crypto trading strategies through a simple drag and drop editor.,,"Blockchain, Cryptocurrency, FinTech, SaaS, Trading Platform",
Klubb,"Ferrières-en-brie, Ile-de-France, France, Europe",,,,2021-07-26,https://klubb.com/,Klubb is a manufacturer of vehicle-mounted aerial platforms.,Andera Partners,"Industrial, Industrial Engineering, Manufacturing",
Klee Group,"Le Plessis-robinson, Ile-de-France, France, Europe",,,,2021-12-06,https://www.kleegroup.com/fr,Klee Group provides enterprise information systems and information technologies in Europe.,Mbo & Co,"Business Intelligence, Consulting, Enterprise Software, Internet",
Kinougarde,"Paris, Ile-de-France, France, Europe",,,,2021-11-15,https://www.kinougarde.com/,Kinougarde is a personal services company that offers home childcare services.,"GENEO Capital Entrepreneur, RAISE","Child Care, Family",
Kiln,"Paris, Ile-de-France, France, Europe",Pre-Seed,,,2021-06-01,https://www.kiln.fi/,Kiln creates an enterprise-level pledge platform and provides one-click pledge services for encrypted assets.,"Bermingham Capital, Eduardo Ronzano",,
Ki Foundation,"Paris, Ile-de-France, France, Europe",Seed,,,2021-03-18,https://www.foundation.ki/,Ki Foundation provides ecosystem creating services.,Meridian Capital,"Decentralized Finance (DeFi), Financial Services, Venture Capital",
Keyop Média,"Bordeaux, Aquitaine, France, Europe",Seed,,,2021-12-28,https://keyopmedia.fr,Keyop Média développe des titres de presse experts.,Julien Lopizzo,,
Jay&Joy,"Paris, Ile-de-France, France, Europe",Seed,,,2021-02-01,https://www.jay-joy.com/,Jay&Joy is a manufacturing company that provides almond milk and cashew nuts cheese alternatives.,Blue Horizon Corporation,"Food and Beverage, Food Processing, Manufacturing, Organic Food",
Japet Medical,"Loos, Nord-Pas-de-Calais, France, Europe",Seed,,,2021-07-03,http://japet.eu,Japet Medical Devices is a French biomedical company developing robotic equipment for the most advanced quality of treatment.,"Boundary Holding, SOSV","Biotechnology, Health Care, Medical Device, Robotics",
Iteration X,"Évry, Ile-de-France, France, Europe",Pre-Seed,,,2021-04-19,https://www.iterationx.com,Universal AI-native project management platform for lean product teams,Rand Hindi,"Collaboration, Internet, Product Management, Project Management, SaaS, Software, Software Engineering, Web Apps, Web Browsers",
Infra,"Bischheim, Alsace, France, Europe",,,,2021-01-01,https://www.infra.fr/,Infra is a communication and advertising agency.,Bossa Invest,"Advertising, Digital Marketing, Marketing",314583543
Indeez,"Paris, Ile-de-France, France, Europe",Pre-Seed,,,2021-05-26,https://indeez.eu,"Indeez is an insurtech company that provides income protection solutions for independent workers, gig workers, and freelancers.",Pascal Gauthier,"Financial Services, Insurance, InsurTech",
ImmoCity,"Montreuil, Ile-de-France, France, Europe",,,,2021-11-08,https://www.immocity.com/,ImmoCity is a real estate company that offers property management services for commercial and residential projects.,Andera Partners,"Property Development, Property Management, Real Estate",
iDealwine,"Colombes, Ile-de-France, France, Europe",Growth Equity,,,2021-01-26,https://www.idealwine.com/uk/index.jsp,iDealwine is an online seller of wines.,Capital Croissance,"E-Commerce, Food and Beverage, Wine And Spirits",431661628
iad Group,"Lieusaint, Ile-de-France, France, Europe",,,,2021-03-24,https://iadinternational.com,iad Group is a Real Estate company that offers a personalized service to accompany clients in their projects at the right price.,"Five Arrows Principal Investments, IK Partners, Insight Partners, Naxicap Partners",,
Hifield,"Sèvres, Ile-de-France, France, Europe",Seed,,,2021-09-02,https://www.hifield.fr/,"Hifield is an IT company specialized in cybersecurity, cloud and infrastructure consulting services.",,"Cloud Data Services, Cyber Security, Information Technology",
Hero,"Paris, Ile-de-France, France, Europe",Pre-Seed,,,2021-08-19,https://www.heropay.eu,"A Single Platform to Bank, Accept Payments and Finance your company.",FJ Labs,"B2B, FinTech, Payments",
Helpevia,"Rouen, Haute-Normandie, France, Europe",,,,2021-04-20,https://www.helpevia.fr/,Helpevia is a medical supplies company involves in purchase and distribution of all kinds of medical needs.,UI Investissement,"Health Care, Medical, Pharmaceutical",
Gulli Parc,"Paris, Ile-de-France, France, Europe",,,,2021-09-30,https://www.gulli-parc.com/decouvrez-votre-gulli-parc,Gulli Parc is an indoor play parks group that hosts fun activities for children aged 1 to 12.,Bpifrance,"Education, Primary Education, Training",
Gsvert,"Châteaubernard, Poitou-Charentes, France, Europe",Seed,,,2021-02-24,https://www.gsvert.fr/,Gsvert is an environmental management consultancy company.,"Crédit Agricole Ille and Vilaine Expansion, Credit Mutuel","Environmental Consulting, Environmental Engineering",
Gruppomimo,"Paris, Ile-de-France, France, Europe",Seed,,,2021-12-21,https://gruppomimo.com/,Making this world a better place with pizza & pasta,ODYSSEE VENTURE,Restaurants,
Groupe Eddifis,"Paris, Ile-de-France, France, Europe",,,,2021-01-29,http://www.groupe-eddifis.fr/,Groupe Eddifis is a construction company which offers renovation work such as roofing and decorative painting for old buildings.,"Bpifrance, Momentum Invest","Construction, Home Renovation, Interior Design",
Grandir,"L'ile-d'elle, Pays de la Loire, France, Europe",,,,2021-07-27,https://www.grandir.com/,Grandir operates nursery group across France.,Sodexo,Nursing and Residential Care,
Goodvest,"Paris, Ile-de-France, France, Europe",Pre-Seed,,,2021-08-01,https://goodvest.fr,Goodvest offers responsible savings focused on ethic and transparency.,,"FinTech, GreenTech",
Glowee,"Paris, Ile-de-France, France, Europe",,,,2021-06-03,http://www.glowee.fr/,"Glowee is developing a living, biological light system that is revolutionizing the light industry.",European Innovation Council,"Biotechnology, Clean Energy, CleanTech, Electronics",
Gaming Campus,"Lyon, Rhone-Alpes, France, Europe",Seed,,,2021-09-24,https://gamingcampus.fr/,Gaming Campus is an unique place to reveal talent and develop skills with 3 higher education schools specialized in the video game sector.,Capital Croissance,"Education, Training, Video Games",
Furahaa Group,"Paris, Ile-de-France, France, Europe",Seed,,,2021-05-25,https://www.furahaa.com/,Furahaa Group operates as a vegan fast-food chain.,KBW Ventures,"Food and Beverage, Restaurants",
FUNECAP GROUPE,"Paris, Ile-de-France, France, Europe",,,,2021-02-10,https://www.funecap.group/,"FUNECAP GROUPE provides activities and national services of funeral parlors, crematoriums, coffins, marble works, funerary articles, funeral",Latour Capital,"Commercial, Funerals",
Fromagerie Delin,"Gilly-lès-cîteaux, Bourgogne, France, Europe",,,,2021-10-19,https://www.fromagerie-delin.com/en/home/,Fromagerie Delin is a producer of processed milk products such as cheese and yogurt.,"Carvest Crédit Agricole Régions Investissement, Sofiproteol","Farming, Food and Beverage, Food Processing, Manufacturing",
Fonts Ninja,"Paris, Ile-de-France, France, Europe",Pre-Seed,,,2021-11-15,https://www.fonts.ninja,Fonts Ninja is a software service-based company.,Purple,"Customer Service, Product Design, Software",
Flowdesk,"Paris, Ile-de-France, France, Europe",Pre-Seed,,,2021-04-08,https://flowdesk.co,Flowdesk is a digital asset trading company that combines financial and crypto expertise to connect digital assets with global liquidity.,,"Cryptocurrency, Financial Services, FinTech, Information Technology, Web3",
Flatchr,"Boulogne-billancourt, Ile-de-France, France, Europe",Series A,,,2021-01-24,https://flatchr.io/,"Flatchr is a service for small and medium-sized businesses that do not always have the time, the means, or the skills to recruit.",ODYSSEE VENTURE,"B2B, Human Resources, Recruiting, SaaS",
EyePick,"Paris, Ile-de-France, France, Europe",Seed,,,2021-11-01,https://eyepick.com,EyePick is a provider of automation solutions for manual tasks using vision guided robots.,"Elaia, Entrepreneurs First",Robotics,
Enginn Technologies,"Paris, Ile-de-France, France, Europe",Pre-Seed,,,2021-04-30,https://www.enginn.ai,Enginn Technologies utilizes artificial intelligence to create human-quality voices on-demand for video games.,Rand Hindi,"Animation, Artificial Intelligence (AI), Film Production, Gaming, Information Services, Information Technology",
Enersens,"Les Auvergnes, Rhone-Alpes, France, Europe",,,,2021-10-06,http://www.enersens.eu,Enersens is a chemical manufacturer firm that produces silica aerogel products.,European Innovation Council,"Chemical, Manufacturing, Marketing",
Emb-i-Pack,"Indre, Pays de la Loire, France, Europe",,,,2021-09-27,http://www.embipack.com/,Emb-i-Pack is an industrial and commercial packaging waste treatment company.,Bpifrance,"Environmental Engineering, Industrial, Manufacturing, Plastics and Rubber Manufacturing",
Elum Energy,"Paris, Ile-de-France, France, Europe",Series A,,,2021-10-04,https://elum-energy.com/en/home/,Elum Energy is an energy and automation company.,Cota Capital,"Artificial Intelligence (AI), Energy, Environmental Consulting, Renewable Energy, Solar",817860083
Ellcie Healthy,"Nice, Provence-Alpes-Cote d'Azur, France, Europe",Seed,,,2021-01-01,http://www.ellcie-healthy.com,Ellcie Healthy develops connected eyewear with embedded sensors and AI to monitor health and safety data in real time.,Upward,"Computer, Fitness, Health Care, Software, Wellness",
EDL,"La Seyne-sur-mer, Provence-Alpes-Cote d'Azur, France, Europe",,,,2021-05-12,https://www.edl.fr/,EDL provides IT solutions for public and private medical imaging services.,Abénex Capital,"Health Care, Information Technology, Software",
Edda,"Paris, Ile-de-France, France, Europe",,,,2021-11-01,https://www.edda.co,Edda specializes in flow management solutions for business investors,CSA Partners LLC,"Financial Services, SaaS, Software, Venture Capital",
EazyRent,"Toulouse, Midi-Pyrenees, France, Europe",Pre-Seed,,,2021-09-30,https://www.eazyrent.fr/,"EazyRent is a software application that provides document collection, analysis, and tenant file scoring for the real estate sector.",BJ Invest,"Document Management, Real Estate, Software",
Dubos,"Pessac, Aquitaine, France, Europe",,,,2021-06-29,http://www.harmony-textile.com,Dubos is engages in manufacturing of linen products.,"AQUITI Gestion, Grand Sud Ouest Capital","Manufacturing, Textiles",
Dood,"Lille, Nord-Pas-de-Calais, France, Europe",Series A,,,2021-01-01,https://www.dood.com/,DOOD is an e-commerce and marketing solution for restaurants and food traders.,,"E-Commerce, Food and Beverage, Internet, Mobile Apps, Retail",
DESTIA Group,"Olivet, Pays de la Loire, France, Europe",,,,2021-01-01,https://www.destia.fr/#accueil,DESTIA Group is a provider of personal services to different aged people.,XAnge,"Health Care, Home Health Care, Home Services, Personal Health",
Delta Service Location,"Corbas, Rhone-Alpes, France, Europe",,,,2021-01-25,https://www.dsl.fr/contact/,Delta Service Location is a provider of pumping and temporary energy equipment.,"Alliance Entreprendre, Gene Capital, Societe Generale","Energy, Energy Management, Rental",
D-Sécurité Groupe,"Genas, Rhone-Alpes, France, Europe",Seed,,,2021-06-10,https://www.d-securite.com/,D-Sécurité Groupe provides purchase and rental services of defibrillators and air purifiers.,Garibaldi Participations,"Industrial, Rental, Water Purification",
CrunchDAO,"Paris, Ile-de-France, France, Europe",Pre-Seed,,,2021-01-01,https://crunchdao.com,"elite ML community (+10,000 data scientists +1,200 PhDs) that develops alpha-generating insights through its collective intelligence network",Maxime Paradis,Cryptocurrency,
Completude,"Paris, Ile-de-France, France, Europe",,,,2021-11-15,https://www.completude.com,Completude is a school support organization that provides online courses.,"GENEO Capital Entrepreneur, RAISE","Education, E-Learning, Higher Education",
Cold Pad,"Paris, Ile-de-France, France, Europe",,,,2021-06-16,https://www.cold-pad.com,Cold Pad provides durable composite bonding and fastening solutions for hull & deck.,European Innovation Council,"Industrial Engineering, Manufacturing, Mechanical Engineering, Service Industry",
Click&Boat,"Boulogne-billancourt, Ile-de-France, France, Europe",,,,2021-07-19,https://www.clickandboat.com/,Click&Boat is a professional and private yacht charter company.,"Boats Group, Permira","Boating, Collaboration",
Clear Fashion,"Paris, Ile-de-France, France, Europe",Seed,,,2021-07-22,https://clear-fashion.com,Clear Fashion is a mobile application to choose and favor eco-responsible brands and clothing.,Ahmed Mhiri,"E-Commerce, Fashion, Mobile Apps, Software",
Cizoo,"Paris, Ile-de-France, France, Europe",Seed,,,2021-04-12,http://www.cizoo.io/,Cizoo is a singing software that allows its users to modify their voice on the spot.,Insta Ventures,"iOS, Music",
Circular Ring,"Paris, Ile-de-France, France, Europe",Seed,,,2021-01-01,https://www.circular.xyz/,Circular is a fitness technology company that develops ECG smart rings to allow its users to track their health metrics.,,"Consumer Electronics, Fitness, Health Care, Internet of Things, Personal Health, Wearables, Wellness",
Circle,"Saint-mandé, Ile-de-France, France, Europe",Pre-Seed,,,2021-06-23,https://www.getcircle.fr/,Circle provides a mobile application for selling various products.,Plug and Play,"Apps, E-Commerce, E-Commerce Platforms, Mobile Apps, Retail",
CILAS,"Orléans, Centre, France, Europe",,,,2021-07-20,https://cilas.ariane.group/en/,"CILAS develops cutting-edge technology products in lasers and optronics for the defense & security, scientific, and space instrumentations.",Lumibird,"Laser, Manufacturing, Optical Communication",
Choose,"Paris, Ile-de-France, France, Europe",Series A,,,2021-03-02,http://www.appchoose.io/,Choose is an online store that provides daily private sales on favorite brands.,FJ Labs,"E-Commerce, Internet, Retail, Shopping",
Caption,"Paris, Ile-de-France, France, Europe",Pre-Seed,,,2021-07-06,https://caption.market/,Caption offers a platform for buying and selling shares.,"Bertrand Jacquelot, Denis Lafont-Trévisan","Angel Investment, Financial Exchanges, Marketplace, Personal Finance",
Capteur.co,"Paris, Ile-de-France, France, Europe",Seed,,,2021-04-01,https://www.capteur.co/,Temperature logging and alerts.,Calm Company Fund,"Apps, Environmental Consulting, Internet, Remote Sensing, Sensor",
Captain Data,"Nantes, Pays de la Loire, France, Europe",Pre-Seed,,,2021-12-31,https://captaindata.co,Captain Data is a no-code Data extraction and automation platform.,Luxembourg Business Angel Network (LBAN),"Marketing Automation, PaaS, Sales Automation",
BSK Immobilier,"Toulouse, Midi-Pyrenees, France, Europe",,,,2021-11-09,https://bskimmobilier.com,BSK Immobilier is an online platform that offers real estate services.,Activa Capital,"Online Portals, Real Estate, Small and Medium Businesses",
Bolk,"Paris, Ile-de-France, France, Europe",Seed,,,2021-04-01,https://bolk.co/,"Bolk provides autonomous bowl-making robotic canteen which producing warm meals, cold dishes and desserts from precooked ingredients.",Sharpstone Capital,"Catering, Food and Beverage, Robotics",
Bolk,"Paris, Ile-de-France, France, Europe",Seed,,,2021-04-01,https://bolk.co/,"Bolk provides autonomous bowl-making robotic canteen which producing warm meals, cold dishes and desserts from precooked ingredients.",Sharpstone Capital,"Catering, Food and Beverage, Robotics",
Blancrème Paris,"Paris, Ile-de-France, France, Europe",Series A,,,2021-05-01,https://www.blancreme.com/,Blancrème Paris is a french cosmetic delicatessen Quality formulas in beautiful bottles to take care of yourself with greed.,Itera Invest,"Cosmetics, E-Commerce, Retail, Supply Chain Management",
BienManger,"Mende, Languedoc-Roussillon, France, Europe",Seed,,,2021-06-22,https://www.bienmanger.com/,"BienManger is an online store that sells wine, delicacies and organic food products.",Notus Technologies,"E-Commerce, Food and Beverage, Nutrition, Organic",533172094
BeReal.,"Paris, Ile-de-France, France, Europe",Seed,,,2021-05-30,https://bereal.com,BeReal. is a social media app where users share unfiltered photos at random times to capture authentic moments in their daily lives.,"Adjacent, Banana Capital, Kima Ventures, New Wave (VC)","Apps, Mobile Apps, Photo Sharing, Social Media, Software",
Azergo,"Vourles, Rhone-Alpes, France, Europe",,,,2021-09-13,https://www.azergo.fr/,"Azergo is a distributor of ergonomic equipment for offices, industries, and technical environments.",Initiative & Finance,"Consumer Electronics, Furniture, Industrial",
Axolo,"Paris, Ile-de-France, France, Europe",Pre-Seed,,,2021-08-30,https://axolo.co,Axolo is a bidirectional Github-Slack integration to help tech teams reduce pull request time and improve code review feedback.,"PROTOCOL — by GETTYLAB, Y Combinator","Collaboration, Information Technology, Productivity Tools, Software",
Avumi,"Paris, Ile-de-France, France, Europe",Pre-Seed,,,2021-11-01,https://avumi.com,AI-POWERED FASHION VIRTUAL TRY-ON,,"Apps, Artificial Intelligence (AI), E-Commerce, Fashion, Information Technology, Internet, Software",
AssessFirst,"Paris, Ile-de-France, France, Europe",Growth Equity,,,2021-07-06,http://www.assessfirst.com,AssessFirst is a SaaS software to identify applicants with the highest potential for future success and job match in your company.,CAPZA,"Analytics, Big Data, Career Planning, Human Resources, Predictive Analytics, Recruiting, SaaS, Skill Assessment, Software",443179684
Asobo Studio,"Bordeaux, Aquitaine, France, Europe",Growth Equity,,,2021-01-21,http://www.asobostudio.com,Asobo Studio is a next generation game developer.,Sagard,"Hardware, Robotics, Software, Video Games",443752795
Artisans Partenaires,"Lyon, Rhone-Alpes, France, Europe",Seed,,,2021-05-28,https://www.artisanspartenaires.com/,"Artisans Partenaires provides construction and renovation services for residences, shops and offices.",Siparex Groupe,"Construction, Home Renovation, Interior Design",
AngelStart,"Saint-malo, Bretagne, France, Europe",Seed,,,2021-11-01,https://angel-start.com,Business Plan Platform,,,
AMI Paris,"Paris, Ile-de-France, France, Europe",Seed,,,2021-01-07,https://www.amiparis.com,"AMI Paris is an upscale boutique fashion site selling clothes, shoes and accessories.",HSG,"E-Commerce, Fashion, Retail",527636609
AMI Ingredients,"Tauxigny, Centre, France, Europe",,,,2021-12-17,https://ami-ingredients.fr/en/,"AMI Ingredients is a distributor of cosmetics, food raw materials, solutions and services.",Arkea Capital Investissement,"Professional Services, Retail, Sales",
Amborella,"Paris, Ile-de-France, France, Europe",Seed,,,2021-01-01,https://amborella.fr,Amborella methodology is based on Innovation Catalysis by leveraging Ecosystems.,Wormhole Capital,"Business Development, Innovation Management",
allcolibri,"Paris, Ile-de-France, France, Europe",Seed,,,2021-03-01,https://www.allcolibri.com/,Micro impact platform for enterprises to grow impact & build a better future,Ahmed Mhiri,,
Alias.dev,"Paris, Ile-de-France, France, Europe",Seed,,,2021-12-01,https://www.alias.dev/,ALIAS is a legal platform that designs to manage GDPR compliance.,Acequia Capital (AceCap),Data Governance,
Alias.dev,"Paris, Ile-de-France, France, Europe",Pre-Seed,,,2021-05-20,https://www.alias.dev/,ALIAS is a legal platform that designs to manage GDPR compliance.,,Data Governance,
Aletiq,"Paris, Ile-de-France, France, Europe",Pre-Seed,,,2021-07-09,https://www.aletiq.com,Aletiq is an online PLM software that offers technical data management solutions for industrial companies.,,"Consulting, Data Management, Information Technology, Software",
Airria,"Meylan, Rhone-Alpes, France, Europe",,,,2021-04-28,http://www.airria.com,"Airria offers security, home automation, and energy services.",Albarest Partners,"Information Technology, Outsourcing, Security",
AirCampus,"Strasbourg, Alsace, France, Europe",Seed,,,2021-07-01,https://aircampus.co/,"AirCampus is the mobile app that offers fair prices to Gen Z, whether they shop online and in-store.",Julien Lopizzo,E-Commerce,
Aenitis Technologies,"Paris, Ile-de-France, France, Europe",,,,2021-06-16,http://www.aenitis.fr/,Aenitis Technologies is a French start-up resulting from the work of Mauricio HOYOS,"European Innovation Council, Seventure Partners","Biotechnology, Health Care, Medical, Medical Device",
Advens,"Lille, Nord-Pas-de-Calais, France, Europe",Growth Equity,,,2021-06-17,https://www.advens.com,aDvens - Security for a greater good.,CAPZA,"Compliance, Consulting, Cyber Security, Information Technology, Network Security",433428018
Adista,"Maxéville, Lorraine, France, Europe",,,,2021-03-01,http://www.adista.fr,Adista is B2B alternative cloud and telecoms operator and a specialist in IT and voice services.,Eurazeo,"Data Center, Information Technology",
Actronika,"Paris, Ile-de-France, France, Europe",Seed,,,2021-06-21,http://www.actronika.com/,Actronika builds haptic platforms enabling a seamless systems integration.,Btomorrow Ventures,"Consumer Electronics, Electrical Distribution",
ACOLYT,"Dijon, Bourgogne, France, Europe",Series A,,,2021-02-26,https://www.acolyt.co/,Logistics as a Service,Spring Invest,,
AchatPro.re,"Sainte-marie, Bretagne, France, Europe",Seed,,,2021-01-01,https://achatpro.re,AchatPro.re is a platform designed and developed in Reunion.,Phelen,,
Abyssale,"Paris, Ile-de-France, France, Europe",Pre-Seed,,,2021-04-30,https://www.abyssale.com/?utm_source=crunchbase&utm_medium=website&utm_campaign=abyssale_company,Abyssale is a banner creation platform that enables you to generate stunning social media and online advertising for your brand.,Founders Future,"Advertising, Developer APIs, Graphic Design, Marketing Automation",
Abby,"Nancy, Lorraine, France, Europe",Pre-Seed,,,2021-07-21,https://abby.fr/,Abby is a management app that helps entrepreneurs get rid of administrative tasks and improve their organization.,Quentin Preuvot,"Apps, SaaS, Software",
