Organization Name,Organization Location,Funding Type,Money Raised,Money Raised Currency,Announced Date,Organization Website,Description,Investor Names,Sectors,SIREN
Institut Merieux,"Lyon, Rhone-Alpes, France, Europe",Private Equity,833000000,EUR,2022-07-01,https://www.institut-merieux.com/en,Institut Merieux is a microbiology company that offers public health based solutions and services.,EXOR N.V.,"Biotechnology, Health Care, Health Diagnostics",
EcoVadis,"Paris, Ile-de-France, France, Europe",Series C,500000000,USD,2022-06-14,http://www.ecovadis.com,EcoVadis offers a collaborative platform that allows companies to assess their suppliers' environmental and social performance.,"Astorg, Beyond Net Zero, General Atlantic, GIC, Princeville Capital","Information Services, Risk Management, Supply Chain Management, Sustainability",
Doctolib,"Paris, Ile-de-France, France, Europe",Series F,500000000,EUR,2022-03-15,http://www.doctolib.fr,Doctolib is an online and mobile booking platform that helps users find doctors and make appointments.,"Bpifrance, Eurazeo, General Atlantic","Health Care, Medical, Mobile Apps, Professional Services",
Qonto,"Paris, Ile-de-France, France, Europe",Series D,486000000,EUR,2022-01-11,https://qonto.com,Qonto is an online bank that provides financial tools for small and medium-sized businesses and freelancers.,"Alkeon Capital, Alven, Anatoly Yakovenko, Ashley Flucas, DST Global, Eurazeo, European Investment Bank, EXOR N.V., Gaingels, Guillaume Pousaz, Insight Partners, Kohlberg Kravis Roberts & Co., TCV, Tencent, Tiger Global Management, Valar Ventures","Banking, Financial Services, FinTech, Payments, Software",
Back Market,"Paris, Ile-de-France, France, Europe",Series E,448400000,EUR,2022-01-11,https://www.backmarket.com,Back Market is an online marketplace for refurbished electronics.,"Aglaé Ventures, Eurazeo, General Atlantic, Generation Investment Management, GS Capital, Sprints","Consumer Electronics, E-Commerce, Marketplace, Retail, Sustainability",
Contentsquare,"Paris, Ile-de-France, France, Europe",Series F,400000000,USD,2022-07-20,https://contentsquare.com,"Contentsquare is an AI platform that provides product analytics, customer feedback, digital experience analytics, and monitoring services.","BlackRock, Bpifrance, Canaan Partners, Eurazeo, Highland Europe, Kohlberg Kravis Roberts & Co., LionTree, Sixth Street, SoftBank Vision Fund","Analytics, Artificial Intelligence (AI), CRM, Data Visualization, Digital Marketing, SaaS",
NW Groupe,"Paris, Ile-de-France, France, Europe",Growth Equity,300000000,EUR,2022-06-29,https://www.nw-groupe.com/,"NW Groupe works in the sectors of renewable energies, electricity storage, and high-power charging for electric mobility.",RGreen Invest,Renewable Energy,
Newcleo,"Paris, Ile-de-France, France, Europe",Series A,300000000,EUR,2022-06-19,https://www.newcleo.com/,Newcleo is an atomic energy company that focuses on developing advanced nuclear energy technologies.,"Banca Patrimoni Sella & C., MACAN","Clean Energy, Energy, Energy Management, Nuclear",
NW Storm,"Paris, Ile-de-France, France, Europe",Series B,300000000,EUR,2022-06-29,https://transition.nw-groupe.fr/en/,NW Storm develops innovative solutions for electricity storage and EV high power charging infrastructure,RGreen Invest,"Charging Infrastructure, Electric Vehicle, Energy Storage",
Exotec,"Pont-du-château, Auvergne, France, Europe",Series D,292980000,EUR,2022-01-17,https://www.exotec.com/,"Exotec offers an innovative order preparation system, based on a fleet of collaborative mobile robots.","360 Capital, 83North, Bpifrance, BREEGA, Dell Technologies Capital, Goldman Sachs Asset Management, IRIS","Logistics, Robotics, Software, Supply Chain Management",
PayFit,"Paris, Ile-de-France, France, Europe",Series E,254000000,EUR,2022-01-05,https://payfit.com,PayFit offers technology that simplifies and automates payroll and HR processes for small and medium-sized businesses.,"Accel, Bpifrance, Eurazeo, General Atlantic","Human Resources, Payments, SaaS, Software",
Verkor,"Grenoble, Rhone-Alpes, France, Europe",Growth Equity,250000000,EUR,2022-11-02,https://www.verkor.com,Verkor manufactures low-carbon batteries to target the electric mobility markets.,"Bpifrance, Demeter, European Investment Bank, Groupe IDEC","Battery, Electronics, Industrial, Manufacturing",
Ankorstore,"Paris, Ile-de-France, France, Europe",Series C,250000000,EUR,2022-01-09,https://www.ankorstore.com,Ankorstore is a wholesale marketplace that connects independent shop owners and specialist brands with neighborhood retailers.,"Aglaé Ventures, Alven, Bain Capital Ventures, Bond, Coatue, Eurazeo, Global Founders Capital, Index Ventures, Tiger Global Management","B2B, E-Commerce, Marketplace, Retail, Wholesale",
InnovaFeed,"Paris, Ile-de-France, France, Europe",Series D,250000000,EUR,2022-09-20,http://innovafeed.com,InnovaFeed is a biotech company that produces insect-based protein for the feed industry.,"ABC Impact, ADM Ventures, Cargill, Creadev, Future French Champions, Grow Forward, IDIA Capital Investissement, Qatar Investment Authority, Temasek Holdings","Agriculture, Alternative Protein, Animal Feed, Biotechnology, Farming",
HR Path,"Paris, Ile-de-France, France, Europe",Growth Equity,225000000,EUR,2022-05-11,http://www.hr-path.com/en,HR Path is a human resource company that provides human capital management technology services.,"Andera Partners, Banque Palatine, BNP Paribas, Caisse d'Epargne Ile-de-France, Crédit Agricole Private Bank, LCL, Societe Generale Capital Partners","Consulting, Human Resources, Outsourcing",
Alan,"Paris, Ile-de-France, France, Europe",Series E,183000000,EUR,2022-05-04,https://alan.com,Alan provides online digital insurance services that modernizes the way individuals access and manage their healthcare.,"Coatue, Dragoneer Investment Group, EXOR N.V., Index Ventures, Lakestar, Origins Fund, Ribbit Capital, Teachers’ Venture Growth, Teampact ventures, Temasek Holdings","Financial Services, Health Care, Health Insurance, Insurance",
Electra,"Paris, Ile-de-France, France, Europe",Series A,160000000,EUR,2022-06-30,https://www.go-electra.com,Electra is an electric vehicle charging company that specializes in deploying and operating charging points for electric vehicles.,"574 Invest, Eurazeo, Groupe Chopard, RATP Group, RGreen Invest, Rive Private Investment, Serena, SNCF","Automotive, Charging Infrastructure, Electric Vehicle, Renewable Energy",
SanteVet,"Lyon, Rhone-Alpes, France, Europe",Growth Equity,150000000,EUR,2022-02-17,http://www.santevet.com/,Santévet Group specializes in pet health insurance that provides an accessible array of products designed for every pet owner.,Columna Capital,"Health Care, Health Insurance, Pet, Veterinary",
Deepki,"Paris, Ile-de-France, France, Europe",Series C,150000000,EUR,2022-03-30,http://deepki.com/,"SaaS, Sustainability, Real Estate","Bpifrance, Highland Europe, Hi Inov - Dentressangle, One Peak, Revaia, Robin Haak, Statkraft Ventures","Analytics, Energy Efficiency, Information Technology, Real Estate",
Paprec Group,"La Courneuve, Ile-de-France, France, Europe",,150000000,EUR,2022-01-07,https://www.paprec.com/fr,Paprec Group is an environmental service company for recycling and waste management ventures.,FOR TALENTS,"Commercial, Recycling, Waste Management",
Akeneo,"Nantes, Pays de la Loire, France, Europe",Series D,135000000,USD,2022-03-15,http://www.akeneo.com,Akeneo is a global leader in Product Experience Management (PXM) solutions.,"Alven, Partech, Summit Partners","Cloud Management, Enterprise Software, Information Technology, SaaS",
Upsun,"Paris, Ile-de-France, France, Europe",Series D,133000000,EUR,2022-06-20,https://upsun.com/,"Upsun provides tools to build, deploy, and manage web applications on a scalable cloud platform.","Benhamou Global Ventures, Eurazeo, Hi Inov - Dentressangle, Morgan Stanley Expansion Capital, Partech, Revaia, Yttrium","Cloud Management, Internet, Open Source, PaaS, Software",
DiliTrust,"La Défense, Ile-de-France, France, Europe",Growth Equity,130000000,EUR,2022-03-18,https://www.dilitrust.com/,"DiliTrust is an AI-native legal tech company that provides a unified governance platform for contract, board, entity, and legal operations.","Cathay Capital, Eurazeo, Sagard","Information Technology, Legal Tech, SaaS, Software",
Clubfunding,"Paris, Ile-de-France, France, Europe",Growth Equity,125000000,EUR,2022-09-22,https://www.clubfunding.fr,"Clubfunding is a crowdfunding platform that provides investors, individuals and institutions, bonds issued by French SMEs.","Bpifrance, EMZ Partners, Florac, Peninsula Capital","Finance, Financial Services, Trading Platform",
Flying Whales,"Suresnes, Ile-de-France, France, Europe",Series B,122000000,EUR,2022-07-08,http://flying-whales.com/,Flying Whales connecting the land-locked world to the global economy,"Air Liquide Ventures, Bpifrance, Gouvernement Monaco, Groupe ADP, Investissement Quebec, Société Générale Assurances",Aerospace,
Descartes Underwriting,"Paris, Ile-de-France, France, Europe",Series B,120000000,USD,2022-01-31,https://descartesunderwriting.com,Descartes Underwriting is an insurtech company that specializes in climate risk modeling and data-driven risk transfer.,"Alma Mundi Ventures, BlackFin Capital Partners, Cathay Innovation, Eurazeo, Highland Europe, Seaya, Serena","FinTech, Insurance, InsurTech, Risk Management",
Alma,"Neuilly-sur-seine, Ile-de-France, France, Europe",Series C,115000000,EUR,2022-02-10,https://www.getalma.eu/,Alma is a provider of installment-based payments through a large merchant network.,"Bpifrance, Cathay Innovation, Eurazeo, GR Capital, Motier Ventures, Picus Capital, Roosh Ventures, Seaya, Tencent","Financial Services, Payments, Transaction Processing",
Sarbacane Software,"Hem, Nord-Pas-de-Calais, France, Europe",Private Equity,110000000,USD,2022-11-08,https://www.sarbacane.com,"Sarbacane Software is a martech company offering email marketing, SMS marketing, and automation services.","CIC Nord Ouest, EMZ Partners","Advertising, Contact Management, Digital Marketing, Email Marketing, Information Technology",
Daher,"Paray-vieille-poste, Ile-de-France, France, Europe",Private Equity,105000000,EUR,2022-05-11,https://www.daher.com/,Daher is an aircraft manufacturer and an industry and service equipment supplier.,,"Aerospace, Manufacturing",
Homa Games,"Paris, Ile-de-France, France, Europe",Series B,102850000,EUR,2022-10-12,https://homagames.com,Homa Games is a gaming technology platform that publishes and creates mobile games for studios and developers.,"Bpifrance, Eurazeo, Fabric Ventures, Headline, Northzone, Quadrille Capital, Singular","Gaming, Mobile Apps, Online Games, Publishing, Software",
ChapsVision,"Suresnes, Ile-de-France, France, Europe",Growth Equity,100000000,EUR,2022-09-22,https://www.chapsvision.fr/,ChapsVision is a software development firm that support businesses and government organizations in their digital transformation.,"Bpifrance, Tikehau Ace Capital, Tikehau Capital","Cyber Security, Information Technology, Software",
Spendesk,"Paris, Ile-de-France, France, Europe",Series C,100000000,EUR,2022-01-18,https://www.spendesk.com,Spendesk is a smart spend management software designed for both finance teams and employees.,"Eight Roads Ventures, General Atlantic, Hexa, Index Ventures, Tiger Global Management","B2B, Credit Cards, Financial Services, FinTech, Payments, SaaS, Software",
InterCloud,"Paris, Ile-de-France, France, Europe",Series D,100000000,EUR,2022-02-15,https://www.intercloud.com,InterCloud is the European leader of Software-Defined Cloud Interconnection (SDCI),"Aleph Capital Partners, Open CNP, Ventech","Cloud Computing, Cloud Infrastructure, Cloud Management, Software, Telecommunications",
ImCheck Therapeutics,"Marseille, Provence-Alpes-Cote d'Azur, France, Europe",Series C,96000000,EUR,2022-06-13,http://www.imchecktherapeutics.com,ImCheck Therapeutics designs and develops immunotherapeutic antibodies for the treatment of cancer and autoimmune disease.,"Agent Capital, Alexandria, Andera Partners, Blood Cancer United, Inc., Boehringer Ingelheim Venture Fund, Bpifrance, Earlybird Venture Capital, EQT Life Sciences, Eurazeo, Gimv, Invus, Kurma Partners, Pfizer Venture Investments, Pureos Bioventures, The Leukemia & Lymphoma Society’s Therapy Acceleration Program, Wellington Partners","Biopharma, Biotechnology, Health Care, Life Science, Therapeutics",
+Simple,"Paris, Ile-de-France, France, Europe",Growth Equity,90000000,EUR,2022-03-10,https://www.plussimple.fr/,+Simple is an insurance company that provides underwriting and management solutions to small and medium businesses.,"Eurazeo, Kohlberg Kravis Roberts & Co., Speedinvest, Tikehau Capital","Financial Services, FinTech, Health Insurance, Insurance",
Anywr,"Marcq-en-baroeul, Nord-Pas-de-Calais, France, Europe",Growth Equity,80000000,EUR,2022-06-14,https://www.anywr-group.com,Anywr is a consulting agency that assists people in finding the right job and helps companies recruit suitable individuals.,"Eurazeo, Naxicap Partners","Human Resources, Recruiting, Training",
Padoa,"Paris, Ile-de-France, France, Europe",Seed,80000000,EUR,2022-02-02,https://www.padoa.fr,Padoa is an occupational health software firm that develops a tool for monitoring the health of employees.,Rothschild & Co.,"Health Care, Productivity Tools, Software, Wellness",
Clone (ex Not So Dark),"Paris, Ile-de-France, France, Europe",Series B,80000000,USD,2022-09-26,https://www.getclone.io,"Clone creates food delivery brands, helping restaurants generate additional profit through a unique asset-light business model & technology.","Convivialite Ventures, Kharis Capital, Verlinvest","Brand Marketing, Delivery, Food Delivery, Restaurants, Software",
SparingVision,"Paris, Ile-de-France, France, Europe",Series B,75000000,EUR,2022-09-14,https://sparingvision.com,SparingVision is a biotechnology company developing genomic medicines for the treatment of blinding inherited retinal diseases.,"4BIO Capital, Bpifrance, Jeito Capital, Retinal Degeneration Fund, UPMC Enterprises, Ysios Capital","Biotechnology, Health Care, Life Science",
Sweep,"Montpellier, Languedoc-Roussillon, France, Europe",Series B,73000000,USD,2022-04-04,https://www.sweep.net,Sweep is a software company developing software for businesses to reduce their carbon emissions.,"2050, Balderton Capital, Coatue, Future Shape, La Famiglia, New Wave (VC)","Environmental Engineering, Genetics, GreenTech, Software, Sustainability",
Logivolt,"Paris, Ile-de-France, France, Europe",Growth Equity,70000000,EUR,2022-12-12,https://www.logivolt-territoires.fr/,Logivolt is a financing solution for collective infrastructure for charging electric vehicles,Banque des Territoires,"Battery, Electric Vehicle, Energy",
Diabeloop,"Grenoble, Rhone-Alpes, France, Europe",Series C,70000000,EUR,2022-06-02,http://www.diabeloop.fr,Diabeloop is a medical device company for diabetes and closed-loop system.,"AGIR a Dom, Cemag Invest, CERITD, Crédit Agricole, Innovacom, KREAXI, LBO France, ODYSSEE VENTURE, Promontoires, Sud Rhone-Alpes Capital, Supernova Invest, Terumo Corporation, UI Investissement","Clinical Trials, Health Care, Medical, Medical Device",
Pigment,"Paris, Ile-de-France, France, Europe",Series B,65000000,USD,2022-09-28,https://gopigment.com,Pigment is a business forecasting platform that handles business strategy in real-time.,"IVP, Meritech Capital Partners","Analytics, Business Development, Information Technology, Real Time, SaaS",
Castellet Hospitality,"Marseille, Provence-Alpes-Cote d'Azur, France, Europe",Private Equity,61500000,EUR,2022-10-21,https://www.castellet-hospitality.com/,Castellet Hospitality is a group of hotels that operates a chain of budget and mid-scale hotels intended for business and leisure stays.,"Sofival, Three Hills Capital Partners","Hospitality, Hotel, Leisure",
Younited,"Paris, Ile-de-France, France, Europe",Growth Equity,60000000,EUR,2022-12-08,https://www.younited-group.com,Younited provides an online platform that connects and facilitates financial transactions between lenders and borrowers.,"Bpifrance, Crédit Mutuel Arkéa, Eurazeo, Goldman Sachs","Credit, Financial Services, FinTech",
Le Collectionist,"Paris, Ile-de-France, France, Europe",Seed,60000000,EUR,2022-12-02,http://www.lecollectionist.com,Le Collectionist is a luxury travel brand that offers a selection of luxury rentals around the world with services and experiences.,"Fabrice Grinda, Famillie C (Clarins Family), FJ Labs, Highland Europe, Lombard Odier, Nathalie Le Roy, Nicolas Béraud, OLMA Luxury Holdings, Pictet Private Equity Investors S.A., Red River West, The Cheng family, Xavier Romatet","Hospitality, Rental Property, Travel",
Agryco,"Villejuif, Ile-de-France, France, Europe",Series B,60000000,EUR,2022-11-08,https://www.agryco.com,Agryco is a French agricultural technology company specializing in online procurement of farming supplies.,"Aliment Capital, Eurazeo, Temasek Holdings, Treïs","Agriculture, AgTech, E-Commerce, Farming",
BeReal.,"Paris, Ile-de-France, France, Europe",Series B,60000000,USD,2022-10-20,https://bereal.com,BeReal. is a social media app where users share unfiltered photos at random times to capture authentic moments in their daily lives.,"Coatue, DST Global","Apps, Mobile Apps, Photo Sharing, Social Media, Software",
Malt,"Paris, Ile-de-France, France, Europe",Series D,60000000,EUR,2022-07-31,https://www.malt.com,Malt is a curated local marketplace that connects the best freelancers and customers.,"Bpifrance, Eurazeo, Goldman Sachs Growth Equity","Consumer, Marketplace, Search Engine",
PlayPlay,"Paris, Ile-de-France, France, Europe",Series B,55000000,USD,2022-01-20,https://playplay.com,PlayPlay is a video creation tool designed for communication professionals.,"Balderton Capital, Insight Partners","Internet, Media and Entertainment, Software, Video",
Sellsy,"La Rochelle, Poitou-Charentes, France, Europe",Series B,55000000,EUR,2022-01-11,https://go.sellsy.com/,Sellsy is an online customer relationship management (CRM) and sales management platform.,PSG Equity,"Billing, CRM, Customer Service, E-Commerce, Enterprise Software, Information Technology, Internet, SaaS, Software",
Kaiko,"Paris, Ile-de-France, France, Europe",Series B,53000000,USD,2022-06-28,http://www.kaiko.com,Digital Assets Market Data Provider Scaled for Institutions,"Alven, Anthemis, Eight Roads Ventures, Point Nine, Revaia, Underscore VC","Analytics, Blockchain, Cryptocurrency, Financial Services, FinTech, Information Technology",
Devialet,"Paris, Ile-de-France, France, Europe",Growth Equity,50000000,EUR,2022-09-13,https://www.devialet.com/en-eu/,Devialet is an audio tech company that offers solutions ranging from ADH intelligence to sound amplification.,"Bpifrance, Crédit Mutuel Equity","Audio, Consumer Electronics, Electronics",
Team Vitality,"Paris, Ile-de-France, France, Europe",Growth Equity,50000000,EUR,2022-01-06,https://vitality.gg/en,Team Vitality is an e-sports platform.,Rewired.GG,"Gaming, Sports, Video Games",
Zenchef,"Paris, Ile-de-France, France, Europe",Growth Equity,50000000,EUR,2022-09-20,http://zenchef.com/en/,"Zenchef is a single and fully-integrated platform for restaurants : Reservation, Mobile payment, loyalty.",PSG Equity,"E-Commerce, Restaurants, SaaS",
Shiro Games,"Bordeaux, Aquitaine, France, Europe",Private Equity,50000000,EUR,2022-10-11,https://shirogames.com/,"Shiro Games is an independent video game development company, develops video and mobile games.",Cathay Capital Private Equity,"Developer Platform, Gaming, Mobile Apps, Video Games",
R3,"Brébières, Nord-Pas-de-Calais, France, Europe",Private Equity,50000000,EUR,2022-10-06,https://www.r3-charge.fr,R3 addresses the current constraints of electric mobility and offers an ultra-fast charging network.,"Amundi Energy Transition(AET), Banque des Territoires","Electric Vehicle, Transportation",
E-Space,"Toulouse, Midi-Pyrenees, France, Europe",Seed,50000000,USD,2022-02-07,https://www.e-space.com/,"E-Space is bridging Earth & space with the most sustainable LEO space system, delivering real-time, anywhere comms, IoT & Smart-IoT services",Prime Movers Lab,"Information Services, Satellite Communication",
Reveal,"Paris, Ile-de-France, France, Europe",Series A,50000000,USD,2022-04-27,https://www.reveal.co,"Reveal is the free platform for Partnership, Marketing, and Sales teams to generate revenue through their ecosystem.","Chalfen Ventures, DIG Ventures, Eight Roads Ventures, Insight Partners, Kernel Investissements, LocalGlobe, Ventech","B2B, SaaS, Software",
Pennylane,"Paris, Ile-de-France, France, Europe",Series B,50000000,EUR,2022-01-31,https://www.pennylane.com,"Pennylane is an accounting and financial management platform centralising accounting, invoicing, cash flow tracking, and expense workflows.","Didier Valet, Discovery Ventures, Global Founders Capital, Hedosophia, Partech, Sequoia Capital","Accounting, Finance, Financial Services, FinTech, Software",
Prophesee,"Paris, Ile-de-France, France, Europe",Series C,48300000,EUR,2022-09-22,https://www.prophesee.ai/,Prophesee is the inventor of the world’s most advanced neuromorphic vision systems.,"360 Capital, Bosch Ventures, iBionext, Prosperity7 Ventures, Sinovation Ventures, Supernova Invest, Xiaomi","Artificial Intelligence (AI), Automotive, Drones, Industrial Automation, Internet of Things, Mobile, Sensor",
GOURMEY,"Paris, Ile-de-France, France, Europe",Series A,48000000,EUR,2022-10-05,https://gourmey.com,We create sustainable cultivated meat delights for an uncompromising and conscious generation.,"Air Street Capital, Beyond Impact, Bpifrance, Discovery Ventures, Earlybird Venture Capital, Eutopia VC, Fidji Simo, Heartcore Capital, Keen Venture Partners, Omnes Capital, Partech, Point Nine, Thia Ventures","Alternative Protein, Food and Beverage, Life Science",
UnitySC,"Montbonnot-saint-martin, Rhone-Alpes, France, Europe",,48000000,EUR,2022-06-01,http://www.unity-sc.com,UnitySC develops metrology and inspection tools for the semiconductor industry.,"Bpifrance, Jolt Capital, Supernova Invest","Manufacturing, Semiconductor",
Tricares,"Paris, Ile-de-France, France, Europe",Series C,47000000,EUR,2022-09-15,http://www.tricares.com,"TRiCares is a medical device company, devoted to developing a catheter-based valve replacement system.","415 Capital, Andera Partners, BioMedPartners, Crédit Mutuel Innovation, GO CAPITAL, Karista, Wellington Partners","Health Care, Medical, Medical Device",
Kyotherm,"Paris, Ile-de-France, France, Europe",Growth Equity,45000000,EUR,2022-02-28,http://www.kyotherm.com/en/,Kyotherm  provide project capital to finance renewable heating and energy savings projects.,"Andera Partners, Bpifrance, Ciclad, Johes, Noria Invest, Starquest Capital","Finance, Financial Services, FinTech, Solar",
Weglot,"Paris, Ile-de-France, France, Europe",Series A,45000000,EUR,2022-03-24,https://weglot.com,"Weglot is a no-code translation solution for websites, offering a simple and user-friendly interface for website users.",Partech,"Developer APIs, Internet, Software, Translation Service, Web Development",
Combo,"Paris, Ile-de-France, France, Europe",Series A,45000000,USD,2022-02-03,https://combohr.com,"Combo is a human resources software made for operational teams, offering enhanced visibility, compliance, and performance.","Bpifrance, Highland Europe, UL Invest","Human Resources, Information Technology, Recruiting, Software",
TEHTRIS,"Pessac, Aquitaine, France, Europe",Series B,44000000,EUR,2022-10-12,https://tehtris.com/,TEHTRIS is a cybersecurity leader,"AQUITI Gestion, Jolt Capital, Open CNP, Tikehau Ace Capital","Cloud Security, Consulting, Cyber Security, Intrusion Detection, Network Security, Penetration Testing",
Shippeo,"Paris, Ile-de-France, France, Europe",Series C,40490000,EUR,2022-10-24,http://www.shippeo.com,Shippeo is an IT services company that expertise in real time multimodal transportation visibility to help shippers and logistics services.,"Battery Ventures, Bpifrance, ETF Partners, LFX Venture Partners, NGP Capital, Partech, SAP.iO, Yamaha Motor Ventures","B2B, Freight Service, SaaS, Shipping, Supply Chain Management",
Masteos,"Paris, Ile-de-France, France, Europe",Series A,40000000,EUR,2022-06-13,https://www.masteos.com/,Masteos is a rental investment advisory firm.,"Daphni, DST Global","Real Estate, Real Estate Investment, Rental Property",
Resilience,"Paris, Ile-de-France, France, Europe",Series A,40000000,EUR,2022-01-25,https://resilience.care,Resilience provides remote patient care monitoring to help improve cancer patients' quality of life and overall survival.,"Cathay Innovation, EXOR N.V., Fondation Santé Service, MACSF, Picus Capital, Ramsay Generale De Sante, Seaya, Singular, Vivalto Santé","Apps, Health Care, Oncology, Software",
Coinhouse,"Paris, Ile-de-France, France, Europe",Series B,40000000,EUR,2022-06-08,https://www.coinhouse.com,Coinhouse is the leading French platform for providing investment and payment services in Bitcoin and tens of other crypto assets.,"CF Partners, ConsenSys, Expon Capital, Motier Ventures, ODDO BHF, Raise Ventures, Siparex Groupe, The Sandbox, Tioga Capital Partners, True Global Ventures (TGV), XAnge","Banking, Bitcoin, Blockchain, Cryptocurrency, Financial Services, FinTech, Information Technology, Payments, Web3",
SafeHeal,"Paris, Ile-de-France, France, Europe",Series B,40000000,EUR,2022-01-30,https://www.safeheal.com,"SafeHeal develops Colovac, an innovative solution for the protection of digestive anastomosis, designed to reduce anastomotic complications.","Genesis Medtech, Sofinnova Partners","Health Care, Medical, Medical Device",
Kayrros,"Paris, Ile-de-France, France, Europe",Series C,40000000,EUR,2022-03-22,https://www.kayrros.com/,Kayrros is an advanced data analytics company that helps global energy market participants make better investment decisions.,"Bpifrance, European Investment Bank, NewSpace Capital, Opera Tech Ventures","Analytics, Artificial Intelligence (AI), Big Data, Business Intelligence, Energy, Geospatial, GPS, Image Recognition, Information Technology, Intelligent Systems, Machine Learning, Oil and Gas, Predictive Analytics, Real Time, Semantic Search",
Wandercraft,"Paris, Ile-de-France, France, Europe",Series C,40000000,EUR,2022-01-20,https://en.wandercraft.eu,Wandercraft develops autonomous walking exoskeletons designed to restore upright mobility to individuals with walking impairments.,"AG2R La Mondiale, Bpifrance, Cemag Invest, Eurazeo, LBO France, MACSF, Malakoff Humanis, Mutuelles Impact, Quadrant Management, Sofiouest, Teampact ventures, XAnge","Artificial Intelligence (AI), Health Care, Machinery Manufacturing, Manufacturing, Medical Device, Robotics",
Fifteen,"Oullins, Rhone-Alpes, France, Europe",,40000000,EUR,2022-03-07,https://fifteen.eu/,"Fifteen designs, installs, and manufactures self-service bike solutions and mobility services, integrated in a multimodal.","2050, Banque des Territoires, BNP Paribas Développement, C4 Ventures, Daphni, Eiffel Investment Group, Eric Carreel, Mobivia Groupe, Road Ventures","Rental, Ride Sharing, Transportation",
Alira Health,"Paris, Ile-de-France, France, Europe",,40000000,USD,2022-01-13,https://www.alirahealth.com,Alira Health is an international advisory firm.,Creadev,"Biotechnology, Consulting, Health Care",
LimFlow SA,"Paris, Ile-de-France, France, Europe",Series D,36000000,EUR,2022-04-05,http://www.limflow.com/,LimFlow SA is a venture-backed medical device company.,"Balestier, Bpifrance, Longitude Capital, Sofinnova Partners, Soleus Capital","Emergency Medicine, Health Care, Medical Device",
HappyVore,"Paris, Ile-de-France, France, Europe",Growth Equity,35000000,EUR,2022-06-16,https://happyvore.com/,"HappyVore cultivates a passion for taste, the real, the healthy, and the impact on the planet.","Adrien de Schompre, Invus, Philippe Cantet","Agriculture, AgTech, Farming, Food and Beverage, Food Processing, Meat and Poultry, Nutrition, Organic Food",
Onlyone,"Paris, Ile-de-France, France, Europe",Private Equity,35000000,EUR,2022-11-16,https://onlyonecard.eu/,French's 1st Positive Impact Neobank,,Banking,
Lucca,"Paris, Ile-de-France, France, Europe",Series A,35000000,EUR,2022-03-23,https://www.lucca.fr/,Lucca develops software that automate the HR and administrative processes of companies.,One Peak,"Human Resources, Software",
Convelio,"Paris, Ile-de-France, France, Europe",Series B,35000000,USD,2022-03-06,https://www.convelio.com,"Convelio is a logistics company that focuses on the transportation, storage, and handling of fine art, antiques, and other high-value goods.","Acton Capital, Alma Mundi Ventures, European Investment Fund, Forestay Capital, Global Founders Capital","Delivery Service, Freight Service, Logistics, Shipping",
Selency,"Paris, Ile-de-France, France, Europe",Series C,35000000,EUR,2022-04-13,https://www.selency.fr/,Selency is a community platform specialising in pre-owned furniture and decor items.,"Accel, Creadev, OLX Group","Consumer Goods, E-Commerce, Furniture, Retail, Retail Technology",
DNA Script,"Le Kremlin-bicêtre, Ile-de-France, France, Europe",Series C,35000000,USD,2022-01-04,https://www.dnascript.com,DNA Script is a disruptive DNA synthesis company harnessing biology to accelerate breakthroughs in life science and human health.,"Baillie Gifford, eureKARE, Healthcor Management, Irving Investors, T. Rowe Price","Biotechnology, Health Care, Life Science, Medical",
FAIRMAT,"Paris, Ile-de-France, France, Europe",Series A,34000000,EUR,2022-11-21,https://fairmat.tech,"Recycling Carbon Fiber Composite to produce a strong, light and ecological material with advanced technical grades","Antoine de Saint-Affrique, Compagnie Nationale a Portefeuille, Pictet Private Equity Investors S.A., Singular, Temasek Holdings, The Friedkin Group","Advanced Materials, Automotive, CleanTech, Consumer Electronics, Leisure, Manufacturing, Recycling, Sports",
Seyna,"Neuilly-sur-seine, Ile-de-France, France, Europe",Series A,33000000,EUR,2022-02-09,https://seyna.eu,Seyna is an insurance platform that builds a modern insurance ecosystem for brokers.,"Allianz, Elaia, Financiere Saint James, Global Founders Capital, White Star Capital","Banking, Financial Services, Insurance, InsurTech",
Naïo Technologies,"Escalquens, Midi-Pyrenees, France, Europe",Series B,32000000,EUR,2022-12-08,http://www.naio-technologies.com,Naïo Technologies develops and markets robots for agriculture and viticulture.,"ARIS Occitanie, Bpifrance, Capagro, Codema, Demeter Partners, M Capital Partners, Mirova, Pymwymic","Agriculture, Artificial Intelligence (AI), Farming, Machine Learning, Robotics, Software",
VoltAero,"Médis, Poitou-Charentes, France, Europe",Series B,32000000,EUR,2022-11-01,https://www.voltaero.aero/,VoltAero is a unique aircraft with parallel electric-hybrid propulsion.,Tesi,"Aerospace, Electric Vehicle",
Moon Surgical,"Paris, Ile-de-France, France, Europe",Series A,31300000,USD,2022-06-07,https://www.moonsurgical.com,Moon Surgical develops a new category of robotic surgery that enhances existing clinical practice with collaborative and adaptive robotics.,"Cathay Capital, GT Healthcare Capital Partners, Johnson & Johnson Robotics and Digital Solutions, Richard Leparmentier, Sacha Loiseau, Siddarth Satish, Sofinnova Partners, Yann Fleureau","Medical, Medical Device, Robotics",
Powens,"Paris, Ile-de-France, France, Europe",Growth Equity,31000000,EUR,2022-04-04,https://www.powens.com,Powens is a platform that integrates Open Finance and Embedded Banking for businesses.,"Crédit Mutuel Arkéa, PSG Equity","Apps, Banking, Developer APIs, Finance, Financial Services, FinTech, Payments, Software, Wealth Management",
Mablink Bioscience,"Lyon, Rhone-Alpes, France, Europe",Series A,31000000,EUR,2022-10-14,https://www.mablink.com/,Mablink Bioscience is a biotechnology company.,"Mérieux Equity Partners, Sofinnova Partners","Biotechnology, Pharmaceutical",
Strapi,"Paris, Ile-de-France, France, Europe",Series B,31000000,USD,2022-06-22,http://www.strapi.io/,"Strapi is an open-source software platform that helps developers to easily build, deploy, and manage APIs.","Ashley Smith, Bpifrance, CRV, Flex Capital, Index Ventures, Mathias Biilmann Christensen, Nat Friedman, Nicolas Dessaigne, RAISE","Developer APIs, Developer Tools, Enterprise Software, Open Source, Software Engineering",
CVE,"Marseille, Provence-Alpes-Cote d'Azur, France, Europe",Private Equity,30000000,EUR,2022-01-05,https://www.cvegroup.com,"CVE provides renewable energies, photovoltaics, biogas, solar, and environmental solutions to companies.",Swen Capital Partners,"Biomass Energy, Energy, Hydroelectric, Renewable Energy, Solar",
WAAT,"Paris, Ile-de-France, France, Europe",Series A,30000000,EUR,2022-11-15,https://waat.fr,WAAT operates fast charging stations for electric and rechargeable hybrid vehicles.,RAISE Impact,"Charging Infrastructure, Civil Engineering, Electric Vehicle, Energy, Energy Storage",
Flowdesk,"Paris, Ile-de-France, France, Europe",Series A,30000000,USD,2022-06-24,https://flowdesk.co,Flowdesk is a digital asset trading company that combines financial and crypto expertise to connect digital assets with global liquidity.,"Aglaé Ventures, Alexandre Prot, Alexis Bonillo, Alexis Bonte, Benjamin Chemla, Bpifrance, Coinbase, Coinbase Ventures, Delphi, Didier Valet, Eurazeo, Fabric Ventures, FEBE Ventures, Gautham Radhakrishnan, Impossible Finance, Isai, Ledger, Lemniscap, Mark Ransford, Meltem Demirors, NGC Ventures, Nicolas Julia, Pascal Gauthier, Perry Blacher, PetRock Capital, Sebastien Borget, Speedinvest","Cryptocurrency, Financial Services, FinTech, Information Technology, Web3",
Pelico,"Paris, Ile-de-France, France, Europe",Series A,30000000,EUR,2022-04-15,https://www.pelico.ai,"SaaS, Data platform, Supply Chain","83North, Adrien Nussenbaum, Alexis Le-Quoc, Bastian Nominacher, Carsten Thoma, Charles Miglietti, Clément Buyse, Florian Douetteau, Isai, Jonathan Benhamou, La Famiglia, Serena","Software, Supply Chain Management",
MyTraffic,"Paris, Ile-de-France, France, Europe",Series B,30000000,EUR,2022-11-08,https://www.mytraffic.io,MyTraffic software development company that offers vehicle traffic data accessible and physical network services.,"Alven, AVP, Kernel Investissements","Big Data, Predictive Analytics, Real Estate, Retail Technology, Software",
Gravitee,"Lille, Nord-Pas-de-Calais, France, Europe",Series B,30000000,USD,2022-09-08,https://gravitee.io,"Gravitee is an API management platform that provides tools for API design, access, management, deployment, and security.","AlbionVC, Kreos Capital, Oxx, Riverside Acceleration Capital","Developer APIs, Information Technology, SaaS, Software",
Ouihelp,"Paris, Ile-de-France, France, Europe",Series B,30000000,EUR,2022-05-25,https://www.ouihelp.fr/,Ouihelp is a developer of an online residential assistance platform designed to help seniors in their regular activities at home.,"Creadev, Future Positive Capital, XAnge","Elder Care, Health Care, Home Health Care, Medical",
EkWateur,"Paris, Ile-de-France, France, Europe",Series B,30000000,EUR,2022-05-09,https://ekwateur.fr/,EkWateur provides an innovative and truly seamless customer experience in a collaborative environment.,Quantum Pacific Capital,"E-Commerce, Environmental Consulting, Renewable Energy, Retail",
Rise Up,"Paris, Ile-de-France, France, Europe",Series B,30000000,EUR,2022-05-03,https://www.riseup.ai,Rise Up is a learning software solution designed to help organizations and their teams stay up-to-skill to be ready for challenges.,"Connected Capital, Impact Partenaires, MAIF Avenir","E-Learning, Information Services, Information Technology",
Pretto,"Paris, Ile-de-France, France, Europe",Series B,30000000,EUR,2022-01-28,https://www.pretto.fr/,Pretto is making mortgages simple thanks to artificial intelligence and product design.,"Alven, BlackFin Capital Partners, Eurazeo, Kernel Capital, Orange Ventures, Serena","Artificial Intelligence (AI), FinTech, Internet",
Yespark,"Paris, Ile-de-France, France, Europe",Series A,28000000,EUR,2022-05-09,https://www.yespark.fr/,Yespark is the specialist in the monthly rental of parking spaces.,"Banque des Territoires, Founders Future, NEoT, Ring Capital, Sofiouest","Information Technology, Parking, Rental",
Vade Secure,"Hem, Picardie, France, Europe",Series B,28000000,EUR,2022-05-31,http://www.vadesecure.com,"Vade Secure offers an email filtering service against phishing, malware, spear phishing, and spam.","Auriga Partners, Bpifrance, Tikehau Ace Capital","Cyber Security, Email, Enterprise Software, Information Technology, Security, Software",
Alice & Bob,"Paris, Ile-de-France, France, Europe",Series A,27000000,EUR,2022-03-09,https://alice-bob.com,Alice&Bob builds universal quantum computers to help industries and researchers reduce errors at the hardware level.,"Bpifrance, BREEGA, Elaia, European Innovation Council, Supernova Invest, Techmind","Information Services, Information Technology, Quantum Computing",
Incepto Medical,"Paris, Ile-de-France, France, Europe",Series B,27000000,EUR,2022-09-19,https://incepto-medical.com/,Incepto Medical is a Medical imaging solution based on artificial intelligence,"AVP, Bpifrance, Karista, LBO France, Patient Autonome, Wille Finance","Artificial Intelligence (AI), Health Care, Information Services, Information Technology, Medical, Medical Device",
Umiami,"Paris, Ile-de-France, France, Europe",Series A,26500000,EUR,2022-04-06,https://umiami.com/,Umiami is a French food-tech startup that develops a plant-based food technology to reduce meat consumption.,"Astanor Ventures, Bpifrance, French Partners, Newfund, redalpine, Telegraph Hill Capital","Food and Beverage, Food Processing, Organic Food, Plant-Based Foods",
adopt',"Cestas, Aquitaine, France, Europe",Series B,26200000,EUR,2022-05-13,https://www.adopt.com,"adopt' manufactures and distributes perfumes, body creams, and eye accessories.","AXA Group, NextStage, Trocadero Capital Partners","Beauty, Consumer Goods, Cosmetics, E-Commerce, Fashion",
Fintecture,"Saint-mandé, Ile-de-France, France, Europe",Series A,26000000,EUR,2022-11-03,https://www.fintecture.com/,Pioneering next-gen B2B payment platform. Fintecture is a licensed payment institution (ACPR-17248),"Allianz Trade, Eurazeo, HEC Ventures, Huey Lin, Olivier Pomel, RTP Global, Samaipata, Societe Generale, Target Global","B2B, Financial Services, FinTech, Payments",
Cailabs,"Rennes, Bretagne, France, Europe",Series C,26000000,EUR,2022-12-08,http://www.cailabs.com/,Cailabs is a global leader in free-space optical communications for dual-use applications,"Crédit Agricole Ille and Vilaine Expansion, Definvest, European Innovation Council, Innovacom, NewSpace Capital, Safran Corporate Ventures, Starquest Capital","Aerospace, Industrial Manufacturing, Information Technology, Military, National Security, Optical Communication, Telecommunications",
Yomoni,"Paris, Ile-de-France, France, Europe",Growth Equity,25000000,EUR,2022-10-01,http://www.yomoni.fr,Yomoni is an online private banking-style service in France aiming to make wealth management available to everyone.,"Crédit Mutuel Arkéa, Weber Investissement","Banking, Financial Services, Internet, Wealth Management",
Biolog-id,"Bernay, Pays de la Loire, France, Europe",Growth Equity,25000000,USD,2022-05-05,https://www.biolog-id.com/,"Biolog-id designs, develops and markets identification and traceability solutions for the healthcare industry.",Xerys,"Biotechnology, Health Care, Identity Management",
Upway,"Gennevilliers, Ile-de-France, France, Europe",Series A,25000000,USD,2022-05-31,https://upway.fr,"Upway offers an online platform that offers refurbished electric bicycles, providing access to inspected, repaired and certified e-bikes.","EXOR N.V., Global Founders Capital, Henri Moissinac, Origins Fund, Sequoia Capital","Consumer, E-Commerce, Marketplace, Sporting Goods",
Boxy,"Paris, Ile-de-France, France, Europe",Series A,25000000,EUR,2022-02-17,https://www.getboxy.co,Boxy is building a micro retailer by designing a new store format that is fully autonomous and deployed where people work and live.,"Bootstrap Europe, CapHorn Invest, LocalGlobe, Serena","Computer Vision, Retail Technology",
La Vie,"Paris, Ile-de-France, France, Europe",Series A,25000000,EUR,2022-01-19,https://www.laviefoods.com/,La Vie is developing a 100% vegetable edible fat with the ambition of offering different types of vegetable meats.,"Bleu Capital, Capagro, Entrepreneurs First, Eric Melloul, Financiere Saint James, Frédéric Mazzella, Natalie Portman, Partech, Seventure Partners, Thibaud Hug de Larauze, Thomas Plantenga","Food and Beverage, Food Processing, Meat and Poultry, Nutrition",
Synapse Medicine,"Bordeaux, Aquitaine, France, Europe",Series B,25000000,EUR,2022-02-28,https://synapse-medicine.com/,Synapse Medicine provides medication decision solutions to deliver enhanced patient-centered insights for care teams.,"BNP Paribas Développement, Korelya Capital, MACSF, Mutuelles Impact, XAnge","Health Care, Medical, Medical Device, Pharmaceutical, Software",
Whoz,"Paris, Ile-de-France, France, Europe",,25000000,EUR,2022-05-12,https://www.whoz.com,Whoz is a resource management solution that helps consulting and services companies to boost their results.,PSG Equity,"Consulting, Enterprise Resource Planning (ERP), Management Consulting, Professional Services",
EuraTechnologies,"Lille, Nord-Pas-de-Calais, France, Europe",Series A,24000000,EUR,2022-06-24,http://www.euratechnologies.com,EuraTechnologies promotes economic and social development through the exchange of scientific research and technologies.,"Caisse d'Epargne Hauts de France, Crédit Agricole Nord de France, Credit Mutuel, Entreprises & Cités, Métropole Européenne de Lille, Mulliez Family Association",Finance,
CARLILI,"Paris, Ile-de-France, France, Europe",,24000000,EUR,2022-04-13,http://www.carlili.fr,Carlili is the simplest and the easiest way to rent a car in France.,"Banque des Territoires, Demeter","Automotive, Delivery, Rental, Taxi Service, Transportation, Travel",
CastorDoc,"Paris, Ile-de-France, France, Europe",Series A,23500000,USD,2022-06-07,https://www.castordoc.com/,"CastorDoc is a collaborative, automated data discovery tool.","Blossom Capital, Florian Douetteau, Frst","Artificial Intelligence (AI), SaaS, Software",
Traxens,"Marseille, Provence-Alpes-Cote d'Azur, France, Europe",Growth Equity,23000000,EUR,2022-02-08,http://www.traxens.com/,Traxens transforms the industrial supply chain through data analytics to give customers complete container and rail supply chain visibility,"Bpifrance, ITOCHU Corporation, Supernova Invest","Analytics, Big Data, Logistics, Supply Chain Management",
Implicity,"Paris, Ile-de-France, France, Europe",Series A,23000000,USD,2022-04-27,https://www.implicity.com,Implicity provides to healthcare professionals a universal remote cardiac monitoring platform and AI FDA cleared algorithms.,"BNP Paribas Développement, Bpifrance, Crédit Mutuel Innovation, Karista, Serena, XAnge","Artificial Intelligence (AI), Health Care, Information Technology, Medical, Medical Device, Software",
Gojob,"Aix-en-provence, Provence-Alpes-Cote d'Azur, France, Europe",Series B,23000000,EUR,2022-09-08,http://www.gojob.com,Gojob is an employment service platform that provides temporary job offers.,"Alter Equity 3P, Amundi, Banque des Territoires, BREEGA, KOIS","Artificial Intelligence (AI), Human Resources, Recruiting, SaaS, Staffing Agency",
Horus pharma,"Saint-laurent-du-var, Provence-Alpes-Cote d'Azur, France, Europe",,23000000,EUR,2022-03-14,http://www.horus-pharma.com,Horus Pharma is a pharmaceutical company that focuses around ocular pathology and peri-surgery.,Eurazeo,"Biotechnology, Health Care, Medical, Pharmaceutical",
Metabrain,"Saint-mandé, Ile-de-France, France, Europe",,22653826,USD,2022-02-11,https://www.metabrain.co/,Metabrain is a company that builds brain interfaces to bridge the gap between humans and technology.,,"Artificial Intelligence (AI), Hardware, Human Computer Interaction, Neuroscience, Software",
Outsight,"Paris, Ile-de-France, France, Europe",Series B,22500000,EUR,2022-10-20,https://www.outsight.ai,"Our Spatial AI solutions track and digitizes the motion of People and Vehicles using 3D LiDAR data, for Large Infrastructure Operators","BNP Paribas, Bpifrance, Demeter Partners, Energy Innovation Capital, Forvia, Groupe ADP, Safran Corporate Ventures, SPDG","Artificial Intelligence (AI), Logistics, Physical Security, PropTech",
Greenly,"Paris, Ile-de-France, France, Europe",Series A,22000000,USD,2022-04-20,https://www.greenly.earth/home,"Greenly develops a carbon accounting platform to track, assess, manage, and reduce CO2 emissions.","Energy Impact Partners, KIMPA, XAnge","Environmental Engineering, GreenTech, SaaS, Software, Sustainability",
Stonly,"Levallois, Ile-de-France, France, Europe",Series A,22000000,USD,2022-01-27,https://stonly.com,"Drive fast, accurate resolutions with the modern knowledge platform for customer service.","Accel, Northzone","Internet, Knowledge Management, SaaS, Sales, Software, Technical Support, Web Apps",
Ganymed Robotics,"Paris, Ile-de-France, France, Europe",Series B,21000000,EUR,2022-07-07,https://www.ganymedrobotics.com/,Ganymed Robotics develops smart robots for orthopedic surgery.,"BNP Paribas Développement, CapHorn Invest, Cathay Capital, Crédit Mutuel Innovation, European Innovation Council, Kurma Partners",Robotics,
Tradim,"Paris, Ile-de-France, France, Europe",Growth Equity,20000000,EUR,2022-10-13,https://www.tradim.com,Tradim offers integrated software and hardware for waste collection management and treatment.,"Capital Croissance, Turenne Capital","Hardware, Software, Software Engineering, Waste Management",
Verkor,"Grenoble, Rhone-Alpes, France, Europe",Growth Equity,20000000,EUR,2022-03-30,https://www.verkor.com,Verkor manufactures low-carbon batteries to target the electric mobility markets.,Plastic Omnium,"Battery, Electronics, Industrial, Manufacturing",
Neoplants,"Paris, Ile-de-France, France, Europe",Seed,20000000,USD,2022-10-27,https://www.neoplants.com,Neoplants is a Biotechnology Company.,"Collaborative Fund, Entrepreneurs First, Exfi, Heartcore Capital, Niklas Zennström, Partech, True Ventures",Biotechnology,
Zoī,"Paris, Ile-de-France, France, Europe",Seed,20000000,EUR,2022-01-24,https://www.zoi.com,Zoī is a personalized preventive medicine application that combines routine medical checkups with preventive care.,"Christian Dargnat, Emmanuel Goldstein, Hassanein Hiridjee, Jean-Claude Marian, Jean-Marie Messier, Jean Moueix, Patrick Levy-Waitz, Rodolphe Saadé, Stephane Bancel, Xavier Niel","Health Care, Software, Wellness",
Neolithe,"Chalonnes-sur-loire, Pays de la Loire, France, Europe",Series A,20000000,EUR,2022-06-17,https://neolithe.fr,Néolithe transforms non-recyclable waste into mineral aggregates.,Otium Capital,"Environmental Engineering, Recycling, Waste Management",
AQEMIA,"Paris, Ile-de-France, France, Europe",Series A,20000000,EUR,2022-10-19,http://www.aqemia.com,"Aqemia accelerates drug discovery using quantum physics and AI, generating novel drug candidates without experimental data.","Bpifrance, Elaia, Eurazeo","Artificial Intelligence (AI), Biotechnology, Life Science, Machine Learning, Pharmaceutical",
Regate,"Paris, Ile-de-France, France, Europe",Series A,20000000,EUR,2022-09-26,https://regate.io/,Regate develops a SaaS platform designed to streamline accounting and financial operations.,"360 Capital, AG2R La Mondiale, Financiere Saint James, Valar Ventures","Accounting, Finance, Financial Services, FinTech, Payments",
Bridge,"Paris, Ile-de-France, France, Europe",Series A,20000000,EUR,2022-07-07,https://bridgeapi.io/,Bridge is a financial data company that provides payment initiation and account information services.,"Groupe BPCE, Truffle Capital",Financial Services,
Arianee,"Paris, Ile-de-France, France, Europe",Series A,20000000,EUR,2022-05-09,https://www.arianee.org/,"The first perpetual, anonymous, and trusted record of global assets.","Bpifrance, Commerce Ventures, Cygni Capital, Isai, Motier Ventures, NOIA Capital, Tiger Global Management, Wind","Blockchain, Cryptocurrency, Fashion, Information Technology",
Kaliz,"Paris, Ile-de-France, France, Europe",Series A,20000000,EUR,2022-04-28,https://www.kaliz.fr/,Kaliz is a real estate agency specializing in rental management.,,"Property Management, Real Estate, Real Estate Investment",
NEOBRAIN,"Paris, Ile-de-France, France, Europe",Series A,20000000,EUR,2022-03-24,https://www.neobrain.io,"Detect, develop and mobilize the skills of your employees to anticipate your HR strategy of tomorrow","Alter Equity 3P, BREEGA, Crédit Mutuel Innovation, La Poste Ventures, XAnge","Artificial Intelligence (AI), Human Resources, Machine Learning, Management Information Systems, SaaS, Skill Assessment, Software",
Zefir,"Paris, Ile-de-France, France, Europe",Series A,20000000,EUR,2022-02-10,https://www.zefir.fr/,"An all-in-one platform that allows people to sell or buy Real Estate in one simple, certain transaction.","Alexander Chesterman, Cyril Berdugo, Evan Moore, Florian Hagenbuch, Heartcore Capital, Kima Ventures, Sequoia Capital, Stride.VC, Third Kind Venture Capital","Marketplace, Real Estate",
SeqOne Genomics,"Montpellier, Languedoc-Roussillon, France, Europe",Series A,20000000,EUR,2022-01-24,https://seqone.com,SeqOne is a next generation genomic analysis for next generation healthcare.,"Dedale Intelligence, Elaia, IRDI, Mérieux Equity Partners, Omnes Capital","Analytics, Big Data, Biotechnology, Health Care",
Evaneos,"Paris, Ile-de-France, France, Europe",Series B,20000000,EUR,2022-12-06,https://www.evaneos.com,"Evaneos is a web platform helping travelers design, estimate costs, and book personalized trips by connecting them with local agents.","Bpifrance, Level Equity Management, Partech, Quadrille Capital, Serena, XAnge","E-Commerce, Online Portals, Tourism, Travel",
Secure-IC,"Cesson-sévigné, Bretagne, France, Europe",Series B,20000000,EUR,2022-01-20,http://secure-ic.com,Secure-IC is quickly becoming a thought leader in the creation of sustainable embedded technologies.,"Alliance Entreprendre, BNP Paribas Développement, GO CAPITAL","Consumer Electronics, Cyber Security, Information Technology, Virtual Reality",
LegalPlace,"Paris, Ile-de-France, France, Europe",Series B,20000000,EUR,2022-10-21,https://www.legalplace.fr,LegalPlace offers legal documents to individuals and professionals as well as a connection service with experienced lawyers.,"Eurazeo, Evolem Start, La Poste Ventures, Malakoff Humanis, Matmut Innovation, PROfounders Capital, Swen Capital Partners, XAnge","Information Technology, Legal, Legal Tech, Professional Services, Software",
Trustpair,"Paris, Ile-de-France, France, Europe",Series B,20000000,EUR,2022-10-03,https://www.trustpair.com/,Trustpair eliminates vendor payment fraud with a market leading account validation automation platform,"Axeleo Capital, BREEGA, Tikehau Ace Capital","Accounting, Cyber Security, Finance, FinTech, Fraud Detection, Procurement, Software",
Stonal,"Paris, Ile-de-France, France, Europe",Series B,20000000,EUR,2022-04-27,https://stonal.com/,Stonal offers a SaaS platform accessible online to all your employees and service providers,"Jean-François Dehecq, RAISE","Real Estate, SaaS, Software",
SpaceFill,"Paris, Ile-de-France, France, Europe",Series B,20000000,EUR,2022-03-16,http://www.spacefill.fr,SpaceFill is a B2B on-demand warehousing marketplace.,"Bonsai Partners, Eurazeo, FIEGE, La Famiglia, Maersk Growth, NGP Capital","B2B, Logistics, Marketplace, Retail, Transportation, Warehousing",
Azur Drones,"Mérignac, Aquitaine, France, Europe",Series C,20000000,EUR,2022-01-28,https://www.azurdrones.com,Azur Drones is a civilian drone in a box manufacturer specializing in surveillance and inspection of critical infrastructures,,"Aerospace, Consulting, Drone Management, Drones, Robotics",
ENTEROME,"Paris, Ile-de-France, France, Europe",Series F,20000000,EUR,2022-07-14,http://www.enterome.com,Enterome is a clinical-stage company developing breakthrough immunomodulatory drugs for the treatment of cancer and immune diseases.,,"Biopharma, Biotechnology, Health Care, Life Science",
Photoroom,"Paris, Ile-de-France, France, Europe",Series A,19000000,USD,2022-11-07,https://photoroom.com,"Photoroom is an AI-enabled image capturing app that offers image retouching, background removal, and batch editing services.","Adjacent, Balderton Capital, FJ Labs, Hugging Face, Meta","Artificial Intelligence (AI), Generative AI, Machine Learning, Mobile Apps, Photo Editing, Photography",
Arbiom,"Paris, Ile-de-France, France, Europe",,18900000,USD,2022-09-20,https://arbiom.com/,Arbiom is a biotech company that develops non-food biomass processing technology.,,"Biotechnology, Chemical, Chemical Engineering",
NAWA Technologies,"Rousset, Provence-Alpes-Cote d'Azur, France, Europe",Series C,18300000,EUR,2022-01-20,https://nawah.fr/,"NAWA Technologies is a French SME, has developed an innovative, economically competitive Ultra-Fast Carbon battery, applied nanotechnology.","Altya Invest, Bpifrance, Davaniere Capital Partners, Demeter, Eurowatt, Kouros, Opus Technologies, Région Sud Investissement, Supernova Invest","CleanTech, Energy, Nanotechnology",
Morpho Labs,"Paris, Ile-de-France, France, Europe",Seed,18000000,USD,2022-07-12,https://morpho.org,Morpho is a decentralized cryptocurrency lending protocol that provides lending and borrowing services.,"a16z crypto, Alven, AngelDAO, Angelo Min, Aseem Sood, Ashwin Ramachandran, Atka Capital, Benjamin Simon, Brianna Montgomery, Cherry Ventures, Coinbase Ventures, Cryptoast, Daedalus Angel Syndicate, Daphni, Didier Valet, Dydy Moon, Eduardo Ronzano, Emiliano Bonassi, Faculty Capital, Fasanara Capital, Federico Nitidi, Fernando Martinelli, Frederic Montagnon, Gabriel Rebibo, GCR Partners, Hadrien Charlanes, Itamar Lesuisse, Ivailo Jordanov, Jai Bhavnani, James Simpson, Jason Novack, Jean Brasse, Joey Santoro, John Lilic, Julien Romanetto, Laurent Benichou, Lily Liu, Luc Jodet, Luka Sucic, Manu Red Pills, Mechanism Capital, Nascent, Nathan Sexer, Nemanja Cerovac, Nicholas Tong, Nicolas Bacca, Nicolas Debock, Nicolas Feignon, Nicolas Steegmann, Nima Capital, Olivier Chevillon, Pablo Veyrat, Pascal Tallarida, Patrick Bucquet, Phil Ho, Phoebe Beigbeder, Pierre Laurent, Project A Ventures, Re7 Capital, Remi Jansseune, Roshun Patel, Scott Lewis, Sebastien Couture, Semantic Ventures, Spaceship, Spark Capital, Stake Capital Group, Standard Crypto, Stefano Bernardi, Templiers, Théo Rochaix, Thomas de Phuoc, Thomas Klocanas, Thomas Turelier, TLC, Tom Reppelin, Valentin Mihov, Variant, Vishesh Choudhry, William Bergamo, Will Price, XAnge, Yassine Hargane, Yuriy Myronovich","Blockchain, Cryptocurrency, Financial Services, Lending",
Silvr,"Paris, Ile-de-France, France, Europe",Series A,18000000,EUR,2022-02-08,https://silvr.co,Silvr is a financial provider for digital entrepreneurs with the help of data-based scoring technology.,"Alexandre Prot, Bpifrance, Eurazeo, Isai, Louis Chatriot, Maxime Paradis, Otium Capital, Pierre Dutaret, Raphael Vullierme, Steve Anavi, Wind, XAnge","Business Development, Financial Services, FinTech",
SENCROP,"Lille, Nord-Pas-de-Calais, France, Europe",Series B,18000000,USD,2022-05-10,http://www.sencrop.com,Sencrop is an ag-tech startup that empowers farmers to make better decisions in their daily agricultural activities.,"Bpifrance, Demeter, EIT Food, Groupe IRD, Jerusalem Venture Partners (JVP), NCI Waterstart, Telos Impact","Agriculture, AgTech, Analytics, Data Integration, Farming",
Lhyfe,"Nantes, Pays de la Loire, France, Europe",Series A,17000000,EUR,2022-02-03,https://www.lhyfe.com,"Lhyfe is a producer and supplier of green hydrogen, generated through renewable energy sources.","Andera Partners, Ovive, Société Financière Lorient Développementis","Energy, Energy Management, Renewable Energy",
Kiln,"Paris, Ile-de-France, France, Europe",Series A,17000000,EUR,2022-11-28,https://www.kiln.fi/,Kiln creates an enterprise-level pledge platform and provides one-click pledge services for encrypted assets.,"Alven, BlueYard Capital, ConsenSys, GSR, Illuminate Financial, LeadBlock Partners, Sparkle Ventures, SV Angel, Third Kind Venture Capital, Triton Capital, XBTO Group",,
Cairdac,"Antony, Ile-de-France, France, Europe",Series A,17000000,EUR,2022-03-31,https://www.cairdac.com/,Cairdac is a manufacturer of autonomous leadless pacing transcatheter system capable of powering the device with no battery-life limitation.,"Bpifrance, Carvest Crédit Agricole Régions Investissement, Mérieux Equity Partners, Sham, Supernova Invest","Health Care, Manufacturing, Medical Device",
Apricity,"Paris, Ile-de-France, France, Europe",Series B,17000000,EUR,2022-09-05,https://www.apricity.life/,"Apricity is the world’s first at-home fertility clinic, powered by tech and AI. Less stress and more success","IRIS Ventures, MTIP AG","Artificial Intelligence (AI), Fertility, Health Care",
Qubit Pharmaceuticals,"Paris, Ile-de-France, France, Europe",Seed,16100000,EUR,2022-06-10,https://www.qubit-pharmaceuticals.com,Qubit Pharmaceuticals is an EIT Health Headstart laureate and is incubated at Paris Biotech Santé.,"European Innovation Council, Octave Klaba, Omnes Capital, Quantonation, XAnge",Biotechnology,
Tridek-One,"Évry, Ile-de-France, France, Europe",Series A,16000000,EUR,2022-09-15,https://tridekone.com/,Tridek-One is a biopharmaceutical company aiming to develop immunomodulatory compounds targeting the CD31 pathway.,"AdBio partners, Advent Life Sciences, Bioqube Ventures, Bpifrance, Kinled Holding, Pureos Bioventures","Biotechnology, Health Care, Life Science",
Elicit Plant,"Vilhonneur, Poitou-Charentes, France, Europe",Series A,16000000,EUR,2022-02-07,https://www.elicit-plant.com,Elicit Plant is an agro-biotech company thatfocuses on enhancing the resilience of crops under drought conditions through natural processes.,"AQUITI Gestion, Bpifrance, Crédit Agricole, European Circular Bioeconomy Fund, Région Nouvelle-Aquitaine, Sofinnova Partners","Agriculture, AgTech, Biotechnology",
Eovolt,"Bourges, Centre, France, Europe",,16000000,EUR,2022-09-12,https://eovolt.com/fr/,"Eovolt is a French brand that specializes in folding, lightweight, and ultra-compact electric bike.","Arbevel, RAISE Impact","Cycling, Electric Vehicle, Transportation",
PHENIX,"Paris, Ile-de-France, France, Europe",Growth Equity,15000000,EUR,2022-09-20,http://www.wearephenix.com/,PHENIX is a web and service platform specialized in the reduction of food waste and non-food waste.,"BNP Paribas, Bpifrance, Danone Manifesto Venture, ETF Partners, INCO Ventures, Lombard Odier","Environmental Consulting, Environmental Engineering, Waste Management",
BlaBlaCar,"Paris, Ile-de-France, France, Europe",Growth Equity,15000000,USD,2022-06-16,http://www.blablacar.com,BlaBlaCar is a long distance carpooling platform that connects drivers with empty seats and passengers to share travel costs.,IFC,"Car Sharing, Collaborative Consumption, Internet, Peer to Peer, Ride Sharing, Transportation, Travel",
Enchanted Tools,"Paris, Ile-de-France, France, Europe",Seed,15000000,EUR,2022-02-02,https://www.enchanted.tools/,Enchanted Tools is an AI robot development company.,,"Artificial Intelligence (AI), Robotics, Software",
Jimmy,"Paris, Ile-de-France, France, Europe",Series A,15000000,EUR,2022-10-23,https://jimmy-energy.eu,Jimmy develops and operates thermal generators that supply industrial facilities with process heat produced through nuclear fission.,"Noria Invest, Otium Capital, Polytechnique Ventures, Total Eren","Energy, Nuclear, Renewable Energy",
Virgil,"Paris, Ile-de-France, France, Europe",Series A,15000000,EUR,2022-11-17,https://www.wearevirgil.com,Virgil provides a financial solution to assist individuals in purchasing a home.,"Alven, Aquasourca, Clément Alteresco, Emmanuel Amon, Evolem Start, Global Founders Capital, LocalGlobe, Victoria van Lennep","Financial Services, Real Estate, Rental, Vacation Rental",
Meilisearch,"Paris, Ile-de-France, France, Europe",Series A,15000000,USD,2022-10-10,https://www.meilisearch.com/,Open-source search engine API,"CRV, Felicis, Guillermo Rauch, LocalGlobe, Mango Capital, Seedcamp","Cloud Computing, Developer APIs, Developer Tools, Open Source, SaaS, Search Engine, Semantic Search, Software, Vertical Search",
Invers,"Les Auvergnes, Rhone-Alpes, France, Europe",Series A,15000000,EUR,2022-09-29,https://invers-groupe.fr,Invers establishes a comprehensive and cutting-edge sector For the production of insect proteins for animal feed.,"Agri Impact, Crédit Agricole, IDIA Capital Investissement, Limagrain, UI Investissement","Alternative Protein, Animal Feed, Farming, Food and Beverage, Food Processing",
Onepilot,"Paris, Ile-de-France, France, Europe",Series A,15000000,EUR,2022-06-22,https://onepilot.co,"Onepilot is a technology-led support solution blending AI-powered tools with human intelligence to provide 24/7, scalable customer service.","CapHorn Invest, First Bridge Ventures, Global Founders Capital, Otium Capital, Philippe Teixeira da Mota","Information Technology, Internet, Outsourcing, Software",
Metafore,"Paris, Ile-de-France, France, Europe",Series A,15000000,EUR,2022-06-13,https://www.metafore.com/,Metafore offers spaces to professionals for seminars and corporate events.,"Aglaé Ventures, Alexis Bonillo, Dominique Romano, Fimalac Group, Founders Future, Michael Benabou, Nicolas Micallef","Coworking, Events, Real Estate",
Defacto,"Paris, Ile-de-France, France, Europe",Series A,15000000,EUR,2022-06-07,https://www.getdefacto.com,"Defacto is a fintech firm that offers short term financing for small and medium companies via an embedded, API-first approach.","Financiere Saint James, Global Founders Capital, Headline, Motier Ventures, Northzone, Rodolphe Ardant, Thibaud Elziere, Victoria van Lennep","B2B, Credit, Embedded Systems, FinTech, Payments",
Dalma,"Paris, Ile-de-France, France, Europe",Series A,15000000,EUR,2022-06-02,https://www.dalma.co/,Dalma is an insurance company that sells medical insurance services for pets.,"Anterra Capital, Frst, Global Founders Capital, Julien Gigoi, Kima Ventures, Northzone, Olivier Bonnet, Project A Ventures, Sam Edelson","Health Insurance, Insurance, Pet",
Popchef,"Paris, Ile-de-France, France, Europe",Series A,15000000,EUR,2022-05-31,https://popchef.com,Popchef is a French leader of food delivery for people at work.,"Bourrelier Group, Celeste Management, Meridiam, Philippe Salle","Food Processing, Hospitality, Restaurants",
Moka.care,"Paris, Ile-de-France, France, Europe",Series A,15000000,EUR,2022-05-24,https://www.moka.care/,Moka.care is a firm that provides a complete solution for allowing your employees to take care of their mental health.,"Antoine Griezmann, Athletico Ventures, Left Lane Capital, Origins Fund, Singular","Health Care, Mental Health, Wellness",
GATEWATCHER,"Paris, Ile-de-France, France, Europe",Series A,15000000,EUR,2022-02-10,https://www.gatewatcher.com,"Gatewatcher is the first Breach Detection System, detecting the most crafted threats and cyberattacks.",Move Capital,"Cloud Security, Cyber Security, Information Technology, Network Security, Software",
HelloAsso,"Bordeaux, Aquitaine, France, Europe",Series A,15000000,EUR,2022-11-21,https://www.helloasso.com/,HelloAsso is the free solution for associations and clubs to receive payments over the Internet.,"Credit Mutuel, Crédit Mutuel Equity","Communities, Crowdfunding, Financial Services, Funding Platform",
Microphyt,"Baillargues, Languedoc-Roussillon, France, Europe",Series B,15000000,EUR,2022-11-29,http://www.microphyt.eu,"Microphyt researches, develops, produces, and markets natural algae-based products that contribute to weight loss and to brain health.","Bpifrance, Business Opportunities for L'Oréal Development, IRDI SORIDEC Gestion, IXO Private Equity, Rigetti Computing, Sofilaro, Sofinnova Partners","Biotechnology, Fitness, Food and Beverage, Health Care, Natural Resources, Nutrition",
Therapixel,"Nice, Provence-Alpes-Cote d'Azur, France, Europe",Series B,15000000,EUR,2022-05-12,http://www.therapixel.com/,Therapixel is a software company specialized in artificial intelligence for medical imaging analysis,"CapHorn Invest, Crédit Mutuel Innovation, Elaia, Fraser, IT-Translation, M Capital Partners, Omnes Capital, Région Sud Investissement, Relyens, Sham, Verve Ventures","Artificial Intelligence (AI), Health Diagnostics, Machine Learning, Medical Device, Software",
Coinhouse,"Paris, Ile-de-France, France, Europe",Series B,15000000,EUR,2022-01-18,https://www.coinhouse.com,Coinhouse is the leading French platform for providing investment and payment services in Bitcoin and tens of other crypto assets.,"CF Partners, ConsenSys, Expon Capital, Raise Ventures, True Global Ventures (TGV), XAnge","Banking, Bitcoin, Blockchain, Cryptocurrency, Financial Services, FinTech, Information Technology, Payments, Web3",
FineHeart,"Bordeaux, Aquitaine, France, Europe",Series C,15000000,EUR,2022-10-19,http://fineheart.fr,FineHeart is a medical device company,European Innovation Council,"Biotechnology, Health Care, Medical, Medical Device",
Shipfix,"Vincennes, Ile-de-France, France, Europe",Series A,14500000,USD,2022-05-31,https://shipfix.com,Shipfix operates as a data and community platform that helps with the operational efficiency in the maritime industry.,"Aldea Ventures, Bpifrance, BREEGA, Eurazeo","Artificial Intelligence (AI), Business Intelligence, Machine Learning, Marine Transportation, Shipping",
Quinten Health,"Paris, Ile-de-France, France, Europe",Series A,14000000,EUR,2022-09-20,https://www.quinten-health.com,"Quinten Health is a team of healthcare data scientists, modelers, and biomedical and public health experts.","MACSF, Techlife Capital","Artificial Intelligence (AI), Data Integration, Health Care",
CrowdSec,"Montrouge, Ile-de-France, France, Europe",Series A,14000000,EUR,2022-10-06,https://crowdsec.net,"CrowdSec is a participative IPS, using local IP behavior and community-driven IP reputation to protect Internet-exposed assets.","BREEGA, Supernova Invest","Cloud Security, Cyber Security, Network Security, Open Source",
Bigblue,"Paris, Ile-de-France, France, Europe",Series A,13660000,EUR,2022-03-25,https://www.bigblue.co,Bigblue is a computer software company that provides delivery experience solutions for customer-centric brands.,"La Poste Ventures, LVP, Runa Capital, Samaipata, XAnge","Delivery, E-Commerce, Information Technology, Logistics, Software",
UOLEM,"Paris, Ile-de-France, France, Europe",Series A,13659484,USD,2022-05-09,https://www.uolem-conseil.com/,UOLEM is a company specialized in climate consulting for governments and companies.,,,
Dfns,"Paris, Ile-de-France, France, Europe",Seed,13500000,USD,2022-04-13,https://www.dfns.co,Dfns provides a Wallets-as-a-Service (WaaS) platform to help companies manage digital assets on blockchains.,"6th Man Ventures, ABN AMRO Ventures, Bpifrance, Coinbase Ventures, Definitive Capital, Hashed, Horseshoe Capital Partners, Redbeard Ventures, Ryan Selkis, Semantic Ventures, SGH CAPITAL, STATION F, Susquehanna, Techstars, White Star Capital, Xavier Niel","Blockchain, Cloud Infrastructure, Cryptocurrency, FinTech, Network Security",
Scintil Photonics,"Grenoble, Rhone-Alpes, France, Europe",Series A,13500000,EUR,2022-06-21,https://www.scintil-photonics.com/,Scintil Photonics is a fabless company that develops silicon photonic integrated circuits,"Bosch Ventures, Bpifrance, Innovacom, Supernova Invest","Manufacturing, Optical Communication, Semiconductor",
TLS GEOTHERMICS,"Toulouse, Midi-Pyrenees, France, Europe",Series A,13300000,EUR,2022-09-12,https://www.tls-geothermics.com,Geothermal developer - Baseload renewable energy,,"CleanTech, Geothermal Energy, Renewable Energy",
Bricks,"Montpellier, Languedoc-Roussillon, France, Europe",Seed,13000000,EUR,2022-09-26,http://bricks.co/,Bricks is a real estate investment platform that enables people to invest in real estate and benefit from a rental income every month.,Tony Parker,Real Estate,
Prello,"Lyon, Rhone-Alpes, France, Europe",Seed,13000000,EUR,2022-02-03,https://www.prello.co,Prello is a real estate brokerage that offers an end-to-end solution for managed second home co-ownership.,"Axeleo Capital, Otium Capital","Property Management, Real Estate, Real Estate Brokerage, Residential",
Infolegale,"Lyon, Rhone-Alpes, France, Europe",,13000000,EUR,2022-06-17,https://www.infolegale.fr,Infolegale provides a legal information platform to monitor company solvency.,NextStage AM,"Business Intelligence, Consulting, Information Services, Information Technology, Legal, Legal Tech, Software",
Fareneït,"Sartrouville, Ile-de-France, France, Europe",Private Equity,12500000,EUR,2022-07-11,https://www.fareneit.fr/,Fareneït offer services in installation and maintenance of technical installations for the building and industry sectors.,"Bpifrance, Crédit Mutuel Equity","Building Maintenance, Construction, Manufacturing",
Aura Aero,"Cugnaux, Midi-Pyrenees, France, Europe",,12360000,EUR,2022-12-31,https://www.aura-aero.com,AURA AERO aims to serve mankind by designing and manufacturing aircraft that accelerate air transport decarbonization,,"Aerospace, Automotive, Industrial Automation",
Remedee Labs,"Montbonnot-saint-martin, Rhone-Alpes, France, Europe",Series A,12200000,EUR,2022-12-06,https://www.remedeelabs.com,Redefining life with chronic pain,"Artois Investment, Banque Hottinguer, Banques Populaires, BNP Paribas, Bpifrance, C4 Ventures, Caisse d'Epargne Rhone Alpes, Generali France, Habert Dassault Finance, HCVC, Partech, Supernova Invest","Health Care, Medical Device",
Immortal Game,"Paris, Ile-de-France, France, Europe",Series A,12198300,EUR,2022-09-20,https://immortal.game/,Immortal Game Play-and-Earn. Free-to-Play. Immortal Game introduces a new layer of strategy to the most played board game in the world.,"35V, BlackPool, Blockwall, CASSIUS, Greenfield, Kevin Durant, Sparkle Ventures, Spice Capital Partners, TCG, Triton Capital","Blockchain, Online Games",
Cross The Ages,"Marseille, Provence-Alpes-Cote d'Azur, France, Europe",Seed,12000000,USD,2022-03-22,https://www.crosstheages.com/,Cross The Ages is a universe in which fantasy and science fiction come together.,"Animoca Brands, Arcanum Capital, Blockchain Founders Fund, Cypher Capital, Fundamental Labs, GD10 Ventures, Mechanism Capital, NewTribe Capital, Polygon, Sebastien Borget, Tess Ventures, Ubisoft, Valeria Kholostenko","Gaming, Information Technology, PC Games",
api.video,"Bordeaux, Aquitaine, France, Europe",Series A,12000000,USD,2022-12-13,https://api.video,Building the backbone of online video,"Blossom Capital, Financiere Saint James, MMC Ventures, OpenOcean","Developer Platform, Enterprise Software, Video Streaming",
I-ROX,"Toulouse, Midi-Pyrenees, France, Europe",Series A,12000000,EUR,2022-11-21,https://www.i-rox.net/,I-ROX developed a model for recruiting the most outstanding programmers in the market and built a project management methodology.,Breakthrough Energy Ventures,"Information Technology, Software",
Citalid,"Paris, Ile-de-France, France, Europe",Series A,12000000,EUR,2022-10-12,https://www.citalid.com/,Our cyber risk quantification platform enables Enterprises and Insurers to make more enlightened decisions about the risks they face.,"Albingia SA, Axeleo Capital, BNP Paribas Développement, Fiblac, Relyens, Seventure Partners","Cyber Security, Network Security, Risk Management",
Stockly,"Paris, Ile-de-France, France, Europe",Series A,12000000,EUR,2022-09-27,https://www.stockly.ai/,The Global Inventory for Retail,"Daphni, Eurazeo, Motier Ventures, Techstars","Cosmetics, E-Commerce, Fashion, Retail, Shoes",
Standing Ovation,"Paris, Ile-de-France, France, Europe",Series A,12000000,EUR,2022-09-14,https://standing-ovation.co,Standing Ovation develops food technology solutions using precision fermentation to produce animal-free dairy proteins.,"Astanor Ventures, Bel Group, Big Idea Ventures, Good Startup, PeakBridge, Seventure Partners","Alternative Protein, Biotechnology, Dairy, Food and Beverage",
Beanstock,"Paris, Ile-de-France, France, Europe",Series A,12000000,EUR,2022-04-14,https://beanstock.com/fr,"Beanstock is an online real estate marketplace for buying, managing and selling buy-to-let properties in Europe.","360 Capital, Arkadi Jampolski, Axeleo Capital, Entrée Capital, FJ Labs, Francisco Alister Moreno, Giorgio Tinacci, Jan Hase, Pablo Fernandez, PT1, Raphael Di Meglio, Realty Corporation, Victor Lugger, Vincent Huguet","Marketplace, Real Estate Investment",
Chance,"Paris, Ile-de-France, France, Europe",Series A,12000000,EUR,2022-02-03,http://www.chance.co/,Chance delivers an augmented coaching by using the technology to multiply the impact of coaching.,"Citizen Capital, Educapital","Education, Skill Assessment, Training",
EcoTree,"Brest, Bretagne, France, Europe",Series B,12000000,EUR,2022-06-17,https://ecotree.green/,EcoTree is a company specializing in sustainable development whose purpose is to reward ecological awareness.,"Accurafy 4, FAMAE Impact, FINANCIERE FONDS PRIVES, Societe Generale","Forestry, GreenTech, Impact Investing, Renewable Energy, Sustainability",
Rediv,"Bayonne, Aquitaine, France, Europe",,12000000,EUR,2022-07-07,https://rediv.com/en,Rediv is a leading european online shop to buy and sell like-new kids' clothing.,"Colam Impact, Creas, Quadia","E-Commerce, Fashion, Retail, Shopping",
Tracktor,"Paris, Ile-de-France, France, Europe",,12000000,EUR,2022-02-23,https://tracktor.fr,"Tracktor is a rental platform for construction workers, enabling them to rent out or borrow construction equipment in a few clicks.","AVP, Bpifrance","Construction, Rental, Sharing Economy, Software",
Tracktor,"Paris, Ile-de-France, France, Europe",,12000000,EUR,2022-02-15,https://www.tracktor-saas.fr/,Tracktor is an platform that enables construction companies to rent and purchase construction equipment efficiently.,"AVP, Bpifrance, BTP Capital Investissement, Kerala Ventures, Pierre Kosciusko-Morizet, Pierre Krings, Xavier Niel","Construction, Mobile Apps, Web Apps",
Dailyn,"Lille, Nord-Pas-de-Calais, France, Europe",Seed,11000000,EUR,2022-08-01,https://dailyn.app,"Dailyn software for everyday life applications, e-commerce, and chat.",,"Apps, E-Commerce, Internet, Software",450057732
Kinetix,"Paris, Ile-de-France, France, Europe",Seed,11000000,USD,2022-05-04,https://www.kinetix.tech,Kinetix empowers self-expression in the Metaverse with artificial intelligence and no code tools allowing everyone to create 3D animations.,"AA Sons, Alexandre Yazdi, Animoca Brands, Bill O'Farrell, Entrepreneurs First, Khalid Zitouni, Lisa Gradow, NAVER Z, Rand Hindi, Sparkle Ventures, The Sandbox, Top Harvest Capital, Xavier Niel, ZEPETO","3D Technology, Animation, Artificial Intelligence (AI), Gaming, Metaverse, Software, Virtual World",
Opensee,"Paris, Ile-de-France, France, Europe",Series A,11000000,EUR,2022-12-15,https://opensee.io/,Opensee helps financial institutions’ business users interactively harness 100% of their vast quantities of data,"Laurion Capital Management, Omnes Capital, Societe Generale","Analytics, Big Data, Financial Services, FinTech, Software",
Spinergie,"Paris, Ile-de-France, France, Europe",Series A,11000000,EUR,2022-06-28,https://www.spinergie.com,Spinergie digitizes vessel operations to enable better marketing decisions and generate efficiency.,"Antoine de Chassy, Blue Oceans Partners, IRIS, Jean-Gabriel Levon, Polytechnique Ventures, Sanne Manders, Swen Capital Partners","CleanTech, Logistics, SaaS",
Stoïk,"Paris, Ile-de-France, France, Europe",Series A,11000000,EUR,2022-06-28,https://stoik.com,Stoïk is a cyber insurtech company that help businesses manage their exposure to cyber risks.,"Alven, Andreessen Horowitz, Anthemis, Henri de Castries, The Delta","Cloud Security, Cyber Security, Insurance, InsurTech",
Core Biogenesis,"Paris, Ile-de-France, France, Europe",Series A,11000000,USD,2022-03-29,https://www.corebiogenesis.com,Core Biogenesis is a biotechnology company building next-generation recombinant protein production technologies.,"Blue Horizon Equity, Entrepreneurs First, European Innovation Council, XAnge","Biotechnology, Life Science, Pharmaceutical",
CarbonWorks,"Libourne, Aquitaine, France, Europe",Series A,11000000,EUR,2022-03-01,https://carbonworks.bio/,CarbonWorks is specialising in the use of microalgae to capture and utilise carbon dioxide.,"AQUITI Gestion, BNP Paribas, Bpifrance, Demeter, Fermentalg, SUEZ Environnement",Biotechnology,
Germitec SAS,"Ivry-sur-seine, Ile-de-France, France, Europe",,11000000,EUR,2022-05-10,http://www.germitec.com,"Germitec is a healthcare company that designs, Commercialize UV-C disinfection systems for hospital hygiene system.","AQUITI Gestion, Arbevel, Galia Gestion, Kurma Partners, Sham","Health Care, Medical",
Lita.co,"Paris, Ile-de-France, France, Europe",,11000000,EUR,2022-04-03,https://fr.lita.co/,LITA.co is the first impact investing platform that connects individuals and social entrepreneurs.,"AQUITI Gestion, BNP Paribas, Bpifrance, Demeter Partners, Fermentalg, Suez Ventures","Internet, Social, Social Network",
YZR,"Paris, Ile-de-France, France, Europe",Series A,10800000,EUR,2022-03-18,https://www.yzr.ai/,YZR is a SaaS platform that offers an augmented data preparation tool.,"50 Partners, Frenchfounders, Nauta Capital, Orange Ventures","Analytics, Big Data, Cloud Data Services, Data Integration, Retail, Retail Technology, SaaS, Software, Text Analytics",
Core Biogenesis,"Paris, Ile-de-France, France, Europe",Series A,10500000,USD,2022-07-28,https://www.corebiogenesis.com,Core Biogenesis is a biotechnology company building next-generation recombinant protein production technologies.,"Blue Horizon Corporation, Thia Ventures, XAnge","Biotechnology, Life Science, Pharmaceutical",
K-Ryole,"Ivry-sur-seine, Ile-de-France, France, Europe",Series B,10500000,EUR,2022-03-18,https://k-ryole.com,K-Ryole is a privately held company that manufactures smart electric bike trailer.,"AQUITI Gestion, Ardev, Bpifrance, Edify SA, IFP Energies nouvelles, Quadia","Automotive, Electric Vehicle, Manufacturing",
Vestack,"Paris, Ile-de-France, France, Europe",Series A,10300000,EUR,2022-06-24,https://www.vestack.com/,Vestack designs and manufactures sustainable buildings through efficient proprietary software and hardware technologies.,"Karista, Mirova, Ring Mission","CAD, Civil Engineering, Construction, Manufacturing, PropTech, Software",
eLichens,"Grenoble, Rhone-Alpes, France, Europe",Private Equity,10000000,USD,2022-07-01,http://www.elichens.com/,eLichens is a technology startup that provides services and sensing solutions for hyper-local air quality.,New Cosmos Electronic,"Electronics, Information Services, Information Technology, Sensor",
ADIAL SAS,"Lisieux, Basse-Normandie, France, Europe",Private Equity,10000000,EUR,2022-04-12,https://www.adial-france.com/,ADIAL SAS is the manufacturer of pizza and panini vending machines.,"Bpifrance, Crédit Mutuel Equity","Food and Beverage, Food Processing, Manufacturing",
Neat,"Bordeaux, Aquitaine, France, Europe",Seed,10000000,EUR,2022-10-21,https://www.neat.eu,Neat is an InsurTech startup that provides retailers with embedded insurance solutions.,"Alma Mundi Ventures, Founders Future, NewAlpha Asset Management VC, Octopus Ventures, Purple","Financial Services, Insurance",
WhiteLab Genomics,"Paris, Ile-de-France, France, Europe",Seed,10000000,USD,2022-09-12,https://www.whitelabgx.com,WhiteLab Genomics develops digital tools that help gene and cell therapy companies develop cheaper drugs faster.,"Debiopharm Group, Omnes Capital, Y Combinator","Artificial Intelligence (AI), Biotechnology, Genetics",
Troopy,"Paris, Ile-de-France, France, Europe",Seed,10000000,EUR,2022-07-07,https://troopy.com,Troopy is a mobility technology company that offers shared e-mopeds developed by Yamaha.,"Groupe Chapat, MOTUL","Automotive, Rental, Transportation",
Fifty,"Paris, Ile-de-France, France, Europe",Seed,10000000,USD,2022-06-01,https://fifty.do,Fifty provides training and business transformations that bridge the gap between intentions and actions.,"Acadian Ventures, Eurazeo, S3 Capital, Signals Venture Capital, Tekton Ventures","Human Resources, Software",
Cometh,"Paris, Ile-de-France, France, Europe",Seed,10000000,USD,2022-05-05,https://www.cometh.io/,Cometh is a game development studio that creates blockchain games that can seamlessly connect with DeFi protocols.,"6th Man Ventures, IDEO CoLab Ventures, Serena, Shima Capital, Stake Capital Group, Ubisoft, White Star Capital","Apps, Blockchain, Gaming, Software",
Axonaut,"Labège, Midi-Pyrenees, France, Europe",Series A,10000000,EUR,2022-12-07,https://axonaut.com?utm_campaign=crunchbase,"All inclusive SaaS tool for entrepreneurs, one price, CRM+quotations+invoices+bank+expenses+API","Bpifrance, Matmut Innovation, The Moon Venture",Financial Services,
Satelia,"Bordeaux, Aquitaine, France, Europe",Series A,10000000,EUR,2022-10-25,https://satelia.eu,Remote patient monitoring for chronic disease,Impact Partners Nordic,"Apps, Health Care, Medical, Medical Device",
Qantev,"Paris, Ile-de-France, France, Europe",Series A,10000000,EUR,2022-10-25,https://www.qantev.com,AI claims platform for health & life insurance,"Elaia, Omnes Capital, Raise Ventures","Artificial Intelligence (AI), Data Management, Enterprise Software, Insurance, InsurTech, Machine Learning, Software",
Posos,"Amiens, Picardie, France, Europe",Series A,10000000,EUR,2022-10-10,https://www.posos.co/,Posos is a clinical support platform optimizing healthcare professionals’ decisions at every step of the patient journey,"AG2R La Mondiale, Anaxago, Nord France Amorcage, Sofiouest, The Caisse des Dépôts","Artificial Intelligence (AI), Health Care, Machine Learning, Personal Health",
Cuure,"Paris, Ile-de-France, France, Europe",Series A,10000000,EUR,2022-09-09,https://cuure.com,"Cuure offers personalized health solutions through tailored vitamin and supplement subscriptions, designed to meet individual health needs.","Bpifrance, Capagro, JamJar Investments, Newfund, V3 ventures, Verlinvest","Consumer Goods, Dietary Supplements, E-Commerce, Health Care, Retail Technology, Wellness",
Waysia,"Paris, Ile-de-France, France, Europe",Series A,10000000,EUR,2022-09-06,https://www.alorsfaim.com/,Waysia develops an application for ordering and delivering food.,"Banyan Pacific, Cathay Innovation, Convivialite Ventures, Dastore, Goodwater Capital, iFly.vc","Apps, E-Commerce, Food and Beverage, Retail",
Allisone,"Paris, Ile-de-France, France, Europe",Series A,10000000,EUR,2022-09-05,https://en.allisone.ai,Allisone Technologies is a firm that specializes in dentistry artificial intelligence (AI).,"C4 Ventures, Samaipata","Artificial Intelligence (AI), Dental, Fitness, Medical, Wellness",
Kardinal,"Paris, Ile-de-France, France, Europe",Series A,10000000,EUR,2022-07-04,https://kardinal.ai,"Kardinal is a Last Mile Delivery Optimization platform designed to improve operational performance, actionable from day 1.","Benhamou Global Ventures, CapHorn Invest, Plug and Play, Serena","Delivery, Last Mile Transportation, Logistics, SaaS, Software, Transportation",
Latitude,"Reims, Champagne-Ardenne, France, Europe",Series A,10000000,EUR,2022-06-29,https://www.latitude.eu,"Latitude, formerly known as Venture Orbital Systems, is a space technology company that offers launch solution for smallsats","Audacia, Bpifrance, COMAT, Constellia Capital, Crédit Mutuel Equity, Groupe ADF, La French Tech, Nicomatic, UI Investissement","Aerospace, Satellite Communication, Space Travel",
Siteflow,"Paris, Ile-de-France, France, Europe",Series A,10000000,EUR,2022-06-24,https://www.siteflow.com,"Siteflow is the first cloud-based field service management software for complex operations (Nuclear, Special Works, Oil&Gas,...)","360 Capital, Bpifrance, Siparex Groupe","Construction, SaaS, Software",
Cryptio,"Paris, Ile-de-France, France, Europe",Series A,10000000,USD,2022-06-06,https://cryptio.co,"Cryptio is a fintech and SaaS company that offer accounting, audit and tax software for digital assets.","Alven, Avantgarde Finance, BlueYard Capital, CoinShares, Draper Associates, Erez Mathan, Kima Ventures, Pascal Gauthier, Point Nine, Protocol Labs, SGH CAPITAL","Accounting, Analytics, Blockchain, Cryptocurrency, FinTech",
Axelor,"Champs-sur-marne, Ile-de-France, France, Europe",Series A,10000000,EUR,2022-05-05,https://www.axelor.com,"axelor is an IT company that provides ERP, CRM and BPM open source solutions.",Elevation Capital Partners,"CRM, Enterprise Resource Planning (ERP), Information Technology",
Veesion,"Paris, Ile-de-France, France, Europe",Series A,10000000,EUR,2022-03-10,http://veesion.io/,Veesion is a developer of intelligent video surveillance software to facilitate the detection of gestures associated with shoplifting.,"Aglaé Ventures, Constructive Venture Fund, Founders Future, Frederic Halley, ODYSSEE VENTURE, Techmind, Verve Ventures","Internet, Software",
La Bouche Rouge Paris,"Paris, Ile-de-France, France, Europe",Series A,10000000,EUR,2022-02-23,https://www.laboucherougeparis.com/,La Bouche Rouge is a seller of beauty products.,"Bpifrance, Chalhoub Group, Mirabaud Asset Management","Beauty, Cosmetics, Fashion",
Climb,"Paris, Ile-de-France, France, Europe",Series A,10000000,EUR,2022-02-08,https://www.climb.fr/,Climb is a FinTech that helps individuals achieve their financial goals by optimizing their taxes and investments.,"Alexandre Prot, Frédéric Jousset, NewAlpha Asset Management VC, Open CNP, Patrick Sayer, Steve Anavi, Teddy Riner","Advice, Consulting, Finance, Financial Services, FinTech, Guides, Personal Finance",
Yogosha,"Paris, Ile-de-France, France, Europe",Series A,10000000,EUR,2022-01-25,https://www.yogosha.com/,Yogosha is a french bug bounty platform.,"Axeleo Capital, BNP Paribas Développement, OneRagtime, Starquest Capital, Tikehau Capital, WILCO, Zenium Technology Partners(ZTP)","Collaboration, Cyber Security, Internet, SaaS, Security, Software",
Unkle,"Paris, Ile-de-France, France, Europe",Series A,10000000,EUR,2022-01-14,https://www.unkle.fr,Unkle is an insurance brokerage agency.,"Alma Mundi Ventures, CapHorn Invest, InnovAllianz, Patrick Weil","Credit, Insurance, InsurTech, Real Estate",
Deepomatic,"Paris, Ile-de-France, France, Europe",Series B,10000000,EUR,2022-11-28,http://www.deepomatic.com,Deepomatic is a visual automation platform that helps organizations and businesses with computer vision applications.,"Alven, EnBW New Ventures, Hi Inov - Dentressangle, Orbia Ventures, Swisscom Ventures","Artificial Intelligence (AI), Computer Vision, Image Recognition, Information Technology, Software",
Javelot,"Wasquehal, Nord-Pas-de-Calais, France, Europe",Series B,10000000,EUR,2022-09-26,https://www.javelot-agriculture.com/,Javelot provides the storage of agricultural raw materials.,"Crédit Agricole, IDIA Capital Investissement, NextStage AM, Sparkling Partners","Agriculture, Farming, Self-Storage",
FinFrog,"Paris, Ile-de-France, France, Europe",Series B,10000000,EUR,2022-06-28,https://finfrog.fr,FinFrog offers smart personal loans / FinFrog souffle un vent nouveau sur les prêts aux particuliers,"Isai, Raise Ventures","Financial Services, FinTech",
Stych,"Paris, Ile-de-France, France, Europe",Series B,10000000,USD,2022-05-20,https://www.stych.fr/,Stych is a driving school that offers people to organize their training online.,"Clarium Capital, Ring Capital","EdTech, E-Learning, Training",
Imagination Machine,"Nantes, Pays de la Loire, France, Europe",,10000000,EUR,2022-10-19,https://imagination-machine.com/,Imagination Machine Imagination Machine is a startup studio.,"Alexandre Launay, Bpifrance, Caisse d’Epargne, Cameleon Invest, CIC Ouest, Enowe, Francis Nappez, Frédéric De Gombert, French Tech Acceleration Fund","Business Development, Impact Investing, Venture Capital",
ID&AL Groupe,"Bordeaux, Aquitaine, France, Europe",,10000000,EUR,2022-09-20,https://www.ideal-groupe.com/,ID&AL Groupe is a real estate development company.,"Epopée Gestion, Inter Invest","Commercial, Real Estate",
Bird Office,"Paris, Ile-de-France, France, Europe",,10000000,EUR,2022-07-05,https://www.bird-office.com,Bird Office helps companies find the ideal venue for all of their corporate events.,"BNP Paribas Développement, Bpifrance, CapHorn Invest, Eurazeo, Financiere Saint James, Kima Ventures, Newsinvest, RAISE","Collaborative Consumption, Events, Information Technology, Professional Services, Rental",
Mon Chasseur Immo,"Montpellier, Languedoc-Roussillon, France, Europe",,10000000,EUR,2022-05-10,https://monchasseurimmo.com/,"Mon Chasseur Immo is a Real Estate, based in Languedoc Roussillon.","Galia Gestion, IRDI, IXO Private Equity, Sofilaro",Real Estate,
Peculium,"Nanterre, Ile-de-France, France, Europe",,10000000,EUR,2022-04-27,https://peculium.io/,Peculium is a blockchain platform that provides digital wealth management and savings solutions using cryptocurrency and AI technologies,The Global Emerging Markets Group,"Blockchain, Cryptocurrency, Financial Services, FinTech, Wealth Management",
Aleph Cloud,"Paris, Ile-de-France, France, Europe",,10000000,USD,2022-01-20,https://aleph.cloud,"Aleph Cloud is a distributed cloud platform that provides serverless computing services, file storage and database hosting to its users.","bitfwd, Ellipti, Incuba Alpha, NOIA Capital, NZVC, Owen Simonin, Rarestone Capital, Seven Capital Management, Stratos Technologies, Theia Ventures, Token Ventures, TRGC, Winkrypto, Zee Prime Capital","Blockchain, Cloud Computing, Cloud Infrastructure",
FINALCAD,"Paris, Ile-de-France, France, Europe",Private Equity,9600000,EUR,2022-05-12,http://www.finalcad.com,FINALCAD provides mobile apps and predictive analytics that helps construction stakeholders fix issues found on the building process.,"ADP, Aster, CapHorn Invest, Cathay Capital, Molten Ventures, Serena","Analytics, Apps, Construction, Mobile, Software",
Indeez,"Paris, Ile-de-France, France, Europe",Series A,9200000,USD,2022-01-27,https://indeez.eu,"Indeez is an insurtech company that provides income protection solutions for independent workers, gig workers, and freelancers.","Andreas Neuber, Christof Kutscher, Chris Varelas, Curtis Scott, Elaia, Frederic Tardy, Jon McNeill, Julien Codorniou, Mosaic Ventures, Oleg Tscheltzoff","Financial Services, Insurance, InsurTech",
Murfy,"Paris, Ile-de-France, France, Europe",Series B,9100000,USD,2022-07-27,https://murfy.fr,Home appliances repair service which promotes DIY and digitalizes the industry,Teampact ventures,"Consumer Goods, DIY, Home Appliances, Home Services",
Helios.do,"Paris, Ile-de-France, France, Europe",Seed,9000000,EUR,2022-04-22,https://www.helios.do/,Leading sustainable banking alternative - 100% transparent and dedicated to limite climate change,"Blissim, Hugues le Bret, Motier Ventures, Racine, Raise Ventures, Serena, Swile, Verve Ventures","Banking, Finance, FinTech, GreenTech, Impact Investing",
Bodyguard,"Nice, Provence-Alpes-Cote d'Azur, France, Europe",Series A,9000000,EUR,2022-03-10,https://www.bodyguard.ai/,"Bodyguard protects individuals, brands and businesses from online toxic content through a smart & autonomous AI moderation solution.","Keen Venture Partners, Ring Capital, Starquest Capital","Apps, Artificial Intelligence (AI), Cyber Security, Internet, Social Media, Software",
LaCollection,"Paris, Ile-de-France, France, Europe",Seed,8780000,EUR,2022-02-17,https://lacollection.io/,"LaCollection is a community of people passionate about art, culture and NFTs.","Aglaé Ventures, Alven, Artnova, Cygni Capital, Frédéric Jousset, Guillaume Houzé, Kima Ventures, LIAN Group, Motier Ventures, Nicolas Julia, Premier Janvier Capital, Thomas France",Art,
Micropep Technologies,"Ramonville-saint-agne, Midi-Pyrenees, France, Europe",Series A,8750000,EUR,2022-06-27,http://micro-pep.com/,Micropep Technologies is a biotech company that focused on biological alternatives to agrochemicals.,"Fall Line Capital, FMC Ventures, IRDI, Sofinnova Partners, Supernova Invest","Agriculture, Biotechnology, Chemical, Lead Generation",
Athome,"Sainte-luce-sur-loire, Pays de la Loire, France, Europe",Private Equity,8500000,EUR,2022-03-01,https://www.preservationdupatrimoine.fr/,"Athome offers home renovation solutions, including insulation, roofing, and advice on energy optimization.","Crédit Mutuel Equity, Fastéa Capital","Building Maintenance, Energy, Energy Efficiency, Home Renovation",
Meccellis Biotech,"La Rochelle, Poitou-Charentes, France, Europe",Series B,8250000,USD,2022-11-29,https://www.meccellis.com,Meccellis Biotech specializes in tissue and cell engineering.,"OCEAN PARTICIPATIONS, Région Nouvelle-Aquitaine, Synergence, VOLNEY DEVELOPPEMENT","Biopharma, Biotechnology, Life Science, Medical Device",
BeeBryte,"Lyon, Rhone-Alpes, France, Europe",Series C,8200000,EUR,2022-07-20,https://beebryte.com/,"BeeBryte remotely optimizes HVAC-R systems using AI to cut energy costs, ease operations, and ensure regulatory compliance.","Compagnie Nationale du Rhône - CNR, EREN Groupe","Energy, Energy Efficiency, Energy Management, Heating, Ventilation, and Air Conditioning (HVAC), Predictive Analytics, Real Estate, Renewable Energy, Smart Building, Software, Software Engineering",
BforCure,"Montreuil, Ile-de-France, France, Europe",,8200000,EUR,2022-03-16,https://www.bforcure.com/,BforCure designs and manufactures biosensing solutions for healthcare diagnostics and industrial applications.,,"Biotechnology, Health Care, Manufacturing, Medical",
Le Mercato de l'Emploi,"Salles-d'angles, Poitou-Charentes, France, Europe",Seed,8000000,EUR,2022-09-15,https://www.mercato-emploi.com,Mercato de l’Emploi is a national network of independent recruitment consultants.,"IXO Private Equity, Ring Capital","Consulting, Employment, Recruiting",
Albert School,"Paris, Ile-de-France, France, Europe",Seed,8000000,EUR,2022-06-07,https://en.albertschool.com/,Albert school is builds business and data education.,,"EdTech, Education, Tutoring",
Gadsme,"Paris, Ile-de-France, France, Europe",Seed,8000000,USD,2022-04-07,https://www.gadsme.com/,Gadsme is an advertising company that advertises for video games and esports.,"Galaxy Interactive, Ubisoft","Advertising, Online Games, Sports",
Zenride,"Paris, Ile-de-France, France, Europe",Seed,8000000,EUR,2022-03-28,https://zenride.co,Zenride provides company bike programs for employees.,"Alter Equity 3P, RATP Capital Innovation","Automotive, Rental, Social, Sustainability, Transportation",
VERA Dressing Virtuel,"Paris, Ile-de-France, France, Europe",Seed,8000000,EUR,2022-02-22,https://vera-app.fr/,"VERA optimizes the contents of your closet by offering outfit ideas based on your tastes, the weather and the occasion.",PERPETUA INVESTMENT GROUP,"Apps, Content, Fashion, Software",
Ejara,"Bordeaux, Aquitaine, France, Europe",Series A,8000000,USD,2022-11-28,https://www.ejara.io/,"Ejara is an app for Africa and its diasporas to access various investment offers fractional shares, commodities, cryptocurrency, and more.","Africa Venture Labs, Anthemis, Bpifrance, Circle Ventures, CoinShares, Dragonfly, EMURGO, HashKey Capital, Jason Yanowitz, Lateral Frontiers, Mercy Corps Ventures, Moonstake","Cryptocurrency, Financial Services",
Beeldi,"Paris, Ile-de-France, France, Europe",Series A,8000000,EUR,2022-11-13,http://www.beeldi.com/,The intelligent energy and regulatory diagnosis of tertiary and industrial buildings for better asset management.,"Citizen Capital, MAIF Avenir, Starquest Capital",Apps,
Lattice Medical,"Loos, Nord-Pas-de-Calais, France, Europe",Series A,8000000,EUR,2022-10-01,http://www.lattice-medical.com,Lattice Medical offers a 3D printed bioabsorbable medical device for breast reconstruction.,"Captech Santé, European Innovation Council, Finovam Gestion, Nord France Amorcage, WiSEED","3D Printing, Biotechnology, Health Care, Manufacturing, Medical, Medical Device",
ThePackengers,"Roissy-en-france, Ile-de-France, France, Europe",Series A,8000000,EUR,2022-05-09,https://www.thepackengers.com/en,ThePackengers is a logistics company that provides solutions with the help of information technology and services.,"Reflexion Capital, Weber Investissement","Logistics, Transportation, Warehousing",
Napta,"Paris, Ile-de-France, France, Europe",Series A,8000000,EUR,2022-03-22,https://www.napta.io,Napta is a SaaS solution helping companies to find the best match between their projects and their employees,"Kerala Ventures, Kima Ventures, MAIF Avenir","Cloud Computing, Enterprise Software, Internet, SaaS, Staffing Agency",
Hackuity,"Lyon, Rhone-Alpes, France, Europe",Series A,8000000,EUR,2022-03-15,https://www.hackuity.io/,Hackuity is a comprehensive cybersecurity solution that orchestrates and automates Vulnerability Management.,"Banque des Territoires, Bright Pixel Capital, The Caisse des Dépôts","Cyber Security, Information Technology, SaaS, Software",
Finary,"Paris, Ile-de-France, France, Europe",Series A,8000000,EUR,2022-02-24,https://finary.com/,Finary is a platform that allows everybody to track and manage their wealth online.,"Alexandre Prot, Eric Demuth, Hedosophia, Shapers, Speedinvest, Steve Anavi, Y Combinator","Financial Services, FinTech, Personal Finance, Wealth Management",
Poiscaille,"Paris, Ile-de-France, France, Europe",,8000000,EUR,2022-10-13,https://poiscaille.fr/,"Poiscaille produces seafood, fruit, and vegetable baskets.","Arkea Capital Investissement, IDIA Capital Investissement, NCI, Quadia","E-Commerce, Food and Beverage, Seafood",
Nous anti-gaspi,"Paris, Ile-de-France, France, Europe",,8000000,EUR,2022-07-11,http://www.nousantigaspi.com,We anti-Gapsi is an anti-waste grocery store.,"Danone Manifesto Venture, Eutopia VC, Quadia","Consulting, E-Commerce, Food and Beverage, Grocery, Retail",
Skillup,"Paris, Ile-de-France, France, Europe",,8000000,EUR,2022-04-08,http://www.skillup.co,Leading curated marketplace directly connecting companies with the best training providers with over 20 000 trainings and 50 000 reviews.,"Global Founders Capital, Hi Inov - Dentressangle, Kerala Ventures, Omnes Capital, Swen Capital Partners","Human Resources, Marketplace, Training",
GENERALE DU SOLAIRE,"Paris, Ile-de-France, France, Europe",,8000000,EUR,2022-01-01,https://www.gdsolaire.com/,"GENERALE DU SOLAIRE specialized in developing, engineering, procurement, construction (EPC), financing and operating solar power plants.",Inspired Evolution Investment Management,"Energy, Solar",
Cell-Easy,"Toulouse, Midi-Pyrenees, France, Europe",Pre-Seed,7800000,EUR,2022-02-28,http://cell-easy.com,Cell-Easy is a CDMO that specializes in preclinical and clinical drug development.,Bpifrance,"Biotechnology, Health Care",
Sonio,"Paris, Ile-de-France, France, Europe",Seed,7500000,EUR,2022-12-19,https://www.sonio.ai,"Sonio is an AI-based support platform for fetal ultrasound, helping practitioners analyze and diagnose congenital malformations.",European Innovation Council,"Artificial Intelligence (AI), Health Care, Health Diagnostics, Medical Device",
Rosaly,"Paris, Ile-de-France, France, Europe",Seed,7500000,USD,2022-09-13,https://www.rosaly.com,Rosaly is a financial service provider company.,"Audeo Ventures, Auxxo, Clocktower Technology Ventures, Fin Capital, FJ Labs, Frenchfounders, Haymaker, Haymaker Ventures, Karman Ventures, LeFonds by FrenchFounders, Sie Ventures, Treasury, Triton Capital","Financial Services, Service Industry",
ROSI,"Grenoble, Rhone-Alpes, France, Europe",Series A,7450000,EUR,2022-11-23,https://www.rosi-solar.com,ROSI is a French company that develops innovative raw material recycling and revalorization technologies for the PV industry.,"EIT InnoEnergy, European Innovation Council, ITOCHU Corporation","Energy, Renewable Energy, Solar",
Hero,"Paris, Ile-de-France, France, Europe",Seed,7400000,EUR,2022-07-13,https://www.heropay.eu,"A Single Platform to Bank, Accept Payments and Finance your company.","AA Sons, Barbora Winczerva, Berlin Venture Partners, Edward Lando, Fabrice Grinda, FJ Labs, Guillaume Princen, Joan Burkovic, Josef Bovet, Motive Ventures, Pareto Holdings, Perry Blacher, Peter O' Higgins, Philippe de Passorio, Rapyd Ventures, SquareOne Venture Capital, Steve Anavi","B2B, FinTech, Payments",
Ternoa,"Biarritz, Aquitaine, France, Europe",Seed,7300000,USD,2022-09-15,https://www.ternoa.network/,"Ternoa offers Blockchain technology to transfer data securely, anonymously, and without alienation nor intermediaries.","Digital Finance Group (DFG), Omnes Capital","Apps, Blockchain, Cryptocurrency, Network Security, Non-Fungible Token (NFT), Open Source",
Dogami,"Paris, Ile-de-France, France, Europe",Seed,7000000,USD,2022-12-13,https://dogami.com,Dogami is a mass-market NFT play-to-earn game that is centered around 3D NFT dog avatars.,"Blockchain Founders Fund, Bpifrance, Wagram Corporate Finance, XAnge",Online Games,
Kiliba,"Boulogne-billancourt, Ile-de-France, France, Europe",Seed,7000000,EUR,2022-11-08,https://www.kiliba.com,Kiliba is an email automation platform for e-commerce.,"Alix de Sagazan, Bertrand Jelensperger, Bleu Capital, Edward Lando, Frenchfounders, Geoffroy De Becdelièvre, Nadav Ben-Chanoch, Nima Karimi, Otium Capital, Pareto Holdings, Remi Aubert, Thibaud Hug de Larauze","Email Marketing, Marketing, Marketing Automation",
Teamstarter,"Paris, Ile-de-France, France, Europe",Seed,7000000,EUR,2022-11-02,https://www.teamstarter.co,Teamstarter is a crowdfunding platform that allows employees to fund internal projects with funds provided by their employers.,"Banque Populaire Group, Benoit Leclercq, Benoît Queyrel, Bertrand Leclercq, Nicolas Petrovic, ODYSSEE VENTURE, Patrick Dixneuf",Human Resources,
Benefiz,"Lille, Nord-Pas-de-Calais, France, Europe",Seed,7000000,EUR,2022-10-18,https://benefiz.fr,Benefiz is a benefits manager that enables employees to boost their purchasing power.,"Alexandre Prot, Arthur Waller, Edenred Capital Partners, Evolem Start, Financiere Saint James, Finorpa, OneRagtime, Purple, Xavier Niel","Employee Benefits, Finance, Health Insurance, InsurTech",
The Oasis House,"Paris, Ile-de-France, France, Europe",Seed,7000000,EUR,2022-10-12,https://www.theoasishouse.fr/,The Oasis House offers a collection of lifestyle houses for recurring stays and business conferences.,Otium Capital,"Hospitality, Leisure, Lifestyle",
Bene Bono,"Paris, Ile-de-France, France, Europe",Seed,7000000,EUR,2022-07-07,https://benebono.fr/,Bene Bono is an online store that provides seasonal fruit and vegetable products.,"Kima Ventures, Project A Ventures, Stride.VC","Food and Beverage, Food Processing, Manufacturing",
Charles.co,"Paris, Ile-de-France, France, Europe",Seed,7000000,EUR,2022-06-30,https://www.charles.co/,Charles helps men regain control over their daily health concerns by starting with their personal health.,"Kurma Partners, Speedinvest","Fitness, Health Care, Wellness",
auum,"Paris, Ile-de-France, France, Europe",Seed,7000000,EUR,2022-06-22,https://www.auum.com/,"auum is a machine that washes, disinfects, and dries glasses to replace plastic cups.","Foodles, Founders Future, MAIF Impact, Starquest Capital","CleanTech, Electronics, Manufacturing",
Dattak,"Paris, Ile-de-France, France, Europe",Seed,7000000,EUR,2022-06-21,https://www.dattak.io,Dattak provides cyber insurance solutions based on cybersecurity technologies.,"Matthieu Bébéar, XAnge","Cyber Security, Insurance, InsurTech, Risk Management",
Ellona,"Toulouse, Midi-Pyrenees, France, Europe",Series A,7000000,EUR,2022-10-19,https://www.ellona.io/,Ellona develops environmental intelligence solutions based devices for outdoor and indoor spaces.,"Airbus Ventures, Groupe ADP, M Capital Partners, PureTerra Ventures","Hardware, Industrial Manufacturing, Information Technology, Sensor, Wireless",
Moments Lab,"Boulogne-billancourt, Ile-de-France, France, Europe",Series A,7000000,EUR,2022-09-16,https://www.momentslab.com/,"Moments Lab develops AI technology for analyzing and organizing video content for media, sports, and brand organizations.","Dominique Edelin, Elaia, Supernova Invest","Artificial Intelligence (AI), Content, Software, Video",
Kard,"Paris, Ile-de-France, France, Europe",Series A,7000000,EUR,2022-07-11,https://kard.eu/,"Kard is a mobile banking alternative for the new generation. We make banking easy, accessible and transparent for teenagers.",,"Banking, Customer Service, Financial Services, FinTech, Mobile Apps, Mobile Payments, Payments, Personal Finance, Teenagers",
Club Employes,"Paris, Ile-de-France, France, Europe",Series A,7000000,EUR,2022-05-17,https://club-employes.com/,"Club Employes is an innovative web platform that offers hundreds of products, services at reduced prices to employees of French companies.","Bpifrance, MAIF Avenir","E-Commerce, Internet, Software, Web Hosting",
Jolimoi,"Paris, Ile-de-France, France, Europe",Series A,7000000,EUR,2022-04-20,https://www.jolimoi.com,Jolimoi is a social selling platform that allows passionate beauty aficionados to earn money through social selling.,"Nathalie Balla, Paul Le, Seventure Partners, Thierry Petit","E-Commerce, Fashion, Product Design",
Invivox,"Pessac, Aquitaine, France, Europe",Series A,7000000,EUR,2022-03-23,https://invivox.com/,Invivox is the first worlwide plateform connecting doctors for a practical in situ medical training in 1 to 1 or in very small group.,"Bpifrance, Educapital, Isai, MACSF, Wind","EdTech, Education, Health Care, Medical, Training",
dwbrobot,"Marseilles, Provence-Alpes-Cote d'Azur, France, Europe",Series B,7000000,USD,2022-07-11,https://www.dwbrobot.com,"Melayani usaha kecil dan menengah, menyediakan layanan pengolahan dan penyewaan robot untuk mengembangkan industri manufaktur",Elaia,"Consulting, Industrial, Manufacturing",
Semeia,"Paris, Ile-de-France, France, Europe",,7000000,EUR,2022-12-16,https://www.semeia.io,Semeia provides software that helps in medical followup and consultation.,"Banque des Territoires, Malakoff Humanis, Orange Ventures","Health Care, Software",
Esports Virtual Arenas,"Montreuil, Ile-de-France, France, Europe",,7000000,EUR,2022-07-15,https://www.eva.gg/fr/,Esports Virtual Arenas is a developer of virtual reality sports games.,"Bpifrance, Edward Lando, Pareto Holdings","Gaming, Sports, Video Games, Virtual Reality",
OQORO,"Lyon, Rhone-Alpes, France, Europe",,7000000,EUR,2022-06-30,https://monbelappart.com,Mon Bel Appart is a French real estate company that provides property management and consultancy services.,"Guillaume Poitrinal, Isai, Sophie Desmazieres","Consulting, Property Management, Real Estate",
Figures,"Paris, Ile-de-France, France, Europe",Seed,6800000,EUR,2022-09-07,https://figures.hr,"Figures provides real time compensation intelligence to companies, with the most extensive benchmark for European venture-backed companies.","Acadian Ventures, Bpifrance, Entrée Capital, Foreword Fund, Hugo Amsellem, Kima Ventures, Point Nine, Seedcamp, VAeX Capital Partners, Verve Ventures","Human Resources, Information Technology, Software",
Sline,"Paris, Ile-de-France, France, Europe",,6800000,EUR,2022-05-04,https://www.sline.io/,Sline is a SaaS solution that aggregates the services necessary to launch a rental offer on e-commerce sites.,"Crédit Agricole Consumer Finance, La Fabrique by CA","SaaS, Service Industry, Software",
Evy,"Paris, Ile-de-France, France, Europe",Seed,6500000,EUR,2022-10-25,https://www.evy.eu/,Evy Merchants provides product protection services.,"Adrien Nussenbaum, Financiere Saint James, Global Founders Capital, La Famiglia, Michael Benabou, Motier Ventures, Raphael Vullierme, Sequoia Capital, Xavier Niel","Commercial, Marketplace, Service Industry",
Fairbrics,"Clichy, Ile-de-France, France, Europe",Seed,6500000,EUR,2022-03-09,http://www.fairbrics.co,"Fairbrics is a company that gives fashion brands and their customers, and uses CO2 waste to manufacture virgin synthetic fabrics.","AP Ventures, H&M Group Ventures, Sake Bosch","Chemical, Product Research, Textiles",
Eurekam,"La Rochelle, Poitou-Charentes, France, Europe",,6400000,EUR,2022-10-05,http://www.eurekam.fr,Eurekam is a publisher of video-digital solutions for controlling drug production processes.,Impact Partenaires,"Computer, Consulting, Health Care",
Wiiisdom (formerly GB&SMITH),"Lille, Nord-Pas-de-Calais, France, Europe",Private Equity,6000000,EUR,2022-10-19,http://www.wiiisdom.com/,Wiiisdom is a software vendor that specializes in Analytics Governance Solutions. They help anyone consuming data to make trusted decision.,Isatis Capital,"Analytics, Business Intelligence, Software, Software Engineering",
FoodLab,"Roubaix, Nord-Pas-de-Calais, France, Europe",Seed,6000000,EUR,2022-10-10,https://www.foodlab-france.com/,FoodLab is a foodcourt that hosts and incubates caterers who want to grow their meal-selling businesses.,UI Investissement,"Food and Beverage, Restaurants",
Sweetch Energy,"Rennes, Bretagne, France, Europe",Seed,6000000,EUR,2022-09-20,https://sweetch.energy,Sweetch Energy is created to leverage most recent academic discoveries in nanotechnologies and materials in the blue osmotic energy field.,"Compagnie Nationale du Rhône - CNR, Demeter, EDF Renewable Energy, Future Positive Capital, GO CAPITAL","Energy, Renewable Energy",
Obat,"Nantes, Pays de la Loire, France, Europe",Seed,6000000,EUR,2022-09-18,https://www.obat.fr,Obat develops SaaS software for contractors and the self-employed for invoicing.,"Evolem Start, Holnest, Truffle Capital","Information Technology, IT Infrastructure, Software, Software Engineering",
royaltiz,"Paris, Ile-de-France, France, Europe",Seed,6000000,EUR,2022-06-28,https://www.royaltiz.com/market,royaltiz is the first platform to invest in the success of celebrities. Are you ready to find the next superstar?,,"Finance, FinTech, Peer to Peer, Stock Exchanges, Trading Platform",
Healshape,"Villeurbanne, Rhone-Alpes, France, Europe",Seed,6000000,EUR,2022-06-28,https://healshape.com/,Healshape is a 3D bioprinting regenerative medecine company.,"Angels Santé, Bpifrance, Crédit Agricole, Demeter, GO CAPITAL, WinEquity","3D Printing, Biotechnology",
Omi,"Paris, Ile-de-France, France, Europe",Seed,6000000,EUR,2022-06-27,https://www.omi.so,Omi is a 3D application that offers e-commerce and social media solutions.,"Alexis Bonillo, Daniel Marhely, Dawn Capital, Edward Lando, Famillie C (Clarins Family), Financiere Saint James, Marc Menasé, Motier Ventures, Nadav Ben-Chanoch, Purple","3D Technology, Apps, Artificial Intelligence (AI), Information Technology, Internet, Machine Learning, Photo Editing",
Leanspace,"Illkirch-graffenstaden, Alsace, France, Europe",Seed,6000000,EUR,2022-06-22,https://leanspace.io,"Leanspace is the first cloud platform for space missions, enabling companies and agencies to easily build space software.","42CAP, Bpifrance, Herius Capital, Karista","Cloud Computing, Information Technology, Satellite Communication, Software, Space Travel",
WeeKEra,"Nîmes, Languedoc-Roussillon, France, Europe",Seed,6000000,EUR,2022-06-09,https://weekera.teamtailor.com/,WeeKEra is developing an augmented payroll solution for chartered accountants.,Drakarys,"Finance, Financial Services, Payments",
Palette,"Paris, Ile-de-France, France, Europe",Seed,6000000,USD,2022-05-18,https://palettehq.com/en,"Palette develops a sales compensation software that helps companies easily create, manage, and automate compensation plans.","Aaron Epstein, Adam Pettit, Bain Capital Ventures, Boris Paillard, Dalton Caldwell, Danny Zoro, Ilias Hicham, Julien Lemoine, Kima Ventures, Kyle Porter, Liquid 2 Ventures, Mathilde Collin, Nick Mehta, Nicolas Dessaigne, Peter Kazanjy, Reshma Khilnani, Thejo Kote, TwentyTwo VC","B2B, Direct Sales, Sales, Sales Automation, Software",
Athenian,"Paris, Ile-de-France, France, Europe",Seed,6000000,USD,2022-03-02,https://athenian.com/,Athenian is a platform that helps engineering leaders leverage insights and align teams with company goals.,"Abstraction Capital, Air Street Capital, Chris Schagen, Frst, Julien Lemoine, Point Nine, Renaud Visage, Sam Ramji, The Twenty Minute VC, Xavier Niel","Analytics, Developer Tools, Software",
Vianova,"Paris, Ile-de-France, France, Europe",Series A,6000000,EUR,2022-12-21,https://www.vianova.io,Vianova is a mobility data platform for managing connected and shared mobility in the urban public realm.,"Bâloise Holding, Contrarian Ventures, La Poste Ventures, Ponooc, RATP Capital Innovation, XAnge","Big Data, Information Technology, Logistics, Transportation",
Aniah,"Grenoble, Rhone-Alpes, France, Europe",Series A,6000000,EUR,2022-11-21,https://www.aniah.fr/,Aniah specializes in chip design closure and full-chip analysis at the transistor level.,"BNP Paribas Développement, Bpifrance, Crédit Agricole, Supernova Invest","Electronic Design Automation (EDA), Information Technology, Semiconductor, Software",
Audion,"Paris, Ile-de-France, France, Europe",Series A,6000000,EUR,2022-11-15,https://www.audion.ai/,Audion transforms audio advertising into scalable performance with AI-driven optimization.,"Elevation Capital Partners, Founders Future","Advertising Platforms, Agentic AI, Audio, Generative AI, Internet Radio, Podcast",
Y-Brush,"Lyon, Rhone-Alpes, France, Europe",Series A,6000000,EUR,2022-11-15,https://y-brush.com,Y-Brush manufactures electric toothbrushes with sonic vibration.,"Banque Populaire RhÃ'ne Alpes, Benoit Petit, BNP Paribas, Bpifrance, Crédit Mutuel Equity, E. Binhas, Laurent Fiard, Lionel Schmitt, Marc Sudreau, P. Yacharel, Thibault Hagler, Valérie Poinsot, Vivacto Développement, Wendie Renard, Y. Boujnah","Consumer Electronics, Electronics, Personal Health, Wellness",
Beebs,"Créteil, Ile-de-France, France, Europe",Series A,6000000,EUR,2022-10-19,https://www.beebs.app/,Beebs is the first C2C marketplace for parents & their kids.,"Citizen Capital, Isai, Mercari","E-Commerce, Marketplace, Mobile Apps, Shopping",
DeepLife,"Vernon, Centre, France, Europe",Series A,6000000,EUR,2022-10-18,https://deeplife.co/,DeepLife uses deep learning on multi-omics data to model cells and efficiently engineer their behavior.,"Bpifrance, Entrepreneurs First, Kima Ventures, Mid Atlantic Bio Angels","Artificial Intelligence (AI), Biotechnology, Machine Learning",
Ermium Therapeutics,"Paris, Ile-de-France, France, Europe",Series A,6000000,EUR,2022-06-30,https://www.ermium.com/,Ermium Therapeutics is a biotech company developing innovative therapies for auto-immune diseases.,"Fountain Healthcare Partners, Kurma Partners","Biotechnology, Health Care, Pharmaceutical",
Sintermat,"Montbard, Bourgogne, France, Europe",Series A,6000000,EUR,2022-06-01,https://sinter-mat.com/en/homepage/,"Sintermat designs and produces wearable, structural, and materials for the packaging, defense, and industrial tooling sectors.","Bpifrance, Crédit Agricole, Safran Corporate Ventures, UI Investissement","Consumer Goods, Product Design, Recycling",
Beamy,"Paris, Ile-de-France, France, Europe",Series A,6000000,USD,2022-04-19,https://beamy.io/,Beamy helps large organisations embrace SaaS explosion with a continuous SaaS audit technology combined with a powerful governance platform.,"Aglaé Ventures, Erwan Keraudy, Evolem Start, Frenchfounders, Isai, Nick Hernandez","Information Technology, SaaS, Software",
Homeland Immo,"Paris, Ile-de-France, France, Europe",Series A,6000000,EUR,2022-03-01,http://www.homeland.immo/,Homeland is an operator of a building management company dedicated to office and residential buildings.,"Banque des Territoires, Newfund, Reflexion Capital","Facilities Support Services, Home Services, Information Technology, Property Management, Real Estate",
Cartan Trade,"Paris, Ile-de-France, France, Europe",,6000000,EUR,2022-12-14,https://www.cartantrade.com/,Cartan Trade is a financial firm that offers credit insurance services.,Intact Financial,Insurance,
Wizaly,"Paris, Ile-de-France, France, Europe",,6000000,EUR,2022-09-15,https://www.wizaly.com,Marketing attribution platform,"Ankaa Ventures, Frenchfounders, Galia Gestion, Innovacom","Advertising, Analytics, SaaS",
Cosmo Connected,"Paris, Ile-de-France, France, Europe",,6000000,EUR,2022-06-25,http://www.cosmoconnected.com,The Leader in Connected Safety in Urban Mobility.,"Adrien Dassault, Gary Anssens, Patrice Pastor, Sarona Ventures","Mobile Apps, Software, Wireless",
LeHibou,"Boulogne-billancourt, Ile-de-France, France, Europe",,6000000,EUR,2022-05-20,https://www.lehibou.com,LeHibou is a big data platform that connects freelance IT consultants.,Ring Capital,"Freelance, Information Technology, Recruiting",
Eldo,"Toulouse, Midi-Pyrenees, France, Europe",,6000000,EUR,2022-05-02,https://pro.eldo.com/,"Eldo supports professionals and brands in the home improvement sector in the digitalization of their communication, commercial management.","Grand Sud Ouest Capital, IRDI SORIDEC Gestion, M Capital Partners, Sofiouest",Software,
Pianity,"Paris, Ile-de-France, France, Europe",Seed,5850000,EUR,2022-03-02,https://pianity.com/,"Pianity is where artists and fans gather to create, collect and trade unique digital artworks.","ArkStream Capital, Arweave, Big Brain Holdings, Digital Renaissance, Foresight Ventures, IOSG Ventures, LD Capital, LongHash Ventures, Rand Hindi, Ronny Shibley, Sebastien Borget, ViaBTC Capital","Information Technology, Music, Software",
Edda,"Paris, Ile-de-France, France, Europe",Seed,5800000,USD,2022-09-07,https://www.edda.co,Edda specializes in flow management solutions for business investors,"Arnaud Bonzom, FJ Labs, Future Shape, Mucker Capital, Plug and Play","Financial Services, SaaS, Software, Venture Capital",
Pepette,"Paris, Ile-de-France, France, Europe",Series A,5700000,EUR,2022-06-21,https://pepette.co/,Pepette provides pet food.,"Ambrosia Investments, Augustin Paluel-Marmont, Franck Bonfils, GO CAPITAL",Pet,
Payflows,"Paris, Ile-de-France, France, Europe",Seed,5500000,USD,2022-10-18,https://www.payflows.io/,Payflows is a FinTech company that develops a SaaS platform for finance teams.,"Christer Holloman, Headline, Kaushik Subramanian, Mischief, Motier Ventures, Ribbit Capital, Salomon Aiach","Financial Services, FinTech, Payments, SaaS",
Request Finance,"Paris, Ile-de-France, France, Europe",Seed,5500000,USD,2022-06-08,https://request.finance,"Request Finance provides a financial management platform for businesses to handle cryptocurrency invoicing, payroll, and expenses.","Animoca Brands, Balderton Capital, Draper Startup House Ventures, Jim Baldy, Julien Bouteloup, Michael Kong, Sebastien Borget, Stani Kulechov, XAnge","Blockchain, Cryptocurrency, FinTech, Human Resources",
Dracula Technologies,"Valence, Ile-de-France, France, Europe",Series A,5500000,EUR,2022-09-20,http://www.dracula-technologies.com/,At Dracula technologies we have invented a sustainable source of energy that turns ambient light into electricity for low power devices,,"Information Services, Technical Support",
SiVIEW,"Paris, Ile-de-France, France, Europe",Series A,5500000,EUR,2022-09-13,https://siviewtech.com,SiVIEW specializes in providing IT solutions to find prescribed eyeglasses.,LBO France,"Eyewear, Information Technology, Medical, Software",
Champagne EPC,"Vindey, Champagne-Ardenne, France, Europe",Series A,5500000,EUR,2022-09-09,https://www.epc-champagne.com,Champagne EPC is producer of quality champagne offered to provide a real positive experience to anyone tasting the champagne.,"Kima Ventures, Mulliez Family Association","Brand Marketing, Food and Beverage, Wine And Spirits",
Cashbee,"Paris, Ile-de-France, France, Europe",Series A,5500000,EUR,2022-05-05,https://www.cashbee.fr/,Cashbee is a mobile application to helps save money with budget analysis tools based on artificial intelligence.,"AA Sons, Adrien Montfort, La Banque Postale, My Money Group, Romain Afflelou","Artificial Intelligence (AI), Financial Services, FinTech, Mobile Apps",
Pubstack,"Paris, Ile-de-France, France, Europe",Series A,5500000,EUR,2022-03-22,https://pubstack.io/,"Pubstack helps digital publishers connect, control, monitor, and optimize all their monetization sources across all screens and ad formats.","GO CAPITAL, Herve Brunet, Isai, Jean Canzoneri","Information Technology, Software",
Archeon,"Besançon, Franche-Comte, France, Europe",Series A,5500000,EUR,2022-03-16,http://www.archeon-medical.com/,"Archeonis fully dedicated to the development of innovative solutions for the monitoring, diagnosis and treatment of critically ill patients.","Bpifrance, Daphni, Karot Capital, Majycc Innovation Santé",Medical Device,
Inseco,"Poitiers, Poitou-Charentes, France, Europe",Seed,5300000,USD,2022-04-21,https://www.altioremt.fr,"Inseco is an IT company that specializes in management solutions, ERP, CRM, GED, HR, and business solutions.","E4EAfrica, Futuregrowth Asset Management, Oak Drive ventures","CRM, Enterprise Resource Planning (ERP), Information Technology, Software",
Cintoo,"Sophia Antipolis, Provence-Alpes-Cote d'Azur, France, Europe",Series A,5300000,EUR,2022-01-27,https://cintoo.com/,Cintoo develops technologies and solutions for managing and leveraging the 3D data coming from Reality Capture devices in the cloud.,"Accenture Ventures, AMAVI Capital, Armilar Venture Partners, Région Sud Investissement, UI Investissement","Information Technology, Software",
HeyTeam,"Paris, Ile-de-France, France, Europe",,5100000,EUR,2022-04-04,http://www.heyteam.com,HeyTeam is an innovative solution that helps you manage your onboarding/offboarding process in a new way.,"360 Capital, Acurio Ventures, Axel MANOUKIAN, Hugo Manoukian, Jonathan Azoulay, Olivier Severyns, Sabina Tommasi","Computer, Internet, Software",
Biomemory,"Paris, Ile-de-France, France, Europe",Seed,5000000,EUR,2022-11-28,https://www.biomemory.com/,Biomemory leverages molecular engineering to build exabyte appliances for data centers,"Bpifrance, Eric Carreel, eureKARE, Flavien Kulawik, Jean-David Benichou, Octave Klaba, Paris Business Angels, Prunay Impact Studio, Radouane Kharbichi","Biotechnology, Data Center, Data Storage, Electronics",
Tropee,"Paris, Ile-de-France, France, Europe",Seed,5000000,EUR,2022-11-22,https://www.tropee.com,"Tropee helps creators grow faster by engaging their fans with rewards — all with one, simple link.","Edward Lando, Gregoire le Jeune, Lorens Huculak, Pareto Holdings, Sebastien Borget, Thibault Launay, Tioga Capital Partners, Venista Ventures","Business Development, Internet",
Livmed's,"Nice, Provence-Alpes-Cote d'Azur, France, Europe",Seed,5000000,EUR,2022-11-22,https://livmeds.com,Livmed's is a software platform that provides home medicine delivery services for fellow citizens and healthcare players.,"Bpifrance, CMA CGM, Sanofi","Delivery Service, Health Care, Medical, Pharmaceutical, Software",
Hummink,"Paris, Ile-de-France, France, Europe",Seed,5000000,EUR,2022-11-15,https://hummink.com/,Hummink develops additive manufacturing technology designed to provide tools to design and manufacture at the nanoscale.,"Bpifrance, Elaia, PSL Ventures, Sensinnovat","Electronics, Industrial, Manufacturing",
Faume,"Paris, Ile-de-France, France, Europe",Seed,5000000,EUR,2022-11-09,https://www.faume.co/,Faume provides a white label technological and logistics solution to brands wishing to launch their second-hand offer.,"Bpifrance, Daphni","Consumer Goods, E-Commerce, Marketplace, Retail, Software",
LETTRIA,"Paris, Ile-de-France, France, Europe",Seed,5000000,EUR,2022-10-13,https://lettria.com,LETTRIA is one of the most advanced Natural Language Processing players in the French-speaking market.,"Galion.exe, Jezby Ventures","Artificial Intelligence (AI), Education, Software",
Fairly Made,"Paris, Ile-de-France, France, Europe",Seed,5000000,EUR,2022-10-10,https://www.fairlymade.com/,Fairly Made is an environmentally friendly fashion provider dedicated to helping brands create a transparent procurement model.,"ETF Group, Frenchfounders, LeFonds by FrenchFounders","B2B, Environmental Consulting, Fashion, Sustainability",
Julaya,"Paris, Ile-de-France, France, Europe",Seed,5000000,USD,2022-09-21,https://julaya.co,Julaya is a fintech providing African businesses with a digital account to make payments and borrow.,"50 Partners, Édouard Mendy, EQ2 Ventures, Jedar Capital, Kibo Ventures, Mohammed Diab, Orange Ventures, Saviu Ventures, Speedinvest, Unpopular Ventures","Financial Services, FinTech, Mobile Payments",
Voltaire,"Paris, Ile-de-France, France, Europe",Seed,5000000,EUR,2022-08-31,https://voltaire.bike/en/,"Voltaire develops and markets electric bikes with a vintage look, designed to meet the demands of everyday urban use.",EWO Capital,"Fitness, Wellness",
Orus,"Paris, Ile-de-France, France, Europe",Seed,5000000,EUR,2022-07-06,https://www.orus.eu,Orus provides simple and transparent insurance coverage for small business owners.,"Arthur Waller, Christophe Triquet, Foreword Fund, Frst, Partech, Pierre-Olivier Desaulle, Portage Ventures, Raphael Vullierme","Finance, Financial Services, Insurance",
Sonio,"Paris, Ile-de-France, France, Europe",Seed,5000000,EUR,2022-06-29,https://www.sonio.ai,"Sonio is an AI-based support platform for fetal ultrasound, helping practitioners analyze and diagnose congenital malformations.","Bpifrance, Elaia, OneRagtime","Artificial Intelligence (AI), Health Care, Health Diagnostics, Medical Device",
Mium Lab,"Paris, Ile-de-France, France, Europe",Seed,5000000,EUR,2022-06-15,https://www.miumlab.com/,Mium Lab is specializing in food supplements in the form of vitamin-enriched fruit gummies.,"Aquasourca, François Videlaine, Guy Stephan, Hubert Patricot, Mandi Ventures, Marc Valerius de Beffort, Olivier Thomas","Fitness, Food and Beverage, Nutrition, Wellness",
Kiln,"Paris, Ile-de-France, France, Europe",Seed,5000000,USD,2022-05-19,https://www.kiln.fi/,Kiln creates an enterprise-level pledge platform and provides one-click pledge services for encrypted assets.,"Alven, BlueYard Capital, Kima Ventures, Shana Fisher, SV Angel, Third Kind Venture Capital",,
Maskott,"Le Puy-en Velay, Auvergne, France, Europe",Seed,5000000,EUR,2022-05-04,http://maskott.com/,Maskott provides efficient and universal digital pedagogical solutions.,"Arkea Capital Investissement, Banque des Territoires, Crédit Mutuel Arkéa, UI Investissement","CRM, Education, Information Technology, Software",
Animaj,"Paris, Ile-de-France, France, Europe",Seed,5000000,EUR,2022-05-01,https://www.animaj.com,"Animaj empowers the next generation by telling them interesting and engaging stories that encourage them to imagine, explore, and create.","Daphni, Kima Ventures, Motier Ventures, XAnge","B2C, Information Services, Media and Entertainment",
Tempr,"Paris, Ile-de-France, France, Europe",Seed,5000000,USD,2022-04-19,https://www.tempr.ai,Tempr predicts the future of mobile advertising revenues to maximize the return on Ad spending.,Adikteev,"Advertising, Marketing",
Polaris,"Quimper, Bretagne, France, Europe",Seed,5000000,EUR,2022-03-29,https://www.polaris.fr/,"Polaris is a leader in the Foodtech sector producing high-quality Omega3 oils, rich in EPA and DHA, from fish historically, and microalgae.",Seventure Partners,"Biotechnology, Food and Beverage",
Flowlity,"Paris, Ile-de-France, France, Europe",Seed,5000000,EUR,2022-03-10,http://www.flowlity.com,"SaaS using AI to build resilient supply chain, predict sales and consumptions and optimize inventories","42CAP, Bpifrance, Fortino Capital, OSS Ventures","Artificial Intelligence (AI), Information Technology, Machine Learning, SaaS, Software, Supply Chain Management",
Qobra,"Paris, Ile-de-France, France, Europe",Seed,5000000,EUR,2022-03-01,https://www.qobra.co,Qobra is the next-generation sales compensation software increasing sales teams performance.,"BREEGA, Didier Valet, Nicolas Douay","SaaS, Sales, Software",
Yavin,"Paris, Ile-de-France, France, Europe",Seed,5000000,EUR,2022-02-24,https://yavin.com,Yavin provides modern point-of-sale solutions for European merchants.,"Andrew Nutter, New Wave (VC), Seedcamp","Information Technology, Point of Sale, Software",
Meilisearch,"Paris, Ile-de-France, France, Europe",Seed,5000000,USD,2022-01-27,https://www.meilisearch.com/,Open-source search engine API,"CRV, Guillermo Rauch, LocalGlobe, Robin Vasan, Seedcamp","Cloud Computing, Developer APIs, Developer Tools, Open Source, SaaS, Search Engine, Semantic Search, Software, Vertical Search",
Telelogos,"Angers, Pays de la Loire, France, Europe",Series A,5000000,EUR,2022-11-15,http://www.telelogos.com,Telelogos develops professional software packages that automate and administer exchanges between the CIS and remote devices.,Crédit Mutuel Equity,"Computer, Mobile Apps, Mobile Devices, Software",
LE DRIVE TOUT NU,"Beauzelle, Midi-Pyrenees, France, Europe",Series A,5000000,EUR,2022-07-05,https://ledrivetoutnu.com/,LE DRIVE TOUT NU is a startup of Consumers services Buyer aid.,"Colam Impact, France Active, MAIF Impact, Makesense Seed I, One Creation, The Daniel and Nina Carasso Foundation","Consumer Goods, Retail",
EasyPicky,"Montpellier, Languedoc-Roussillon, France, Europe",Series A,5000000,EUR,2022-06-27,https://easypicky.com/fr,Easypicky provides quick image identification technology that improves planogram control from any on-board system.,"Frederic Halley, IRDI SORIDEC Gestion, Spring Invest","Information Technology, Software",
Volt,"Montrouge, Ile-de-France, France, Europe",Series A,5000000,USD,2022-06-01,https://www.volt-corp.com/,Leader français de la distribution de trottinettes et scooters électriques,Elevation Capital Partners,Sales,
Shotgun,"Paris, Ile-de-France, France, Europe",Series A,5000000,EUR,2022-06-01,https://www.shotgun.live/events,Shotgun is a global underground nightlife guide and ticketing solution.,OneRagtime,"Internet, Nightlife, Ticketing",
DAMAE Medical,"Paris, Ile-de-France, France, Europe",Series A,5000000,EUR,2022-02-03,http://www.damae-medical.com,DAMAE Medical develops an innovative imaging process for quick and non-invasive skin cancer detection.,"BNP Paribas Développement, Kurma Partners, Paris-Saclay Seed Fund","Biotechnology, Health Care, Medical, Medical Device",
Easyblue,"Paris, Ile-de-France, France, Europe",Series A,5000000,EUR,2022-01-28,https://www.easyblue.io,Easyblue makes your entrepreneurial adventure safer by empowering you to pilot your risks through our risks coaching platform.,,"Commercial Insurance, Insurance, InsurTech",
Cureety,"Dinan, Bretagne, France, Europe",Series A,5000000,EUR,2022-01-24,https://www.cureety.com/,Cureety is a telemedicine startup that improves the follow-up and care of patients.,"Bpifrance, Crédit Agricole, Credit Mutuel, Groupama, MBA Mutuelle","Health Care, Medical, Telehealth",
WAAM Cosmetics,"Savigny-sur-orge, Ile-de-France, France, Europe",Series B,5000000,EUR,2022-06-27,https://waamcosmetics.com/,"WAAM Cosmetics is a natural, eco-friendly, vegan & cruelty free beauty products.","Arkea Capital Investissement, Karot Capital","Beauty, Cosmetics",
RollingFunds,"Paris, Ile-de-France, France, Europe",Series B,5000000,EUR,2022-02-08,https://www.rolling-funds.com,RollingFunds is a credit management platform that provides loans for small businesses.,"AG2R La Mondiale, Arundo Re, PRO BTP, Truffle Capital","Finance, Financial Services, FinTech, Information Technology, Small and Medium Businesses",
Elicit Plant,"Vilhonneur, Poitou-Charentes, France, Europe",,5000000,USD,2022-12-19,https://www.elicit-plant.com,Elicit Plant is an agro-biotech company thatfocuses on enhancing the resilience of crops under drought conditions through natural processes.,European Innovation Council,"Agriculture, AgTech, Biotechnology",
Umi,"Lyon, Rhone-Alpes, France, Europe",,5000000,EUR,2022-10-10,https://umi-innovation.com,Umi is a technology company that develops customized solutions to promote business growth for organizations.,,"Digital Marketing, Professional Networking, Sales",
Oé,"Lyon, Rhone-Alpes, France, Europe",,5000000,EUR,2022-10-10,https://oeforgood.com,Oé is an online store that sells a wide collection of wines.,Demeter Partners,"Delivery Service, E-Commerce, Wine And Spirits",
Pytheas Capital Advisors,"Paris, Ile-de-France, France, Europe",,5000000,EUR,2022-09-05,https://www.pytheascapital.com,Pytheas Capital Advisors is a financial advisory company.,"Bpifrance, Crédit Mutuel Arkéa","Email, Financial Services, Innovation Management, Service Industry, Sustainability",
DCbrain,"Paris, Ile-de-France, France, Europe",,5000000,EUR,2022-06-21,http://www.dcbrain.com/,DCbrain is a deep-tech SaaS company that offers an optimization platform using AI and Hybrid AI algorithms.,"28DIGITAL, Aster, Bpifrance, Breed Reply, Cowin Capital, EIT InnoEnergy, Statkraft Ventures","Artificial Intelligence (AI), Big Data, Machine Learning, SaaS, Software, Supply Chain Management",
Dynveo,"Teyran, Languedoc-Roussillon, France, Europe",,5000000,EUR,2022-06-16,https://www.dynveo.fr/,Dynveo is a manufacturer and retailer of antioxidant anti-aging products.,"BNP Paribas Développement, Sofilaro","Dietary Supplements, Health Care, Manufacturing, Retail",
Ciloa,"Montpellier, Languedoc-Roussillon, France, Europe",,5000000,EUR,2022-03-08,https://www.ciloa.fr/,Ciloa is a uniquely positioned to support your projects aiming to create new therapeutic.,,"Legal, Medical, Therapeutics",
YouScribe,"Paris, Ile-de-France, France, Europe",,5000000,EUR,2022-02-11,http://youscribe.com,YouScribe is a community platform for sharing and selling digital publications in France.,"Banque des Territoires, Habert Dassault Finance, IRIS Capital Investment, TDH Capital","Communities, E-Commerce, Sharing Economy",
Ascor Communication,"Rennes, Bretagne, France, Europe",,5000000,EUR,2022-01-25,https://www.ascor-communication.fr,Ascor Communication is a holding company with private and family shareholders whose vocation is to invest in digital and distance learning.,"Bpifrance, Crédit Mutuel Arkéa",E-Learning,
Endrix,"Lyon, Rhone-Alpes, France, Europe",,5000000,EUR,2022-01-05,http://www.groupesfc.fr/,Endrix Their policy is geared towards quality and customer satisfaction,"BNP Paribas Développement, Bpifrance","Accounting, Business Intelligence, Consulting",
Lisaqua,"Nantes, Pays de la Loire, France, Europe",Seed,4900000,EUR,2022-03-01,https://www.lisaqua.com/,Lisaqua is developing an aquaculture system to grow prawns without antibiotics and with low environmental impact.,"Bpifrance, CIC Ouest, Le Gouessant, LITTO INVEST","Agriculture, Aquaculture, Farming",
Atekka,"Paris, Ile-de-France, France, Europe",,4900000,EUR,2022-09-07,https://www.atekka.fr,Atekka is a new generation agricultural insurance company.,"Agro Invest, Invivo Capital Partners","Agriculture, Financial Services, Insurance",
Capsule Labs,"Biarritz, Aquitaine, France, Europe",Seed,4800000,EUR,2022-10-12,https://www.capsulecorplabs.com,Capsule Labs is a technology solutions provider that facilitates digital asset transmission and the creation of utility NFTs.,"Digital Finance Group (DFG), Omnes Capital, Revam","Blockchain, Cryptocurrency, Information Technology, Software",
Le Fourgon,"Marquette Lez Lille, Nord-Pas-de-Calais, France, Europe",Seed,4500000,EUR,2022-09-15,https://www.lefourgon.com,"Le Fourgon offers milk, water, beer, wine, fruit juice, and sodas.","Id4 ventures, Kima Ventures, Teampact ventures","CleanTech, Food and Beverage, Hospitality",
Arkania,"Paris, Ile-de-France, France, Europe",Seed,4500000,USD,2022-03-14,,B2B API solution for brands to create and sell online NFTs directly on their platforms,"Bertrand Jacquelot, Global Founders Capital, La Famiglia, Motier Ventures, Sequoia Capital, TQ Ventures","Blockchain, Cryptocurrency, E-Commerce",
JOIN,"Paris, Ile-de-France, France, Europe",Seed,4500000,EUR,2022-02-10,https://www.join-stories.com/,"JOIN offers a turnkey solution for creating, publishing, and monetising stories on all communication channels.","Financiere Saint James, Purple, Seedcamp, XAnge","Marketing, Publishing",
Placeshaker,"Issy-les-moulineaux, Ile-de-France, France, Europe",,4500000,EUR,2022-01-19,https://www.placeshaker.fr,Placeshaker publishes and designs specialized project management software for renovation and rehabilitation sites.,"Finorpa, NextStage, Ouest Croissance","Architecture, Construction, Information Services, Information Technology, Interior Design, Software",
Vendredi,"Paris, Ile-de-France, France, Europe",Series A,4400000,EUR,2022-03-24,https://www.vendredi.cc,Vendredi is a civic engagement platform that simplifies the management of all the solidarity actions of a company,"Aonia Ventures, Cedric Sellin, Christophe Poupinel, Evolem Start, INCO Ventures, Kayo Hattori, Polymatter Ventures, Thierry Petit, Thierry Vandewalle",Human Resources,
Vnaya Village,"Le Perrier, Pays de la Loire, France, Europe",,4400000,EUR,2022-01-06,,"Vnaya Village offers luxury hotel, resort and services.",Epopée Gestion,"Hospitality, Hotel, Professional Services",
LinKinVax,"Paris, Ile-de-France, France, Europe",Seed,4350000,EUR,2022-02-10,https://ennodc.com/,LinKinVax operates as a clinical-stage biotechnology company.,"Alain Tingaud, André-Jacques Auberton-Hervé, Geoffrey Duyk, Giorgio Anania, Jean-Paul Kress, Rémi Gaston- Dreyfus","Biotechnology, Clinical Trials, Health Care, Life Science, Medical",
Oledcomm,"Vélizy-villacoublay, Ile-de-France, France, Europe",Seed,4300000,EUR,2022-10-28,https://www.oledcomm.net/,Oledcomm designs and manufactures Dual Use LiFi and Laser communciations Solutions for mission-critical environments.,,"Information Technology, Optical Communication",
Datafolio,"Lille, Nord-Pas-de-Calais, France, Europe",Seed,4300000,EUR,2022-02-09,https://www.datafolio.com,Datafolio is a mobility risk management platform that offers insurance solutions.,"Arnaud Monnier, Eric Huet, Fabio Sbianchi, Valerio Caracciolo","Auto Insurance, Insurance, InsurTech, Risk Management",
NaoX Technologies,"Palaiseau, Ile-de-France, France, Europe",Seed,4300000,EUR,2022-01-27,https://www.naox-technologies.com/,NaoX Technologies develops wireless headphones that listen to brain vibrations.,"BNP Paribas Développement, Bpifrance, Kurma Partners, Majycc Innovation Santé","Fitness, Health Care, Wireless",
Ludocare,"Lyon, Rhone-Alpes, France, Europe",Seed,4200000,EUR,2022-07-04,https://www.ludocare.com/,"Ludocare is to create ways to provide assistance to patients and their families to improve their abilities, autonomy, and quality of life.","Bpifrance, Karista","Child Care, Health Care, Therapeutics",
Cosmian,"Paris, Ile-de-France, France, Europe",,4200000,EUR,2022-06-20,https://cosmian.com/,Cosmian is the first decentralized and privacy-by-design Confidential Data Intelligence Platform leveraging deep tech encryption schemes.,"Elaia, Fiblac, Guillaume Amblard, La Banque Postale","Analytics, Big Data, Cyber Security, Data Mining, Internet",
Libertify,"Paris, Ile-de-France, France, Europe",Pre-Seed,4000000,EUR,2022-07-01,https://www.libertify.com,"The first platform purpose-built to transform complex documents into engaging, interactive experiences - ensuring critical content is seen.",Laurion Capital Management,"Artificial Intelligence (AI), B2B, Marketing Automation, SaaS, Sales Enablement",
RLTY,"Paris, Ile-de-France, France, Europe",Pre-Seed,4000000,EUR,2022-06-27,https://rlty.live/,"RLTY is a collective of metaverse adopters, contributing to this ecosystem by setting the right infrastructure for virtual events buliding.","Blue Wire Capital, Christopher Grilhault des Fontaines, FOV Ventures, Kima Ventures, Monoceros, Stake Capital Group","Blockchain, Cryptocurrency, Metaverse",
MORFO,"Paris, Ile-de-France, France, Europe",Seed,4000000,EUR,2022-12-08,https://www.morfo.rest,"MORFO incorporates biological symbioses, drones, and AI technologies to sustainably reforest and fight against global warming.","AFI Ventures, Caroline Lair, Demeter, Graffi Rathamohan, Jean-Gabriel Levon, Nicolas Béraud, Raise Ventures, Teampact ventures","Artificial Intelligence (AI), Computer Vision, Drones, Forestry, GreenTech",
Lokki,"Grenoble, Rhone-Alpes, France, Europe",Seed,4000000,EUR,2022-12-01,https://www.lokki.rent,Lokki democratizes equipment rental in Europe (Based in France),"Arthur Waller, Kerala Ventures, Seed4Soft, Serena, Super Capital VC, Wind","B2C, Marketplace, Rental, SaaS",
Lokki,"Grenoble, Rhone-Alpes, France, Europe",Seed,4000000,EUR,2022-12-01,https://www.lokki.rent,Lokki democratizes equipment rental in Europe (Based in France),"Arthur Waller, Kerala Ventures, Seed4Soft, Serena, Super Capital VC, Wind","B2C, Marketplace, Rental, SaaS",
Simbel,"Paris, Ile-de-France, France, Europe",Seed,4000000,EUR,2022-11-24,https://www.simbel.com/,Learning platform for SMEs,"Alexandre Eruimy, Alexandre Rey, Benoit Wirz, Brighteye Ventures, Céline Debled, Constant Hameau, David Guillermain, Fabien Lerays, François Fillette Fillette, Guillaume le Dieu de Ville, Guillaume Le Strat, Jérémie Aflalo, Léa Saffar, Lilian Saget Lethias, Marguerite Vendroux, Matthieu Birach, Maximilian Wilhelm, Nicolas Steegmann, Noé Gersanois, Oyo N'Doro, Perrine Labesse, Raphael Doulonne, Richard Schrems, Romain Laffitau, Speedinvest, Stephanie Woirlier, Thibaud Elziere, Victoria Pinto-Mesías, Virgile Raingeard",E-Learning,
Ultimate Champions,"Paris, Ile-de-France, France, Europe",Seed,4000000,USD,2022-11-15,https://beta.ultimate-champions.com/,Ultimate Champions is a Web3 sports gaming platform,YZi Labs,"eSports, Online Games, Soccer, Virtual Reality, Web3",
Sami,"Paris, Ile-de-France, France, Europe",Seed,4000000,EUR,2022-11-14,https://www.sami.eco,Sami is an all-in-one climate platform enabling companies to measure and reduce their carbon footprint,Tudigo,"Business Information Systems, Consulting, Education, Environmental Consulting, Online Portals",
Bump.sh,"Angers, Pays de la Loire, France, Europe",Seed,4000000,EUR,2022-11-03,https://bump.sh,The modern API doc platform,"Bpifrance Digital Venture, Galion.exe, Gregory Pascal","Developer APIs, Developer Tools, Online Portals, SaaS, Software Engineering",
Surfe,"Paris, Ile-de-France, France, Europe",Seed,4000000,EUR,2022-10-25,https://www.surfe.com,Surfe is a software application that connects CRM to LinkedIn via the browser extension to achieve leads and productivity.,"360 Capital, Stephan Jacquemot, Tenable, TS Ventures","Apps, Internet, SaaS, Sales Automation, Software",
Minautor,"Paris, Ile-de-France, France, Europe",Seed,4000000,EUR,2022-10-24,https://www.minautor.fr/en/,Minautor refurbishes used engine and second-hand auto parts.,Park Capital,"Automotive, Machinery Manufacturing",
Les Grappes,"Paris, Ile-de-France, France, Europe",Seed,4000000,EUR,2022-09-22,https://www.lesgrappes.com,Les Grappes is an online website that lists vignerons that offer a selection of wines in different regions.,Demeter Partners,"E-Commerce, Wine And Spirits",
Professorbob.ai,"Paris, Ile-de-France, France, Europe",Seed,4000000,EUR,2022-09-14,http://professorbob.ai,"Professorbob.ai offers artificial intelligence, natural language processing technology, assistance for training institutions, and learners.","INCO Ventures, Innovacom","Artificial Intelligence (AI), EdTech, Education, E-Learning, Software, Training",
Telaqua,"Marseille, Provence-Alpes-Cote d'Azur, France, Europe",Seed,4000000,EUR,2022-05-10,https://telaqua.com/en,"Telaqua is a manufacturer of sensors that helps farmers in monitoring, programming, and optimizing irrigation networks.","Banque des Territoires, CMA CGM, Demeter","Farming, Manufacturing, Water",
Zozio,"Paris, Ile-de-France, France, Europe",Seed,4000000,EUR,2022-05-09,https://www.zozio.tech,"Zozio provides logistic flow optimization, stock optimization, workplace environment, sustainable production, track, and trace services.","Capricorn Partners, Industrya, The Faktory Fund","Advice, Logistics, Professional Services",
Koliving,"Paris, Ile-de-France, France, Europe",Seed,4000000,EUR,2022-04-05,https://koliving.fr/,Koliving is the fastest rental housing platform in Europe,"Bpifrance, Frenchfounders, Kamet, LeFonds by FrenchFounders","Property Management, PropTech, Real Estate, Real Estate Investment, Rental Property",
Bon Vivant,"Lyon, Rhone-Alpes, France, Europe",Seed,4000000,EUR,2022-03-30,https://bonvivant-food.com/,"A French biotechnology company that uses precision fermentation to produce real dairy products, accessible to everyone.","AFI Ventures, Didier Valet, Founders Future, High Flyers Capital, Kima Ventures, Picus Capital",Biotechnology,
Cycle Up,"Paris, Ile-de-France, France, Europe",Seed,4000000,EUR,2022-03-29,https://www.cycle-up.fr,Cycle Up is an online seller of construction materials.,"Acorus Capital, Banque des Territoires, Groupe SMA",Building Material,
Brenus Pharma,"Issoire, Auvergne, France, Europe",Seed,4000000,EUR,2022-03-18,https://www.brenus-pharma.com/,Brenus Pharma is an allogeneic platform to generate immune therapy ambitioning to harness patient immune system & prevent cancer resistance.,"Bio Jag, Bpifrance, Caisse d’Epargne","Biotechnology, Health Care, Life Science, Pharmaceutical",
Motto,"Saint-mandé, Ile-de-France, France, Europe",Seed,4000000,EUR,2022-03-14,https://ridemotto.com/,"Motto offers a range of electric bicycles available by subscription, with concierge service.","AA Sons, CASSIUS, Founders Future","Electric Vehicle, Rental, Subscription Service",
Rollee,"Paris, Ile-de-France, France, Europe",Seed,4000000,EUR,2022-03-08,https://www.getrollee.com,The Platform for Employment Data in Europe,"Didier Valet, Foreword Fund, Seedcamp, Speedinvest, The Twenty Minute VC","Information Technology, Software",
WhatMatters,"Paris, Ile-de-France, France, Europe",Seed,4000000,EUR,2022-02-24,https://www.what-matters.fr/,What Matters sells skincare and home products.,"Bpifrance, Citizen Capital, Eurazeo, Manzanita Capital","Cosmetics, Health Care",
Specify,"Paris, Ile-de-France, France, Europe",Seed,4000000,EUR,2022-02-24,https://specifyapp.com,"Specify helps companies manage their brand identity, by collecting, storing, and distributing their design tokens and assets — automatically","360 Capital, Bpifrance, Eurazeo, Seedcamp","Developer APIs, Developer Tools, Product Design, Productivity Tools",
Bolk,"Paris, Ile-de-France, France, Europe",Seed,4000000,EUR,2022-02-04,https://bolk.co/,"Bolk provides autonomous bowl-making robotic canteen which producing warm meals, cold dishes and desserts from precooked ingredients.","Bertrand Jacquelot, Kima Ventures, Rand Hindi","Catering, Food and Beverage, Robotics",
Uzaje,"Neuilly-sur-marne, Ile-de-France, France, Europe",Seed,4000000,EUR,2022-01-20,http://uzaje.com,Uzaje provides industrial washing and support solutions for packaging reuse in the commercial catering sectors and food industry.,"Banque des Territoires, France Active, Impactivist","Business Development, Catering, CleanTech, Food Processing",
EvidenceB,"Paris, Ile-de-France, France, Europe",Series A,4000000,EUR,2022-11-30,https://www.evidenceb.com/,"EvidenceB is develops educational resources which combine didactics, cognitive sciences and AI.","Educapital, Finorpa, Zanichelli Venture","Artificial Intelligence (AI), Education, E-Learning, Software",
Samp,"Paris, Ile-de-France, France, Europe",Series A,4000000,EUR,2022-10-13,https://samp.ai,Samp develops software that consolidates technical information into Digital Twins for all stakeholders.,"ENGIE New Ventures, HTGF (High-Tech Gruenderfonds), Innovacom","3D Technology, Machine Learning, Software",
Poool,"Bordeaux, Aquitaine, France, Europe",Series A,4000000,EUR,2022-09-26,http://poool.tech,"Convert your audience into leads, members and subscribers.","AperiamVentures, GSO Innovation, Swen Capital Partners","Content Marketing, Digital Media, Publishing",
Fabriq,"Paris, Ile-de-France, France, Europe",Series A,4000000,EUR,2022-06-03,https://www.fabriq.tech,Fabriq is an industrial SaaS company that offers a lean daily management SaaS platform empowering frontline manufacturing teams.,"Alexis Bonillo, Amirhossein Malekzadeh, Augustin Paluel-Marmont, Christophe Chausson, Contribution, Gabriel Caillaux, Henri de Castries, Julien Chaudeurge, Matthieu Vaxelaire, OSS Ventures, Patrick Asdaghi, Romain RAFFARD, Thibaud Elziere","Manufacturing, SaaS, Software",
Lynx,"Paris, Ile-de-France, France, Europe",Series A,4000000,USD,2022-05-25,https://lynx-r.com,Lynx is a first standalone Mixed Reality headset capable of virtual and augmented reality.,Somnium Space,"Augmented Reality, Consumer Electronics, Hardware, Optical Communication, Virtual Reality",
Gridky,"Paris, Ile-de-France, France, Europe",Series A,4000000,EUR,2022-05-16,https://www.gridky.com/,Gridky provides services for buying and selling property with rental security and profitability.,Groupe VILAVI,"PropTech, Real Estate, Real Estate Investment",
MatchTune,"Paris, Ile-de-France, France, Europe",Series A,4000000,USD,2022-05-15,https://www.matchtune.com/,MatchTune is a music tech company that creates smart music and video editing apps.,"Bpifrance, OneRagtime","Music, Music Label, PaaS, Video, Video Editing",
Blix,"Paris, Ile-de-France, France, Europe",,4000000,EUR,2022-07-05,https://www.joinblix.com/,Blix provides accelerating and promotional services for e-commerce brands and entrepreneurs.,Entrepreneur Invest,"Brand Marketing, E-Commerce, Online Portals",
Paarly,"Toulouse, Midi-Pyrenees, France, Europe",,4000000,EUR,2022-06-10,http://paarly.com/,Paarly Solution is a pricing intelligence tool that monitors online products to give E-retailers a bird’s eye view of the competition.,"GSO Innovation, IRDI SORIDEC Gestion","E-Commerce, Information Technology",
comet,"Paris, Ile-de-France, France, Europe",,4000000,EUR,2022-06-10,https://www.comet.co/,"Comet finds the best freelancers for any IT projects, in a matter of hours.","Daphni, FJ Labs, Otium Capital","Freelance, Human Resources, Internet, Recruiting, Software",
SMALA,"Carquefou, Pays de la Loire, France, Europe",,4000000,EUR,2022-05-03,https://www.smala.com/,SMALA is a second hand online clothing platform for children.,"Bamboo Capital Partners, Enowe, Pays de la Loire Participations, Spring Invest","Children, E-Commerce, Fashion, Logistics, Retail",
Connecting Food,"Paris, Ile-de-France, France, Europe",,4000000,EUR,2022-05-01,https://connecting-food.com/,Connecting Food operates as a foodtech and blockchain platform.,"Banca Patrimoni Sella & C., European Innovation Council","Blockchain, Software, Supply Chain Management",
Sakowin Green energy,"Fréjus, Provence-Alpes-Cote d'Azur, France, Europe",,4000000,EUR,2022-03-23,https://sakowin.com/,Sakowin Next generation of on-site on-demand low-cost sustainable Hydrogen production.,European Innovation Council,"Environmental Engineering, Green Consumer Goods, Renewable Energy",
Scipio Bioscience,"Paris, Ile-de-France, France, Europe",,4000000,USD,2022-03-23,http://www.scipio.bio/,A Paris-based biotechnology company .,European Innovation Council,"Biopharma, Biotechnology, Clinical Trials",
VistaCare,"Loulle, Franche-Comte, France, Europe",,4000000,EUR,2022-01-20,http://www.vistacare-medical.com/en/home/,"VistaCare develops, manufactures, and distributes medical devices for the treatment of the critical phase of acute and chronic wounds.","Cap Innov'Est, Carvest Crédit Agricole Régions Investissement, CFB Croissance & Innovation, Meusinvest (Noshaq), WiSEED","Health Care, Manufacturing, Medical Device",
Arrago,"Paris, Ile-de-France, France, Europe",Seed,3940000,EUR,2022-05-22,https://arrago.fr,Arrago is a fintech lending platform specialised in mortgage life loans.,"Didier Valet, LO Capital","Credit, Finance, Financial Services, FinTech",
Ligerio,"Indre, Pays de la Loire, France, Europe",Seed,3900000,EUR,2022-12-01,https://www.ligerio.fr/,Ligerio is the promise to find on a single platform the materials and objects that will beautify your home.,"Bpifrance, Clement Cazalot, Clément Ouizille, Folco Aloisi, François Durvye, GO CAPITAL, Sébastien Lafond","Building Material, Home Decor, Home Improvement",
Ligerio,"Indre, Pays de la Loire, France, Europe",Seed,3900000,EUR,2022-12-01,https://www.ligerio.fr/,Ligerio is the promise to find on a single platform the materials and objects that will beautify your home.,"Bpifrance, Clement Cazalot, Clément Ouizille, Folco Aloisi, François Durvye, GO CAPITAL, Sébastien Lafond","Building Material, Home Decor, Home Improvement",
Actiondesk,"Paris, Ile-de-France, France, Europe",Seed,3900000,USD,2022-05-24,https://www.actiondesk.io/,"Actiondesk (YC S19) is a spreadsheet software that lets you import and refresh data from SQL, Stripe, Salesforce, Hubspot and more","Bling Capital, Bossa Invest, FundersClub, Liquid 2 Ventures, Speedinvest, Tiger Global Management, Y Combinator","Information Services, Information Technology, SaaS, Software",
Buildrz,"Paris, Ile-de-France, France, Europe",Seed,3800000,EUR,2022-05-23,https://www.buildrz.io/,"Buildrz is a construction and town planning projects in the web! Access data, collaborate online and share your projects in 3D.","NCI Waterstart, Swen Capital Partners","Internet, Real Estate",
Starton,"Paris, Ile-de-France, France, Europe",Seed,3800000,EUR,2022-02-09,https://starton.com,Starton enables Blockchain mass adoption by making the technology simple.,"Bertrand Jacquelot, Daphni, Kima Ventures, Ledger, Motier Ventures, Pascal Gauthier, Purple, Rand Hindi, Speedinvest","Apps, Information Technology, Web3, Web Apps, Web Development",
Stoïk,"Paris, Ile-de-France, France, Europe",Seed,3800000,EUR,2022-01-12,https://stoik.com,Stoïk is a cyber insurtech company that help businesses manage their exposure to cyber risks.,"Alven, Anthemis, Emmanuel Schalit, Henry Kravis, Kima Ventures, Raphael Vullierme","Cloud Security, Cyber Security, Insurance, InsurTech",
Geovelo,"Tours, Centre, France, Europe",Series A,3800000,EUR,2022-03-15,https://geovelo.fr/,Geovelo application is free and guides cyclists on roads with cycling facilities or on low traffic roads.,"Banque des Territoires, Seventure Partners","Information Technology, Mobile Apps",
Les Causantes,"Neuilly-sur-seine, Ile-de-France, France, Europe",,3600000,EUR,2022-11-07,https://lescausantes.group/,Les Causantes is a growth marketing agency.,Generis Capital Partners,Advertising,
Quivr,"Paris, Ile-de-France, France, Europe",Seed,3550000,USD,2022-08-23,https://quivr.date,A new way to date. Let matchmakers do the work for you or play Cupid yourself.,"C2 Ventures, FBG Capital, Jason Zeng","Dating, Mobile, Social Media",
Wooskill,"Paris, Ile-de-France, France, Europe",Seed,3500000,EUR,2022-05-03,https://www.wooskill.com,"Wooskill is a platform to connect with coaches and mentors, in many areas of expertise.",,"Content Creators, EdTech, Marketplace",890866338
Playruo (eShot Labs),"Paris, Ile-de-France, France, Europe",Pre-Seed,3500000,EUR,2022-05-20,https://playruo.com/,Playruo is a 1-click in-browser solution for PC Games demos,"BANA Angels, Ventech","Advertising, Cloud Computing, Console Games, Gaming, PC Games, Video Games",
Pickme,"Paris, Ile-de-France, France, Europe",Seed,3500000,EUR,2022-12-07,https://www.mypickme.com/,"Pickme do magic by turning neighbors into local and social pickup point, for a seamless, efficient and sustainable post-purchase experience","Alain Bailly, Bpifrance, Dorian Balestra, Founders Future, Frenchfounders, Kima Ventures, OneRagtime","Delivery, Delivery Service, E-Commerce, Internet, Logistics, Mobile Apps, Transportation",
Ramify,"Paris, Ile-de-France, France, Europe",Seed,3500000,EUR,2022-11-10,https://ramify.fr,"Ramify is a wealth management platform that provides ETF, SCPI, and private equity recommendations, management, and selection.","AG2R La Mondiale, APICIL Group, Crédit Agricole, Denis Lafont-Trévisan, Hervé Schricke, Mandalore Partners, Newfund","Advice, Asset Management, Consulting, Wealth Management",
WORMSENSING,"Grenoble, Rhone-Alpes, France, Europe",Seed,3500000,EUR,2022-10-17,https://www.wormsensing.com/,"Hadrware, vibration sensor manufacturer (world thinnest piezo ceramic sensor)","CEA Investissement, Innovacom, KBC Focus Fund","Aerospace, Automotive, Energy Efficiency, Industrial, Information Technology, Manufacturing, Robotics, Semiconductor, Transportation",
Square Sense,"Paris, Ile-de-France, France, Europe",Seed,3500000,EUR,2022-08-31,https://www.square-sense.com/,Square Sense is a fast-growing company founded in 2017 to lead the digital transformation of real estate asset management.,,"Asset Management, Commercial Real Estate, Internet of Things, Real Estate Investment, Software",
Revcoo,"Vourles, Rhone-Alpes, France, Europe",Seed,3500000,EUR,2022-07-05,https://revcoo.fr/,Revcoo captures CO2 from industrial emissions using innovative technology to recover it in a short circuit.,"Banque Populaire Group, Bpifrance, Credit Agricole CIB, Demeter, HAND PARTNERS, KREAXI, Ventech","Environmental Consulting, Manufacturing",
Knave,"Paris, Ile-de-France, France, Europe",Seed,3500000,EUR,2022-02-19,https://www.knave.eu,"Knave provides pay-per-use mobility solutions, managing white-label rental programs for consumers.",,"Automotive, Electric Vehicle, Financial Services, Mobile Apps, Transportation",
Karmen,"Paris, Ile-de-France, France, Europe",Seed,3500000,EUR,2022-01-24,https://www.karmen.io,"Karmen is a fintech offering online non-dilutive funding for growth, working capital, and invoice factoring to digital businesses.","Edward Lando, Fasanara Capital, Jon Oringer, Nadav Ben-Chanoch, Pareto Holdings, Samaipata","Finance, FinTech, Lending, SaaS, Venture Capital",
Lixo,"Paris, Ile-de-France, France, Europe",Seed,3500000,EUR,2022-01-20,http://lixo.tech,Technologies for circular economy,"Amaury Bierent, Demeter, Raise Ventures, Seed for Good","GreenTech, Recycling, Software",
Immortal Game,"Paris, Ile-de-France, France, Europe",Seed,3500000,EUR,2022-01-01,https://immortal.game/,Immortal Game Play-and-Earn. Free-to-Play. Immortal Game introduces a new layer of strategy to the most played board game in the world.,"BlackPool, CASSIUS, Greenfield, Kima Ventures, Moonfire Ventures, Triton Capital","Blockchain, Online Games",
Captain Cause,"Paris, Ile-de-France, France, Europe",Series A,3500000,EUR,2022-10-05,https://www.captaincause.com,Captain Cause is a company that provides pre-funded contributions in which users set up fundraising campaigns through platform.,"AFI Ventures, Daphni, MAIF Impact, OneRagtime, VNV Global","Financial Services, Impact Investing",
ClicData,"Lille, Nord-Pas-de-Calais, France, Europe",Series A,3500000,EUR,2022-03-25,http://clicdata.com/home,ClicData is a provider of cloud-based dashboard systems that are designed to improve business efficiency through better reporting.,ODYSSEE VENTURE,"Analytics, Business Intelligence, SaaS, Software, Web Development",
Goshaba,"Paris, Ile-de-France, France, Europe",Series A,3500000,EUR,2022-03-03,https://goshaba.com/en/goshaba-solutions-de-recrutement-et-gestion-de-competences-2/,Goshaba builds a solution that objectively identifies the profiles in a recruitment process.,"BNP Paribas, Daphni, Inco, Orange Ventures","Consulting, Human Resources, Information Technology",
Jint,"Levallois-perret, Ile-de-France, France, Europe",,3500000,EUR,2022-12-13,https://www.jint.co,"Jint is a software company that provides business management solutions, HR, and other information services.","4CAD Group, Keyrus","Human Resources, Information Technology, Knowledge Management, Software",
Hubcycle,"Avignon, Provence-Alpes-Cote d'Azur, France, Europe",,3500000,EUR,2022-04-21,https://www.hubcycled.com/,Hubcycle converts fruit and vegetable waste into raw materials for the hygiene and food industries.,"Bleu Capital, Daphni, Swen Capital Partners","Environmental Consulting, Professional Services, Recycling",
Moovance,"Paris, Ile-de-France, France, Europe",Seed,3400000,USD,2022-01-01,https://www.moovance.fr,Enable low carbon mobility,,"GreenTech, Retail Technology, Transportation",
ACD Groupe,"Aix-en-provence, Provence-Alpes-Cote d'Azur, France, Europe",Private Equity,3300000,EUR,2022-09-13,https://www.acd-groupe.fr/,ACD Groupe is a software development company that helps businesses digitize using a modular software package.,Crédit Mutuel Equity,"Information Technology, Software",
CardioRenal,"Strasbourg, Alsace, France, Europe",Seed,3300000,EUR,2022-04-04,https://cardio-renal.com,CardioRenal uses the advanced technologies to develop digital therapeutic solutions.,,"Biotechnology, Health Care, Therapeutics",
Gouach,"Bordeaux, Aquitaine, France, Europe",Seed,3300000,EUR,2022-02-17,https://www.gouach.com/,Gouach is a manufacturer of a revolutionary eco-designed battery that can be repaired at mega-speed.,"Bpifrance, BREEGA, Rand Hindi","Environmental Consulting, Manufacturing, Renewable Energy",
OLALA!,"Paris, Ile-de-France, France, Europe",Pre-Seed,3200000,EUR,2022-05-10,https://www.olalafoods.fr,"PLANT-BASED MARINE SUBSTITUTES WITH ALGAE INGREDIENTS. FOR NATURAL, HEALTHY, SUSTAINABLE FOOD","Beyond Impact, Demeter, Senseii Ventures",Food and Beverage,
Terakalis,"Montpellier, Languedoc-Roussillon, France, Europe",Series A,3200000,USD,2022-03-18,https://www.terakalis.com,Terakalis designs and manufactures equipment for the non-destructive testing of materials.,"Aster, Galia Gestion, Innovation Fund, Supernova Invest","Aerospace, Industrial Manufacturing, Machinery Manufacturing",
Aster,"Paris, Ile-de-France, France, Europe",Series A,3200000,USD,2022-03-18,http://www.aster.com,"Aster is a Venture Capital firm, partnered with more than 60 teams of entrepreneurs that are transforming markets with disruptive offers.",,Venture Capital,
Sparkling Partners,"Lille, Nord-Pas-de-Calais, France, Europe",,3200000,EUR,2022-12-13,http://www.sparkling-partners.com,Sparkling Partners is a studio that provides collaboration and disruptive work concepts.,,,
Soan,"Paris, Ile-de-France, France, Europe",,3200000,EUR,2022-09-22,https://www.soansolutions.com,Soan is an online payment solution and a free suite of tools that serve the success of freelance projects.,"Allianz Trade, Seventure Partners",Financial Services,
Finovox,"Paris, Ile-de-France, France, Europe",Seed,3100000,EUR,2022-10-18,https://www.finovox.com/,Finovox develops false detection software.,"Bpifrance, Christophe Henner, Jérôme PROUST, Shapr Ventures, Super Capital VC","IT Management, Software, Software Engineering",
Leviia,"Saint-soupplets, Ile-de-France, France, Europe",Seed,3030000,EUR,2022-07-12,https://www.leviia.com/,Leviia is the cloud storage company that fights to protect the environment and ensure reforestation.,NJJ Capital,"Cloud Management, Cloud Storage",
Rize ag,"Paris, Ile-de-France, France, Europe",Pre-Seed,3000000,EUR,2022-12-07,https://www.rizeag.com/,Rize accelerates the transition of agriculture from a net carbon emitter to a carbon sink by leveraging tech and carbon credit mechanisms.,"Alexandra Palt, Anthemis, BARRE Rachel, BBVA, Bpifrance, L'Oreal, Mirova, Paul Arsac, Région Ile-de-France, Solène Navellou","Agriculture, AgTech, Farming",
Ray studios,"Paris, Ile-de-France, France, Europe",Pre-Seed,3000000,USD,2022-02-15,https://www.ray-studios.com,"Ray Studios is a tattoo removal studio that uses picosecond lasers, and treatments are performed by licensed doctors.","AirAngels, Gaingels, Kima Ventures, Nickleby Capital, True.","Beauty, Cosmetics, Fitness, Laser, Wellness",
ROOF,"Paris, Ile-de-France, France, Europe",Pre-Seed,3000000,EUR,2022-01-01,https://weareroof.com,Roof provides roof repair and maintenance services and installs roofing systems using sustainable and engineered materials.,"Alexandre Yazdi, Andrew Nutter, Dimitri Farber Garcia, Edward Lando, Founders Future, Jon Oringer, Josef Bovet, Nadav Ben-Chanoch, Pareto Holdings, XAnge, Yan Hascoët","Real Estate, Residential",
Pono Financial Solutions,"Paris, Ile-de-France, France, Europe",Seed,3000000,EUR,2022-12-08,https://www.ponofs.com/,Pono is a fintech company.,"Kima Ventures, Newfund","Financial Services, FinTech, Information Technology",
Husprey,"Paris, Ile-de-France, France, Europe",Seed,3000000,EUR,2022-12-06,https://www.husprey.com,SQL workspace for modern data teams,"Axeleo Capital, Galion.exe","Analytics, Information Technology, Software",
Sonup,"Montpellier, Languedoc-Roussillon, France, Europe",Seed,3000000,EUR,2022-11-21,https://www.sonup.fr/,"Sonup develops applications to assess hearing disorders, from the simplest to the most complex.",,"Fitness, Wellness",
Lys Therapeutics,"Lyon, Rhone-Alpes, France, Europe",Seed,3000000,EUR,2022-11-14,https://lystherapeutics.com/,Lys Therapeutics develops drugs to treat patients suffering from neurovascular or neurodegenerative disorders.,HTH,"Biotechnology, Health Care, Life Science, Medical",
Knap,"Villeneuve-loubet, Provence-Alpes-Cote d'Azur, France, Europe",Seed,3000000,EUR,2022-11-03,https://www.knap.fr,"Knap is a technology company that offers an AI-based product knap kart, in-store digitalization platform, and fraud detection solutions.",Bpifrance,"Artificial Intelligence (AI), Fraud Detection, Software",
OneFlash,"Paris, Ile-de-France, France, Europe",Seed,3000000,EUR,2022-10-26,https://www.oneflash.fr,OneFlash is an application that allows users to rent mobile power banks from stations.,"Bernard Mourad, Julien Callede, Kima Ventures","Apps, Energy Storage, Rental",
Colette,"Paris, Ile-de-France, France, Europe",Seed,3000000,EUR,2022-10-11,https://www.colette.club/,We help students & young active to access a better & affordable housing by co-living with seniors who have spare rooms.,"Evolem Start, Founders Future, Mutuelles Impact, XAnge","Information Services, Internet, Real Estate",
TakeTurns,"Paris, Ile-de-France, France, Europe",Seed,3000000,EUR,2022-10-11,https://taketurns.com,"The Safer, Easier Way to Work with People Outside of Your Organization",Elaia,SaaS,
Klaro,"Paris, Ile-de-France, France, Europe",Seed,3000000,EUR,2022-10-03,https://www.klaro.fr/,"SaaS, Aid simulator, B2B, impact, ""Société à mission""","AG2R La Mondiale, Asterion Ventures, Malakoff Humanis","Employee Benefits, Financial Services, Human Resources, Personal Finance, SaaS",
POWER.XYZ,"Paris, Ile-de-France, France, Europe",Seed,3000000,EUR,2022-10-03,https://power.xyz/,The Next-Gen Customer Experience Platform for Iconic Brands,"50 Partners, David Balland, Dream Assembly Base Camp, Joel Hazan, Jonathan Bordereau, Jsquare, Michael Amar, Outlier Ventures, Sebastien Borget, Sebastien Lalevée, Sia Partners, Thibault Renouf","3D Technology, Blockchain, E-Commerce, Metaverse, SaaS, Virtual Goods, Web3",
Tri’n’collect,"Nantes, Pays de la Loire, France, Europe",Seed,3000000,EUR,2022-10-03,https://www.tri-n-collect.fr/,"Tri'n'collect provides a customized service for sorting, collecting, and recycling building trash.","Bpifrance, Colam Impact, Fastéa Capital, HSBC, Pays de la Loire Participations, Pays de la Loire region, Saint-Gobain Distribution Bâtiment France","Business Development, Recycling, Service Industry",
Reecall,"Paris, Ile-de-France, France, Europe",Seed,3000000,EUR,2022-09-15,https://reecall.com,Reecall is an IT firm that provides AI-based call management services.,"Evolem Start, Kima Ventures, Newfund","Artificial Intelligence (AI), Information Technology, Machine Learning, Service Industry, Software",
Minteed,"Paris, Ile-de-France, France, Europe",Seed,3000000,EUR,2022-07-21,https://www.minteed-lab.com/,Minteed is a platform that enables creators to successfully transition into Web3.,Fnac Darty Group,"Blockchain, Communities, Enterprise Software, Software, Web3",
Alegria.tech,"Paris, Ile-de-France, France, Europe",Seed,3000000,EUR,2022-07-07,https://alegria.tech/,"Alegria.tech is a nocode agency for start-ups, SMEs, and large accounts.","Benjamin Magnard, Cedric Sellin, Chantal Baudron, Damien Fretay, Denis Thébaud, Inovexus, Patrick Robin, Sharpstone Capital",Computer,
Sqwad,"Paris, Ile-de-France, France, Europe",Seed,3000000,EUR,2022-06-20,https://www.sqwad.co/,Sqwad is an e-commerce platform of curated community of Shopify brands,"Kintxo Cortés, Samaipata","E-Commerce, E-Commerce Platforms",
JUST,"Paris, Ile-de-France, France, Europe",Seed,3000000,EUR,2022-06-13,https://www.getjust.eu,JUST is a platform that streamlines e-commerce checkout processes for brands.,"Arthur Waller, Didier Valet, Edward Lando, Jon Oringer, Nima Karimi, Otium Capital, Rémy Bendayan, VAeX Capital Partners","E-Commerce, Mobile Payments, Payments",
Aive,"Levallois-perret, Ile-de-France, France, Europe",Seed,3000000,EUR,2022-05-25,https://www.aive.com,Aive is a technology company that provides an AI-driven video post-production platform as software-as-a-service.,"Jean-Baptiste Massignon, Jean-Paul Brunier, Jeremie Rosselli, Kevin Polizzi, Pascal Lorot, Pauline Boucon Duval, Renaud Visage","Artificial Intelligence (AI), Information Technology, Machine Learning, Video",
Pyratzlabs,"Levallois-perret, Ile-de-France, France, Europe",Seed,3000000,EUR,2022-05-10,https://www.pyratzlabs.com/,Pyratzlabs is the developer of a web3 accelerator platform designed to develop and advise promising projects shaping Web 3.,"Anice Chlagou, Animoca Brands, Jonathan Cherki, Julien Pageaud, Sandbox Industries","Advice, Funding Platform, Internet, Web3",
Ocode,"La Roche-sur-yon, Pays de la Loire, France, Europe",Seed,3000000,EUR,2022-05-03,https://www.ocode.fr,"Ocode is software for digital ID, history and data protection.",GROUPE DUBREUIL,"Data Center Automation, Identity Management, Information Technology, Software",
May,"Paris, Ile-de-France, France, Europe",Seed,3000000,EUR,2022-05-02,https://www.may.app,May is a mobile application that allows parents to chat with healthcare providers.,Serena,"Child Care, Health Care, Personal Health, Women's",
Inbolt,"Paris, Ile-de-France, France, Europe",Seed,3000000,EUR,2022-03-09,https://www.inbolt.com,"AI-powered 3D vision for robots, helping manufacturers scale flexible automation across factories worldwide.","BNP Paribas Développement, Laurent Dassault, MIG Capital, SOSV","3D Technology, Artificial Intelligence (AI), Computer Vision, Industrial Automation, Machine Learning, Manufacturing, Real Time, Robotics",
MyDataModels,"Valbonne, Provence-Alpes-Cote d'Azur, France, Europe",Seed,3000000,EUR,2022-02-22,https://www.mydatamodels.com/,"MyDataModels develops TADA, the AI-Driven Analytics platform that helps professional understand and treat their data.",,"Analytics, Artificial Intelligence (AI), Computer, Machine Learning, Software",
Doctrio,"Paris, Ile-de-France, France, Europe",Seed,3000000,EUR,2022-01-17,https://doctrio.com/,Doctrio is a continuing education platform for healthcare professionals.,"Fabrice Grinda, FJ Labs, Frst, Michael Philippe","Education, Health Care, Internet",
Innerskin,"Paris, Ile-de-France, France, Europe",Seed,3000000,EUR,2022-01-01,https://www.innerskin.fr,"Innerskin represents a new era in aesthetic medicine, prioritizing skin health as the core focus of its practice.",,"Fitness, Health Care, Wellness",
Enosis,"Toulouse, Midi-Pyrenees, France, Europe",Series A,3000000,EUR,2022-12-20,https://enosis-energies.com/,Supplier of biological solutions for the production of renewable gas that recycles CO2 through methanation,"Banque des Territoires, Industrya, UI Investissement",,
Meelo,"Marcq-en-baroeul, Nord-Pas-de-Calais, France, Europe",Series A,3000000,EUR,2022-12-12,https://www.getmeelo.com,Meelo is a SAAS solution against risk and fraud.,"Bpifrance, ODYSSEE VENTURE","Customer Service, Cyber Security, Financial Services, SaaS",
Bellman,"Paris, Ile-de-France, France, Europe",Series A,3000000,EUR,2022-11-16,https://bellman.immo/,Bellman empowers property managers with tech and services so they can provide a service that is fast and transparent to property owners.,"BREEGA, Lakestar","Marketing, Property Management, Real Estate",
Jeudimerci,"Paris, Ile-de-France, France, Europe",Series A,3000000,EUR,2022-10-28,http://jeudimerci.fr,JeudiMerci is a marketing platform that enables users to send physical items as easily as an email.,"Altavia Adventures, Bpifrance, C2Ad, Scale II, Shapr Ventures","Advertising, Digital Marketing, Marketing",
TEAMOTY,"Morestel, Rhone-Alpes, France, Europe",Series A,3000000,EUR,2022-09-27,https://www.teamoty.io,Cloud based Scheduling Platform for Construction,"BTP Capital Investissement, LBO France, Rise PropTech","Construction, SaaS, Scheduling, Software",
Imparfaite,"Paris, Ile-de-France, France, Europe",Series A,3000000,EUR,2022-09-13,https://www.imparfaiteparis.com,Imparfaite offers curated vintage and dormant stock fashion online.,Alter Equity 3P,"E-Commerce, Fashion, Retail",
Explora Project,"Annecy, Rhone-Alpes, France, Europe",Series A,3000000,EUR,2022-07-07,https://www.explora-project.com/,Explora Project is specializing in adventure travel and expeditions to the 4 corners of the planet and all environments.,"50 Partners, Aonia Ventures, CapHorn Invest, Crédit Agricole Alpes Development, Didier Kuhn, Eric Larchevêque, Xavier Chauvin","Adventure Travel, Tourism, Travel",
Manty,"Paris, Ile-de-France, France, Europe",Series A,3000000,EUR,2022-03-16,https://manty.eu/,Manty is a business intelligence platform for public administrations that provides a tool to analyze their data quickly and easily.,Relyens,"Business Intelligence, Database, Enterprise Software, GovTech, SaaS, Software",
ANYWAVES,"Toulouse, Midi-Pyrenees, France, Europe",,3000000,USD,2022-12-08,https://anywaves.eu/,ANYWAVES is a manufacturer of space applications and satellite constellations equipment.,,"Aerospace, Air Transportation, Manufacturing, Mechanical Engineering",
Re-SEE,"Paris, Ile-de-France, France, Europe",,3000000,EUR,2022-12-01,https://www.resee.com/,Re-SEE is an e-commerce platform that sells fashion and clothing products for women.,,"E-Commerce, Fashion, Retail, Sales",
Re-SEE,"Paris, Ile-de-France, France, Europe",,3000000,EUR,2022-12-01,https://www.resee.com/,Re-SEE is an e-commerce platform that sells fashion and clothing products for women.,,"E-Commerce, Fashion, Retail, Sales",
Lily makes life easier,"Paris, Ile-de-France, France, Europe",,3000000,EUR,2022-10-27,https://lilyfacilitelavie.info,Lily makes life easier is a digital employee assistance platform for businesses.,Garance,"Business Development, Employee Benefits, Human Resources, Internet, SaaS, Software",
Humans Matter,"Lyon, Rhone-Alpes, France, Europe",,3000000,EUR,2022-08-16,https://www.humansmatter.co,"Humans Matter is a cognitive design company that supports transitions in the fields of health, education, and work.",Socadif,"Business Intelligence, Consulting, Digital Media, E-Learning, Human Resources, Information Technology, Professional Services, Training",
Octopus Lab,"La Madeleine, Haute-Normandie, France, Europe",,3000000,EUR,2022-07-05,http://octopuslab.fr/,Octopus Lab provides indoor air quality for the design of healthy buildings.,"BTP Capital Investissement, Construction Venture, Matmut Innovation, Nord Création, Nord France Amorcage, Swen Capital Partners","Consulting, Information Technology, Residential",
Tomojo,"Paris, Ile-de-France, France, Europe",,3000000,EUR,2022-02-09,https://en.tomojo.co,Tomojo is a pet food company.,"BNP Paribas Développement, Swen Capital Partners","Animal Feed, Farming, Food and Beverage, Food Delivery, Food Processing, Manufacturing, Pet, Retail",
HARDLOOP,"Paris, Ile-de-France, France, Europe",,3000000,EUR,2022-01-01,http://www.hardloop.fr/,"Marcher, courir, grimper, glisser : découvrez chaque jour de nouvelles aventures sportives et le matériel pour les réaliser.","Banque Palatine, Kima Ventures, LCL, Seventure Partners, SGPA, Societe Generale","Adventure Travel, Sporting Goods, Sports",
Formance,"Paris, Ile-de-France, France, Europe",Pre-Seed,2900000,EUR,2022-06-20,https://www.formance.com,Formance is an open-source and cloud-native infrastructure platform to build financial applications.,"Axeleo Capital, Frst, Hoxton Ventures, Pierre Youenou, Y Combinator","Financial Services, Open Source, Payments",
Sportall,"Allauch, Provence-Alpes-Cote d'Azur, France, Europe",Series A,2900000,EUR,2022-06-28,https://app.sportall.tv,Sportall specializes in the production and broadcasting of sporting events within a single connected application.,Trois I Investments Industriels Internationaux,"Broadcasting, Media and Entertainment, Sports",
Apiday,"Paris, Ile-de-France, France, Europe",Seed,2850000,EUR,2022-03-15,https://apiday.com/,SaaS platform for corporate ESG data management: from regulatory compliance and investor reporting to sustainability certifications,"Rand Hindi, Revent, Speedinvest","Data Management, GreenTech, SaaS, Software, Sustainability",
MeltingSpot,"Paris, Ile-de-France, France, Europe",Seed,2800000,EUR,2022-06-20,https://meltingspot.io,MeltingSpot is a software adoption platform,"Alexandre Crosby, Ankaa Ventures, Isai, Julien Romanetto, Kima Ventures, Notus Technologies, SaaS Partners, Thibaud Elziere, Thibault Hanin, Thierry Vandewalle, Wind","Embedded Software, Software",
Meletios Therapeutics,"Lyon, Rhone-Alpes, France, Europe",Private Equity,2700000,EUR,2022-11-02,https://meletiostx.com,Meletios Therapeutics is a biotech company that develops antiviral molecules for unmet emergency medical needs.,European Innovation Council,"Biotechnology, Therapeutics, Wellness",
Connecting Food,"Paris, Ile-de-France, France, Europe",Seed,2700000,EUR,2022-02-15,https://connecting-food.com/,Connecting Food operates as a foodtech and blockchain platform.,,"Blockchain, Software, Supply Chain Management",
Surge,"Illkirch-graffenstaden, Alsace, France, Europe",Pre-Seed,2600000,USD,2022-09-22,https://www.surge.care,Surge personalizes the care of patients undergoing surgery by providing an accurate prediction of postoperative infections.,"Boutique Venture Partners, HCVC, Nicolas Godin","Artificial Intelligence (AI), Biotechnology, Electronic Health Record (EHR), Health Care, Machine Learning, Predictive Analytics",
APWine,"Paris, Ile-de-France, France, Europe",Seed,2600000,USD,2022-11-10,https://www.apwine.fi,APWine provides DeFi protocol allowing to trade unrealised yield.,Greenfield,"Computer, Software",
Oplit,"Paris, Ile-de-France, France, Europe",Seed,2600000,EUR,2022-05-11,https://www.oplit.com/,Oplit is a production planning platform that provides software and support to help industrials boost operations profitability.,"BACS-Innov, Evolem Start, Kima Ventures, Newfund, OSS Ventures","Developer Platform, Enterprise Resource Planning (ERP), Software",
Chipiron,"Paris, Ile-de-France, France, Europe",Seed,2600000,USD,2022-01-01,https://www.chipiron.co,"Chipiron is a company that designs, manufactures, and markets a new generation of portable, inexpensive and powerful MRI machines.","EXOR N.V., Unruly Capital","Emergency Medicine, Health Care, Health Diagnostics, Home Health Care, Manufacturing, Medical, Medical Device, Personal Health",
Hemerion,"Villeneuve, Picardie, France, Europe",Seed,2550000,EUR,2022-04-14,https://hemerion.com/,Hemerion is focused on creating innovative cancer treatments.,"Clubster NSL, Finovam Gestion, Nord France Amorcage","Health Care, Medical, Oncology",
Thess,"Montpellier, Languedoc-Roussillon, France, Europe",Seed,2500000,EUR,2022-06-06,https://www.thess-corp.fr/,Thess offers individual wellness and fitness services for older people.,,"Fitness, Health Care, Wellness",892264672
Hook0,"Paris, Ile-de-France, France, Europe",Pre-Seed,2500000,EUR,2022-07-02,https://www.hook0.com/,"Hook0 Make your SaaS a platform, offer webhooks in minutes.",,"Information Technology, SaaS, Web Development",
Flitter,"Paris, Ile-de-France, France, Europe",Pre-Seed,2500000,EUR,2022-01-27,https://flitter.fr,Flitter is a neo-insurance company that provides pay-per-mile insurance and connected technology.,"Christophe Eberle, Global Founders Capital, Jacques Bouthier, Kima Ventures, Pierre Yves Dargaud, Raphael Vullierme","Auto Insurance, B2C, Insurance, InsurTech",
C-Risk,"La Défense, Ile-de-France, France, Europe",Seed,2500000,EUR,2022-12-14,http://www.c-risk.com,C-Risk measures cyber security performance and analyzes user information technology security budgets.,Scale Up Capital,"Cyber Security, Information Technology",
ImVitro,"Paris, Ile-de-France, France, Europe",Seed,2500000,USD,2022-12-05,https://im-vitro.com/,ImVitro is a medical device developer that offers a SaaS platform that applies AI to In vitro fertilization imaging needs.,"Compound, Fly Ventures, LDV Capital, MMC Ventures, Tiny Supercomputer Investment Company","Artificial Intelligence (AI), Medical, Medical Device",
Arsen Security,"Paris, Ile-de-France, France, Europe",Seed,2500000,EUR,2022-12-01,https://arsen.co/en,"Security Awareness for the age of AI. Simulate AI-driven vishing, smishing, phishing and advanced social engineering threats.","Elaia, Frenchfounders, LeFonds by FrenchFounders","Cyber Security, SaaS, Software",
Arsen Security,"Paris, Ile-de-France, France, Europe",Seed,2500000,EUR,2022-12-01,https://arsen.co/en,"Security Awareness for the age of AI. Simulate AI-driven vishing, smishing, phishing and advanced social engineering threats.","Elaia, Frenchfounders, LeFonds by FrenchFounders","Cyber Security, SaaS, Software",
Brik,"Paris, Ile-de-France, France, Europe",Seed,2500000,EUR,2022-10-01,https://www.brik.com,The community of real estate investment owners,,Real Estate Investment,
Koolboks,"Rosny-sous-bois, Ile-de-France, France, Europe",Seed,2500000,USD,2022-08-18,https://www.koolboks.com,"Koolboks is a machinery manufacturing and selling company that provides solar-powered freezers, and ice makers for continuous refrigeration.","Acumen, All On, Aruwa Capital, Blue Earth Capital, GSMA Ecosystem Accelerator","Battery, Energy Storage, Renewable Energy",
Traace,"Paris, Ile-de-France, France, Europe",Seed,2500000,EUR,2022-07-01,https://en.traace.co,Take control of your carbon footprint .,"Arché Gruppe, Orange Ventures","GreenTech, Software, Sustainability, Test and Measurement",
Stellia,"Paris, Ile-de-France, France, Europe",Seed,2500000,EUR,2022-06-05,https://www.stellia.ai,"Stellia is boosting access to knowledge thanks to its generative AI solutions in the Education, Training & Corporate sectors.",,"Artificial Intelligence (AI), Corporate Training, Education, Knowledge Management, Software",
Mansio,"Aulnay, Centre, France, Europe",Seed,2500000,EUR,2022-04-14,https://www.mansio.com/,"Mansio is a real estate firm that offers property development, commercial real estate, residential housing, and real estate investments.","Founders Future, Pareto Holdings, Quiet Capital","Commercial Real Estate, Property Development, Real Estate, Real Estate Investment, Residential",
Humanlinker,"Paris, Ile-de-France, France, Europe",Seed,2500000,EUR,2022-04-06,https://www.humanlinker.com/,The cutting-edge AI guided technology for revenue generation teams,"Clément Buyse, Frédéric Kingue Johnson, Jerome Joaug, Jonathan Benhamou, Karista, Nicolas Cazeneuve, Pascal Colin, Yohan Stern","Artificial Intelligence (AI), CRM, Lead Generation, SaaS, Sales, Software",
Circle Sportswear,"Paris, Ile-de-France, France, Europe",Seed,2500000,EUR,2022-03-30,https://www.circlesportswear.com/,Circle Sportswear is a circular and sustainable premium sportswear DNVB.,"AA Sons, Bpifrance","E-Commerce, Fashion, Sports, Sustainability",
Dood,"Lille, Nord-Pas-de-Calais, France, Europe",Seed,2500000,EUR,2022-03-11,https://www.dood.com/,DOOD is an e-commerce and marketing solution for restaurants and food traders.,"BNP Paribas, Bourgogne Angels, Bpifrance, Crédit Industriel et Commercial, Paris Business Angels, Steva Investissement, Tomcat Invest","E-Commerce, Food and Beverage, Internet, Mobile Apps, Retail",
Tenacy,"Lyon, Rhone-Alpes, France, Europe",Seed,2500000,EUR,2022-03-09,https://www.tenacy.io,The SaaS platform for better Compliance and Risk Management,"Auriga Cyber Ventures, Banque Populaire RhÃ'ne Alpes, BNP Paribas, Bpifrance, Credit Agricole CIB, KREAXI, Teamwork Capital Management","Cyber Security, SaaS",
Feels,"Paris, Ile-de-France, France, Europe",Seed,2500000,EUR,2022-01-08,https://www.feels-app.com,Feels is a social discovery network that allows users to find and meet new people.,"Adrien Miniatti, Alexandre Yazdi, Blaise Matuidi, Creator Ventures, Diaspora Ventures, Eric Besson, Jean-Baptiste Hironde, Secocha Ventures, Yannick Hascoet","Content Creators, Dating, Mobile Apps, Social Media, Social Network",
Cuvée Privée,"Paris, Ile-de-France, France, Europe",Series A,2500000,EUR,2022-10-15,https://www.cuvee-privee.com/,Cuvée Privée allows wine lovers to adopt vines from exceptional French vineyards and get their own wine delivered straight to their door.,"Aonia Ventures, Founders Future, Kickston, Kima Ventures, MouvemenT & Finance","B2B, B2C, E-Commerce, Gift, Wine And Spirits",
Eazee link,"Strasbourg, Alsace, France, Europe",,2500000,EUR,2022-11-26,http://eazee-link.com/,"Eazee link is a mobile application software that provides digital marketing solutions in the cafés, hotels, restaurants, and food tech areas","Ader Finance, Habert Dassault Finance, Jean-Marc Bouhelier, Marc Tubiana","Hospitality, Marketing, Mobile Apps, Restaurants, Software",
Apmonia Therapeutics,"Reims, Champagne-Ardenne, France, Europe",,2500000,EUR,2022-09-09,https://apmonia-therapeutics.com,Apmonia Therapeutics is a biotech company that develop therapeutic strategies towards multiple types of cancer.,Bpifrance,"Biotechnology, Medical, Oncology, Therapeutics",
iRaiser,"Paris, Ile-de-France, France, Europe",,2500000,EUR,2022-06-16,https://www.iraiser.com,iRaiser is a SaaS vendor for nonprofits providing online fundraising solutions.,"Generis Capital Partners, Impact Partners, Oltre Venture","Crowdfunding, Financial Services, Internet, SaaS, Software",
Monetivia,"Paris, Ile-de-France, France, Europe",,2500000,EUR,2022-03-24,https://www.monetivia.com/,"Monetivia offers solutions for managing real estate and life annuities, focusing on helping seniors secure their financial futures.",Initiative & Finance,"Real Estate, Real Estate Investment, Wealth Management",
each One,"Paris, Ile-de-France, France, Europe",,2500000,EUR,2022-03-24,https://www.eachone.co,each One is a recruitment and training solution for refugees and newcomers.,"50 Partners, INCO Ventures, Pierre Dubuc, Ring Capital, Thierry Petit","Human Resources, Recruiting, Social Impact, Training",
Chilowé,"Paris, Ile-de-France, France, Europe",,2500000,EUR,2022-01-27,https://www.chilowe.com/,Chilowé is an outdoor travel company that makes it easy to experience the outdoors,New Atlas,"Adventure Travel, Outdoor Advertising, Sports, Travel",
Ondorse,"Paris, Ile-de-France, France, Europe",Pre-Seed,2400000,EUR,2022-04-26,https://www.ondorse.co/,Ondorse is a technology company that builds identity infrastructure for the internet.,"Eurazeo, Isai","Software, Web Development",
Ron Dorff,"Paris, Ile-de-France, France, Europe",Private Equity,2400000,EUR,2022-12-01,https://rondorff.com,"Ron Dorff is a retail fashion company that provides sportswear, underwear, loungewear, and swimwear.",Puma Private Equity,"Fashion, Retail, Textiles",
Ron Dorff,"Paris, Ile-de-France, France, Europe",Private Equity,2400000,EUR,2022-12-01,https://rondorff.com,"Ron Dorff is a retail fashion company that provides sportswear, underwear, loungewear, and swimwear.",Puma Private Equity,"Fashion, Retail, Textiles",
Phagos,"Paris, Ile-de-France, France, Europe",Seed,2400000,EUR,2022-09-28,https://www.phagos.org/,Phagos develops personalised bacteriophage solutions as a sustainable alternative to antibiotics,"AgFunder, Demeter, Dhyan VC, Entrepreneurs First, Grant Aarons, GROW Agrifoodtech Accelerator, Hoxton Ventures","Biotechnology, Health Care, Medical",
Droit de Regard,"Paris, Ile-de-France, France, Europe",Seed,2400000,EUR,2022-05-03,https://droitderegard.com/,Droit de Regard is a designer of optical eyewear products.,,"Health Care, Medical, Medical Device",
Lemon,"Nanterre, Ile-de-France, France, Europe",Seed,2400000,USD,2022-02-01,https://lemon.fm,Lemon is a paid live video platform.,"AA Sons, Inovexus","Internet, Payments, Video Conferencing",
SPARTHA Medical,"Strasbourg, Alsace, France, Europe",Seed,2400000,EUR,2022-01-25,https://sparthamedical.eu,SPARTHA Medical develops personalised multifunctional coatings with antimicrobial and anti-inflammatory properties.,European Innovation Council,"Consulting, Medical",
ALEIA,"Paris, Ile-de-France, France, Europe",Seed,2300000,EUR,2022-02-01,https://www.aleia.com/,ALEIA is an IT firm that offers a platform to assist individuals with AI-related projects.,,"Artificial Intelligence (AI), Information Services, Information Technology",
Carsup,"Paris, Ile-de-France, France, Europe",Seed,2300000,EUR,2022-01-01,https://en.carsup.io/,Carsup offers concierge services for exceptional cars.,,"Automotive, Service Industry",
Cikaba,"Clermont-ferrand, Auvergne, France, Europe",,2300000,EUR,2022-03-15,https://www.cikaba.com,Cikaba provides solution for prevention policy.,"Bpifrance, UI Investments","Information Technology, Infrastructure, Professional Services, Security",
Whympr,"Chamonix, Rhone-Alpes, France, Europe",Seed,2200000,EUR,2022-12-29,https://www.whympr.com/,"Whympr helps you plan, organize and keep track of your mountain outings.",,"Android, Apps, Communities, Mapping Services, Outdoors",
Evera,"Toulouse, Midi-Pyrenees, France, Europe",Seed,2200000,EUR,2022-10-06,https://www.evera.co,"Evera, making electric mobility (EV) evident and accessible for everyone.","astorya.vc, MCAPITAL, Newfund","Financial Services, Insurance, Online Portals, Quality Assurance",
Barooders,"Annecy-le-vieux, Rhone-Alpes, France, Europe",Seed,2200000,EUR,2022-09-20,https://barooders.com,Barooders is the community platform to buy and sell second-hand sports equipment.,"Kima Ventures, Stan Wawrinka","E-Commerce, Retail, Sporting Goods",
Flynt,"Malakoff, Ile-de-France, France, Europe",Seed,2200000,EUR,2022-04-29,https://www.goflynt.io,"Flynt is a software development firm offering an online platform for restaurants to manage orders, revenue, and performance strategies.","Edward Lando, Kima Ventures, Nadav Ben-Chanoch, Pareto Holdings","Digital Marketing, Facility Management, Software",
Money Walkie,"Paris, Ile-de-France, France, Europe",Seed,2200000,EUR,2022-03-01,https://moneywalkie.com/,Money walkie is an NFC wallet payment solution for kids.,The Moon Venture,"EdTech, FinTech, Payments",
Credova,"Vausseroux, Poitou-Charentes, France, Europe",,2115000,USD,2022-01-14,https://credova.com/,Credova is a consumer financing platform for online lenders that provides its users with consumers as well as business loans.,,"Banking, Finance, Financial Services",
Caeli Énergie,"Grenoble, Rhone-Alpes, France, Europe",Pre-Seed,2100000,EUR,2022-01-01,https://www.caeli-energie.com,Caeli Énergie develops and manufactures next-generation air conditioners with great energy efficiency and a minimal carbon impact.,,"Electronics, Manufacturing",
BuyCo,"Marseille, Provence-Alpes-Cote d'Azur, France, Europe",,2002000,EUR,2022-12-31,http://buyco.co,BuyCo is a collaborative SaaS platform that enables large exporters and importers to manage their maritime container shipments.,,"Logistics, Marine Transportation, SaaS, Software, Supply Chain Management, Transportation",
La Tournée,"Paris, Ile-de-France, France, Europe",Pre-Seed,2000000,EUR,2022-12-06,https://la-tournee.co/,La Tournée provides food and beverages delivery service.,Frst,"Food and Beverage, Food Delivery, Organic, Recycling",
Heex Technologies,"Paris, Ile-de-France, France, Europe",Pre-Seed,2000000,EUR,2022-11-22,https://heex.io,Smart Data for AI development.,"Bpifrance, Karista","Artificial Intelligence (AI), Autonomous Vehicles, Data Collection and Labeling, Data Management, Generative AI, Machine Learning, Robotics, Software",
Bealy health,"Paris, Ile-de-France, France, Europe",Pre-Seed,2000000,USD,2022-11-01,https://www.bealy.io/,Bealy is a prevention and health solution dedicated to employees to improve their daily health and well-being.,Nicolas Douay,"Fitness, Health Care, Personal Health, Wellness",
neuroo,"Le Petit-quevilly, Haute-Normandie, France, Europe",Pre-Seed,2000000,USD,2022-10-17,https://www.neuroo.ai/,Empower your CCTV network with realtime AI based analytics,,"Artificial Intelligence (AI), Computer Vision, Homeland Security, Physical Security, Retail Technology, Smart Cities, Software",
Reflect,"Paris, Ile-de-France, France, Europe",Pre-Seed,2000000,EUR,2022-09-29,https://getreflect.io/,Reflect is a HR & Finance Analytics platform turning scattered people data into a single source of truth for smarter decisions.,"Antoine Fabre, Evolem Start, Kima Ventures, Matthieu Birach, Roxanne Varza, Thibaud Elziere, XAnge","Analytics, Business Intelligence, Human Resources, SaaS",
Nutropy,"Bas Évry, Bourgogne, France, Europe",Pre-Seed,2000000,EUR,2022-09-12,https://nutropy.com/,"Nutropy produces real milk ingredients, identical to those produced by cows.","Beast Ventures, Big Idea Ventures, FoodHack, HackCapital, Jeriko, Mudcake, Techmind, Veg Capital","Alternative Protein, Consumer Goods, Product Research",
Numias,"Paris, Ile-de-France, France, Europe",Pre-Seed,2000000,EUR,2022-09-08,https://www.numias.com/,Numias provides payment solutions that enables businesses to benefit from the added value of blockchain technology.,"Motier Ventures, Purple","Blockchain, Payments, Product Management, Web3",
Naboo,"Paris, Ile-de-France, France, Europe",Pre-Seed,2000000,EUR,2022-06-01,https://naboo.app,Naboo provides a platform for planning and booking corporate offsite events.,"CapHorn Invest, MAIF Avenir","Events, Hospitality, Human Resources, Software",
Gama,"Ivry-sur-seine, Ile-de-France, France, Europe",Pre-Seed,2000000,USD,2022-03-21,https://www.gamaspace.com/,Gama is a space exploration and interplanetary transportation company.,"AA Sons, Alex Macdonald, Andrew Nutter, Center National D'Etudes Spatiales, Edward Lando, Marie Outtier, Nadav Ben-Chanoch, Pareto Holdings, Possible Ventures","Manufacturing, Military, Space Travel",
Jurnee,"Paris, Ile-de-France, France, Europe",Pre-Seed,2000000,USD,2022-01-05,https://www.jurnee.io,Jurnee is a Saas-enabled AI-powered global corporate event marketplace,Angular Ventures,"Enterprise Software, Events, Hospitality, Software",
Ron Dorff,"Paris, Ile-de-France, France, Europe",Private Equity,2000000,EUR,2022-03-11,https://rondorff.com,"Ron Dorff is a retail fashion company that provides sportswear, underwear, loungewear, and swimwear.",Puma Private Equity,"Fashion, Retail, Textiles",
Cube,"Paris, Ile-de-France, France, Europe",Seed,2000000,EUR,2022-12-01,https://www.cubeapps.co,Cube reshapes the web agency with a premium online experience throughout the app creation journey.,,"Apps, Artificial Intelligence (AI), Web Apps, Web Development",
Cube,"Paris, Ile-de-France, France, Europe",Seed,2000000,EUR,2022-12-01,https://www.cubeapps.co,Cube reshapes the web agency with a premium online experience throughout the app creation journey.,,"Apps, Artificial Intelligence (AI), Web Apps, Web Development",
Snowpack,"Orsay, Ile-de-France, France, Europe",Seed,2000000,EUR,2022-11-15,https://snowpack.eu/,Snowpack protects users’ digital freedom.,"28DIGITAL, Arion Venture Capital, Bpifrance, Defense Angels, Itera Invest","Cyber Security, Information Technology, Privacy",
NectarGo,"Lille, Nord-Pas-de-Calais, France, Europe",Seed,2000000,EUR,2022-10-28,https://www.nectargo.fr,NectarGo is a platform that connects local traders and producers.,"50 Partners, Evolem Start, Frederic Halley, High Flyers Capital, Super Capital VC","Agriculture, Logistics, Supply Chain Management",
Supercosi,"Paris, Ile-de-France, France, Europe",Seed,2000000,EUR,2022-10-24,https://www.supercosi.com,Supercosi is a mobile game start-up that develops and launches casual games for all types of players.,"Bpifrance, Kima Ventures, TRUST ESPORT","Casual Games, Gaming, Mobile, Video Games",
Picsellia,"Toulouse, Midi-Pyrenees, France, Europe",Seed,2000000,EUR,2022-10-11,https://picsellia.com,"Picsellia is an end-to-end, highly scalable, MLOps Platform, dedicated to Computer Vision.","Acequia Capital (AceCap), Axeleo Capital, Ludovic Le Moan","Artificial Intelligence (AI), Computer Vision, Information Technology",
BAOUW / Outdoor Organic Nutrition,"Les Auvergnes, Rhone-Alpes, France, Europe",Seed,2000000,EUR,2022-10-10,https://www.baouw-organic-nutrition.com/,"BAOUW / Outdoor Organic Nutrition sells organic nutrition bars, purees, energy nut,s and other accessories for athletes.","C2Ad, Crédit Agricole Alpes Development, Jean-Christophe Liaubet, Seventure Partners","Food and Beverage, Food Processing, Organic Food",
DIVIE,"Paris, Ile-de-France, France, Europe",Seed,2000000,EUR,2022-10-05,https://divie.fr/the-brand/?lang=en,Divie is a retail firm that sells wellness products online.,Bpifrance,"Cannabis, E-Commerce, Personal Health, Retail, Wellness",
Starbolt,"Paris, Ile-de-France, France, Europe",Seed,2000000,EUR,2022-09-29,https://www.starbolt.co,Starbolt provides electric bike subscription services to companies.,"Atlantique Vendée Innovation, Pays de la Loire Participations","Electric Vehicle, Retail",
Patrowl,"Paris, Ile-de-France, France, Europe",Seed,2000000,EUR,2022-09-26,https://patrowl.io/,Patrowl helps you to identify and harden you External Security Posture with realtime and continuous Pentest-as-a-Service solution,Auriga Cyber Ventures,"Cyber Security, Penetration Testing, Risk Management, SaaS, Software",
Outmind,"Paris, Ile-de-France, France, Europe",Seed,2000000,EUR,2022-09-22,https://outmind.ai,"SaaS allowing to do text searches within all your tools, finding internal information or the right colleague that can help you.","Super Capital VC, WinEquity","Information Technology, Internet, Software",
Corporatings,"Paris, Ile-de-France, France, Europe",Seed,2000000,EUR,2022-09-21,https://www.corporatings.com/,Corporatings specializes in extracting and processing structured and non-structured fundamental data directly from company publications.,"50 Partners, Elaia, VAeX Capital Partners","Data Center, Data Integration, Data Storage",
Berny,"Nantes, Pays de la Loire, France, Europe",Seed,2000000,EUR,2022-09-16,http://www.bernypack.com,Berny is an operator of a reuse solution and puts itself at the service of its customers to offer them a concrete solution,"Epopée Gestion, Pays de la Loire Participations","Environmental Consulting, Environmental Engineering",
Monga,"Paris, Ile-de-France, France, Europe",Seed,2000000,EUR,2022-09-12,https://www.monga.io/,Monga is a SaaS platform for real estate asset management.,"Axeleo Capital, Pauline Boucon Duval",Real Estate,
WeDressFair,"Lyon, Rhone-Alpes, France, Europe",Seed,2000000,USD,2022-09-01,https://www.wedressfair.fr/,WeDressFair is a select-store of beautiful brands that place the respect of workers and the environment at the center.,"Bpifrance, Kickston, KIMPA, Makesense Seed I",Retail,
CiviTime,"Roubaix, Nord-Pas-de-Calais, France, Europe",Seed,2000000,EUR,2022-08-30,https://www.civitime.com/,CiviTime provides innovative and customizable gaming solutions that help improve employee engagement through the pride of belonging.,"BNP Paribas, Bpifrance, Région Centre-Val de Loire, Societe Generale, WeLikeStartup","Corporate Training, Personal Development, Serious Games",
Montvel,"Paris, Ile-de-France, France, Europe",Seed,2000000,EUR,2022-07-11,https://montvel.com/en,Montvel provides unique gourmet barbecues.,"Alain Dinin, Bertrand Meunier, Carol Deligeard, Catherine Daneyrole, Clement Chaulot, Elie Aboucaya, Emmanuel Brunet, Hubert de Vaulgrenant, Jacques-Antoine Granjon, Jean de La Rochebrochard, Kima Ventures, Matthew Sommer, Nicolas COSON, Ombeline Choupin, Purple Development, Reza Joomun, Romain Verani, SERRA Claude, Stephane Dupayage, Stephane Richard, Tikehau Capital, Vincent Thomas","Cooking, Innovation Management, Manufacturing, Recipes",
Thabor Therapeutics,"Paris, Ile-de-France, France, Europe",Seed,2000000,EUR,2022-07-06,http://www.thabor-tx.com,Thabor Therapeutics develops innovative treatments for mucosal inflammatory diseases.,Bpifrance,Biotechnology,
Digital4better,"Nantes, Pays de la Loire, France, Europe",Seed,2000000,EUR,2022-06-30,https://digital4better.com/,"Digital4better provides software development, consulting services, and other digital solutions for large organizations.",GO CAPITAL,"Consulting, Information Technology, Software",
Patrowl,"Paris, Ile-de-France, France, Europe",Seed,2000000,EUR,2022-06-24,https://patrowl.io/,Patrowl helps you to identify and harden you External Security Posture with realtime and continuous Pentest-as-a-Service solution,"Auriga Partners, Région Ile-de-France","Cyber Security, Penetration Testing, Risk Management, SaaS, Software",
WeeFin,"Neuilly-sur-seine, Ile-de-France, France, Europe",Seed,2000000,EUR,2022-06-14,https://weefin.co,WeeFin is a fintech company that help financial institutions effectively manage and scale their sustainability and ESG strategies.,"Asterion Ventures, Impactivist","Financial Services, FinTech, SaaS, Software",
Granular Energy,"Paris, Ile-de-France, France, Europe",Seed,2000000,EUR,2022-06-14,https://www.granular-energy.com/,Granular Energy is the platform of the future for managing and trading clean energy.​,"Powerhouse Ventures, Revent, Seedcamp, Vireo Ventures","Energy, Web Development",
Carbonfact,"Paris, Ile-de-France, France, Europe",Seed,2000000,USD,2022-06-09,http://www.carbonfact.com,"Fast, scalable life-cycle assessments to help fashion brands lower their scope 3 emissions.","Alven, Y Combinator","Information Services, Information Technology, Productivity Tools, Software",
Goodvest,"Paris, Ile-de-France, France, Europe",Seed,2000000,EUR,2022-06-08,https://goodvest.fr,Goodvest offers responsible savings focused on ethic and transparency.,"Benjamin Gaignault, Dimitri Farber Garcia, Globivest, Julien Callede, Polytechnique Ventures, Super Capital VC","FinTech, GreenTech",
Ideel,"Paris, Ile-de-France, France, Europe",Seed,2000000,EUR,2022-06-01,https://ideel.io/,Ideel is a Software Company.,"Bpifrance, Seventure Partners, Techmind",Software,
Revyze,"Paris, Ile-de-France, France, Europe",Seed,2000000,EUR,2022-06-01,https://www.revyze.fr/,Revyze is an educational app that offers video resources for college preparation.,"AirAngels, Arion Venture Capital, Charles Gorintin, Firstminute Capital, Jean Charles Samuelian, Julia Bijaoui, Kima Ventures, Kintxo Cortés, Lenny Rachitsky, Ligature VC, Mathilde Collin, Nathan Blecharczyk, Nomad Capital Partners, Olivier Dacourt, Roxanne Varza, Thomas France, Varsha Rao","Apps, EdTech, Higher Education",
Caption,"Paris, Ile-de-France, France, Europe",Seed,2000000,EUR,2022-05-12,https://caption.market/,Caption offers a platform for buying and selling shares.,,"Angel Investment, Financial Exchanges, Marketplace, Personal Finance",
Miratlas,"Pertuis, Provence-Alpes-Cote d'Azur, France, Europe",Seed,2000000,EUR,2022-05-10,https://miratlas.com/,MIRATLAS SAS designs and manufactures instrumentation providing continuous and real-time atmospheric measurements.,"Karista, Région Sud Investissement",Information Technology,
Videtics,"Valbonne, Provence-Alpes-Cote d'Azur, France, Europe",Seed,2000000,EUR,2022-04-21,https://videtics.com,Videtics is an Intelligent Video Analytics SaaS platform.,Bpifrance,"Artificial Intelligence (AI), Computer Vision, Machine Learning, Software, Video",
Campsider,"Annecy, Rhone-Alpes, France, Europe",Seed,2000000,EUR,2022-04-07,https://www.campsider.com,Campsider is a community market that provides second-hand outdoor sports equipment.,"Founders Future, Inovexus","E-Commerce, Shopping, Sporting Goods, Supply Chain Management",
Waste Marketplace,"Villeurbanne, Rhone-Alpes, France, Europe",Seed,2000000,EUR,2022-04-07,https://www.wastemarketplace.fr,Waste Marketplace offers a digital solution for managing construction and industrial site waste.,Groupe SMA,"Construction, Waste Management",
bem.builders,"Paris, Ile-de-France, France, Europe",Seed,2000000,EUR,2022-02-14,https://www.bem-ad.network/,"bem.builders is a multi-service web3 agency that provides architectural, artistic, and experiential bridges between brands and the metaverse","Karot Capital, Keyrus, Younicorns","Advertising, Metaverse, Web3",
Holivia,"Marseille, Provence-Alpes-Cote d'Azur, France, Europe",Seed,2000000,EUR,2022-02-10,https://www.holivia.fr/,Holivia offers employees a confidential and tailor-made experience.,"50 Partners, Acadian Ventures","Health Care, Information Technology, Internet",
Buster.Ai,"La Défense, Ile-de-France, France, Europe",Seed,2000000,EUR,2022-01-12,https://buster.ai/,"Buster is a fact-checking platform that enables media, companies, and organisations to assess content integrity.","Mehdi Ghissassi, OneRagtime, Takara Capital","Artificial Intelligence (AI), Cyber Security, Journalism, Machine Learning, Natural Language Processing, SaaS, Software",
Mobility Work,"Paris, Ile-de-France, France, Europe",Series A,2000000,EUR,2022-10-17,http://www.mobility-work.com/,Mobility Work is developer of software designed for maintenance management.,"Farinia Group, Saint-Gobain","Communities, Industrial, Information Technology, Mobile, Social Network, Software",
Monabee,"Dardilly, Rhone-Alpes, France, Europe",Series A,2000000,EUR,2022-06-30,https://www.monabee.fr/,Monabee provides assistance to individuals and businesses in the purchase and installation of energy-saving solutions.,ODYSSEE VENTURE,"Energy, Renewable Energy, Solar",
Fygr,"Paris, Ile-de-France, France, Europe",,2000000,EUR,2022-12-07,https://fygr.io,Fygr is a cash management and forecasting solution service.,Havenrock,"Finance, Financial Services, Service Industry",
Graftys,"Aix-en-provence, Provence-Alpes-Cote d'Azur, France, Europe",,2000000,EUR,2022-07-18,http://www.graftys.com/en,Graftys is a France-based early-stage company focused on advanced bone biologics.,"GO CAPITAL, Innovation Fund, Meusinvest (Noshaq), Quest Venture Partners","Biotechnology, Fitness, Health Care, Wellness",
Starkage Therapeutics,"Lille, Nord-Pas-de-Calais, France, Europe",,2000000,EUR,2022-01-20,https://starkagetx.com/,Starkage Therapeutics is a biotechnology company that aims to delay and improve quality of life of patients with age-related diseases.,Bpifrance,"Biotechnology, Medical",
Rayon,"Paris, Ile-de-France, France, Europe",Pre-Seed,1900000,EUR,2022-06-15,https://www.rayon.design,Rayon is the fastest software to create perfect architectural drawings.,"Foundamental, Joe Thomas, Jonathan Widawski, Kima Ventures, Nicolas Steegmann, Quentin Nickmans, Ralph Gootee, Riggs Kubiak, Seedcamp, The Twenty Minute VC, Thibaud Elziere","Apps, Architecture, Interior Design, Software",
Whaly,"Paris, Ile-de-France, France, Europe",Seed,1900000,USD,2022-06-29,https://whaly.io/,Whaly allows business teams to build analytics and reports on top of their everyday tools without coding.,"Kima Ventures, redalpine, Ventech, Y Combinator","Analytics, Artificial Intelligence (AI), Business Intelligence, Software",
L3V3L,"Strasbourg, Alsace, France, Europe",Seed,1800000,EUR,2022-12-12,https://l3v3l.games/,L3V3L is a web3 video game development toolkit.,,"Gaming, Web3",890344708
Moneco,"Halles, Lorraine, France, Europe",Seed,1800000,USD,2022-11-01,https://moneco.app,Moneco is a financial application that aims to provide financial products.,"Kima Ventures, Soma Ventures","Consulting, Financial Services, FinTech",
Futura,"Saint-raphaël, Provence-Alpes-Cote d'Azur, France, Europe",Seed,1800000,EUR,2022-08-01,https://www.futura-sciences.com,"Futura publishes news on science, health, technology, discoveries and planets.","Attilio Mazzilli, EXOR N.V., Ithaca Investments, Luca Ascani, Matteo de Brabant, United Ventures","Health Care, Media and Entertainment, News, Publishing",
Mokki,"Paris, Ile-de-France, France, Europe",Seed,1800000,EUR,2022-07-05,http://www.mokkispace.com/,"Mokki makes circular economy the new normal, creating a one-stop destination for reselling - donating - recycling your items.",Second Century Ventures,"Fashion, Property Development, Property Management, Real Estate, Sharing Economy",
Reglo,"Paris, Ile-de-France, France, Europe",Seed,1800000,EUR,2022-05-16,https://www.reglopetfood.com,Reglo develpos food for dogs and cats.,AA Sons,"Alternative Protein, Animal Feed, Farming, Manufacturing, Pet",
Hoopcare,"Paris, Ile-de-France, France, Europe",Seed,1800000,EUR,2022-05-05,https://www.hoopcare.com,HoopCare offers a spectrum of preoperative services to prepare patients for surgery.,"MACSF, Newfund","Health Care, Medical Device, SaaS",
Qori,"Paris, Ile-de-France, France, Europe",Seed,1800000,EUR,2022-04-15,http://www.qori.me/,Qori is a pioneer mobile payment solution allowing brick and mortattr merchants to cost-effectively accept bank and crypto payments.,"Firestartr, Golden Record Ventures, Guillaume Princen, Hottinger Group, Systema, T0 Ventures","Cryptocurrency, Financial Services, Payments, Retail, Service Industry",
Everimpact,"Paris, Ile-de-France, France, Europe",Seed,1711000,EUR,2022-12-14,https://www.everimpact.com,"Carbon Tracking system for Cities, Ships, Ports, and industrial sites","ADB Ventures, Blue Star Group, Climate-KIC, EIT Urban Mobility, Grow, IMC Ventures, MOL PLUS, Motion Ventures, Rainmaking, Transport Capital, Wilhelmsen Marine Fuels (WMF)","Environmental Consulting, Internet",
BioMAdvanced Diagnostics,"Nantes, Pays de la Loire, France, Europe",Seed,1700000,EUR,2022-09-27,https://www.biomadvanced-diagnostics.com/,BioMAdvanced Diagnostics is a developer of molecular diagnostic and biomarker tests.,"Atlantique Vendée Innovation, Bpifrance, Pays de la Loire Participations, Sodero Gestion","Medical, Medical Device",
SPART,"Paris, Ile-de-France, France, Europe",Seed,1700000,EUR,2022-07-05,https://en.spart.life/,"SPART offers tailor-made programs to improve the physical health, mental well-being, and cohesion of teams.",Bpifrance,"Health Care, Personal Health, Wellness",
SCOP3,"Montpellier, Languedoc-Roussillon, France, Europe",Seed,1700000,EUR,2022-03-24,https://www.scop3.com/,SCOP3 is a platform that gives new life to professional equipment.,"Groupe NICOLLIN, IRDI SORIDEC Gestion, NGB Invest","Environmental Consulting, Recycling, Waste Management",
Sitowie,"Paris, Ile-de-France, France, Europe",Seed,1700000,EUR,2022-03-14,https://sitowie.fr/,Sitowie develops SaaS technology and tools to understand the degradation of buildings.,"Femmes Business Angels, Karista, Paris Business Angels, Unico Partners, WinEquity","Information Technology, SaaS, Software",
Figures,"Paris, Ile-de-France, France, Europe",Seed,1700000,EUR,2022-01-19,https://figures.hr,"Figures provides real time compensation intelligence to companies, with the most extensive benchmark for European venture-backed companies.","Bpifrance, Kima Ventures, Patrick Amiel, Seedcamp","Human Resources, Information Technology, Software",
Elmut,"Paris, Ile-de-France, France, Europe",Seed,1700000,EUR,2022-01-04,https://www.elmut.fr,Elmut is a fresh dogfood subscription that cooks and delivers fresh home-cooked meals for their dog.,,"Agriculture, Delivery, E-Commerce, Food and Beverage, Health Care",
FidéCoin by FideClub,"Paris, Ile-de-France, France, Europe",Seed,1690000,EUR,2022-12-31,https://fidecoin.com/,FidéCoin is the first currency of loyalty on WhatsApp,RAMACORP Int,"Digital Marketing, FinTech, Internet, Loyalty Programs, Marketing, Payments",
Koolboks,"Rosny-sous-bois, Ile-de-France, France, Europe",Seed,1650000,USD,2022-01-28,https://www.koolboks.com,"Koolboks is a machinery manufacturing and selling company that provides solar-powered freezers, and ice makers for continuous refrigeration.","Acumen, Aruwa Capital, PG Impact Investments","Battery, Energy Storage, Renewable Energy",
Fluctuo,"Paris, Ile-de-France, France, Europe",Seed,1650000,EUR,2022-01-19,https://fluctuo.com,"Fluctuo is the leader in mobility enablement, providing teams with exhaustive, accurate data to accelerate the growth of shared mobility.","574 Invest, Statkraft Ventures","Information Technology, SaaS, Software",
Kapp Retail,"Lyon, Rhone-Alpes, France, Europe",Pre-Seed,1600000,EUR,2022-03-17,https://kapp-retail.com,Kapp Retail is the digitalized matching platform for the project leaders and franchises to find their ideal brands.,,"Retail, Retail Technology",
DinMo,"Paris, Ile-de-France, France, Europe",Pre-Seed,1600000,EUR,2022-11-22,https://www.dinmo.io/,DinMo is a modern Customer Data Platform for non technical teams that can be live in minutes,"Amirhossein Malekzadeh, Financiere Saint James, Kima Ventures, Motier Ventures, Seedcamp, Stephane Levy","Information Technology, Product Design, Software",
getinside,"Toulouse, Midi-Pyrenees, France, Europe",Seed,1600000,EUR,2022-11-16,https://www.getinside.fr,Getinside is an e-commerce company that provides retail services for e-merchants.,"Daniel Broche, Founders Future, Franck Da Silva, Frederic Montagnon, Gilles Moncaubeig, Julien Romanetto","E-Commerce, Internet, Retail",
Kermap,"Cesson-sévigné, Bretagne, France, Europe",Seed,1600000,EUR,2022-11-03,https://kermap.com,"Kermap works in geographic information, analysis, and data visualization for land use planning and environmental protection.","Earthworm Foundation, Sodero Gestion","Analytics, Data Visualization, Information Technology, Software",
Hysope,"Bordeaux, Aquitaine, France, Europe",Seed,1600000,EUR,2022-09-30,https://www.hysope.co/,Hysope is a mixers for cocktails and other food and beverage services in the organic sector.,High Flyers Capital,"Food and Beverage, Nutrition, Organic",
Axomove,"Loos, Nord-Pas-de-Calais, France, Europe",Seed,1600000,EUR,2022-06-20,https://www.axomove.com,Axomove is an e-health app that specializes in video physical exercises.,"Faraday Venture Partners, Groupe JLO, Santélys","Fitness, Health Care, Wellness",
Intradys,"Brest, Bretagne, France, Europe",Seed,1600000,EUR,2022-06-17,http://intradys.com/,Intradys is a developer of medical software technology designed for interventional neuroradiology.,Bpifrance,"Augmented Reality, Health Care, Machine Learning, Medical",
Sensivic,"Orléans, Centre, France, Europe",Seed,1600000,EUR,2022-06-15,https://www.sensivic.com/en,Sensivic developed an audio detection system.,"Bpifrance, Capitole Angels, Itera Invest, Les Business Angels des Grandes Écoles, Myrtus Venture, Val De France Angels, WeLikeStartup","Cyber Security, Enterprise Software, Security",
Equisign,"Paris, Ile-de-France, France, Europe",Series A,1600000,EUR,2022-05-24,https://www.equisign.fr,Equisign is a software editor specialized in digital security.,Business Angel,"Cyber Security, Software",
Zelok,"Les Sables-d'olonne, Pays de la Loire, France, Europe",,1600000,EUR,2022-12-09,https://www.zelok.fr/,Zelok is a digital web platform for property rentals.,,"Online Portals, Property Management, Real Estate, Rental",
Collectif Énergie,"Nantes, Pays de la Loire, France, Europe",,1600000,EUR,2022-03-30,https://www.collectifenergie.com,Collectif Énergie is an energy management service provider which enables customers to buy and consume electricity and gas more efficiently.,Bpifrance,"Consulting, Energy, Energy Efficiency, Energy Management, Oil and Gas",
SENSE in,"Ploemeur, Bretagne, France, Europe",Seed,1550000,EUR,2022-05-09,https://sense-in.fr/,SENSE in develops and produces monitoring solutions.,"Crédit Agricole, GO CAPITAL, Innovation Fund, Société Financière Lorient Développementis","Information Technology, Manufacturing",
Giskard,"Paris, Ile-de-France, France, Europe",Pre-Seed,1500000,EUR,2022-12-15,https://giskard.ai,Prevent AI Failures: Automated Red Teaming platform for AI agents to prevent security vulnerabilities and ensure business alignment,"Bessemer Venture Partners, Charles Gorintin, Chris Schagen, Christine Balagué, Elaia, Julien Chaumond, Nathalie Gaveau, Nick Hernandez, Oscar Salazar, Shéhérazade Semsar- de Boisséson, Victor Coisne","Artificial Intelligence (AI), Developer Tools, Machine Learning, Software",
BioEsol,"Grenoble, Rhone-Alpes, France, Europe",Pre-Seed,1500000,USD,2022-11-30,https://www.bioesol.com,BioEsol provides AI-driven energy-storage systems and software that monitor and optimize electricity use for businesses.,Techstars,"Artificial Intelligence (AI), Battery, Energy Storage, Renewable Energy",
Digitiz.me,"Les Auvergnes, Rhone-Alpes, France, Europe",Pre-Seed,1500000,EUR,2022-10-21,https://www.digitiz.me/,Digitaliz.me is software for managing all digital media and providing applications for mobile phone services.,"Banque Populaire Group, Bpifrance Digital Venture, Caisse d’Epargne, KREAXI, TRAIL SOLUTIONS PATRIMOINE","Software, Web Development",
La Solive,"Paris-l'hopital, Bourgogne, France, Europe",Pre-Seed,1500000,EUR,2022-09-29,http://www.la-solive.com,La Solive provides practical and intensive training intended to teach a concrete profession of ecological transition.,"Boris Paillard, Francis Nappez, Laurent Morel, Thibaud Hug de Larauze, Thierry Petit","Consulting, Professional Networking, Training",
Caravel Pension,"Clichy, Ile-de-France, France, Europe",Pre-Seed,1500000,EUR,2022-06-08,https://www.getcaravel.fr,Caravel offers a simple and transparent pension plan for individuals.,"ANYTIME, Audacia, CapHorn Invest, Fruitz, MADE, Tomcat Capital","Financial Services, FinTech, GreenTech, Insurance, InsurTech",
Bleen,"Paris, Ile-de-France, France, Europe",Pre-Seed,1500000,EUR,2022-06-01,https://mybleen.com/,"Building a new outdoor home brand, starting with lawn care. It’s simple, easy to use, and personalized to your home.","Alexandre Yazdi, Alexis Bonillo, Antoine Martin, Aude du Colombier, Bertrand Picard, Jean-Philippe Darnault, Martin Balas","E-Commerce, Home and Garden",
Aletiq,"Paris, Ile-de-France, France, Europe",Pre-Seed,1500000,EUR,2022-04-15,https://www.aletiq.com,Aletiq is an online PLM software that offers technical data management solutions for industrial companies.,"Angel Invest, another.vc, BACS-Innov, Christian Dahlen, Christian Stiebner, Kima Ventures, Markus Ament, Stephane Albernhe","Consulting, Data Management, Information Technology, Software",
Unagi,"Paris, Ile-de-France, France, Europe",Pre-Seed,1500000,EUR,2022-04-01,https://www.unagi.games,Unagi builds Web3 games with blockchain assets and NFT-based sports experiences.,Mario Götze,"PC Games, Sports",
Dataïads,"Montreuil, Ile-de-France, France, Europe",Pre-Seed,1500000,EUR,2022-03-14,https://en.dataiads.io/,Dataïads solution increases the ROI of product advertisements by creating smarter landing pages.,"Jean Canzoneri, Nicolas Sterckx, Thierry Jadot, Thomas Pasquet","Advertising, Digital Marketing, Enterprise Software, Marketing, Social Media Advertising",
Tri’n’collect,"Nantes, Pays de la Loire, France, Europe",Seed,1500000,EUR,2022-12-01,https://www.tri-n-collect.fr/,"Tri'n'collect provides a customized service for sorting, collecting, and recycling building trash.",Banque des Territoires,"Business Development, Recycling, Service Industry",
Tri’n’collect,"Nantes, Pays de la Loire, France, Europe",Seed,1500000,EUR,2022-12-01,https://www.tri-n-collect.fr/,"Tri'n'collect provides a customized service for sorting, collecting, and recycling building trash.",Banque des Territoires,"Business Development, Recycling, Service Industry",
Popwork,"Paris, Ile-de-France, France, Europe",Seed,1500000,EUR,2022-11-29,https://pop.work/,"Popwork helps managers and their teams focus on what matters, share meaningful feedback and get the work done.",Evolem Start,"Human Resources, Productivity Tools, Software",
Emulseo,"Pessac, Aquitaine, France, Europe",Seed,1500000,EUR,2022-11-17,https://www.emulseo.com,Emulseo develops and produces formulations for droplet-based microfluidic applications.,"AQUITI Gestion, Finaqui","Biotechnology, Manufacturing, Pharmaceutical",
Matcha,"Paris, Ile-de-France, France, Europe",Seed,1500000,EUR,2022-11-11,https://www.matcha.wine/fr,Matcha uses SaaS software and Cloud services to improve its productivity and launch new services.,Karot Capital,"E-Commerce, Food and Beverage, SaaS, Wine And Spirits",
Stratosfair,"Lanester, Bretagne, France, Europe",Seed,1500000,EUR,2022-11-04,https://stratosfair.com/,Stratosfair is an innovative start-up that provides a concrete and local solution.,,Data Center,
LeGratin.io,"Paris, Ile-de-France, France, Europe",Seed,1500000,EUR,2022-10-24,https://www.legratin.io,LeGratin.io is a freelance platform that responds to tech and digital freelance projects.,,"Human Resources, Internet, Recruiting, Staffing Agency",
FlexLiving,"Paris, Ile-de-France, France, Europe",Seed,1500000,EUR,2022-10-20,https://flexliving.fr/,FlexLiving provides a part-time housing solution.,"Altur Investissement, Vincent Dubois",Real Estate,
Unico,"Paris, Ile-de-France, France, Europe",Seed,1500000,EUR,2022-10-18,https://www.unicofrance.com,Unico engages in promoting and optimizing waste collection in order to reduce waste production.,"Holnest, Melting Capital, Seed4Soft","CleanTech, Environmental Consulting, Waste Management",
Commune,"Paris, Ile-de-France, France, Europe",Seed,1500000,EUR,2022-09-26,https://commune.house/en/home/,Commune is a regular household and co-living solutions provider for single-parent families.,"Benjamin Abdi, Bpifrance, Celine Lazorthes, Celine Orjubin, Danielle Deruy, Florent Malbranche, Julien Dassault, Kelly Dassault, Mathilde Soubie, Olivier Bonnet, Sebastien Roca","Home Services, Real Estate, Rental",
Conformitee,"Lyon, Rhone-Alpes, France, Europe",Seed,1500000,EUR,2022-06-23,https://www.conformitee.fr,Conformitee offers pooling services for the banking regulatory file.,"Bpifrance, Crédit Agricole Centre-Est, Crédit Mutuel Arkéa","Compliance, Financial Services, Security",
mobee travel,"Lyon, Rhone-Alpes, France, Europe",Seed,1500000,EUR,2022-06-07,https://www.mobeetravel.com,Mobee Travel is the 1st holiday booking platform dedicated to people with special needs.,"Bpifrance, Thierry Petit","Leisure, Social Entrepreneurship, Tourism, Travel, Travel Agency",
New Tales,"Paris, Ile-de-France, France, Europe",Seed,1500000,EUR,2022-05-31,https://www.newtales.com,"New Tales develops and publishes games, focusing on original IPs and supporting partner studios.","Aglaé Ventures, Kima Ventures, Motier Ventures, Sisu Game Ventures","Gaming, Online Games, Video Games",
Tikker,"Paris, Ile-de-France, France, Europe",Seed,1500000,EUR,2022-05-28,https://tikker.ai,"Tikker is an intelligent, cloud-based voice negotiation platform solution, to aggregate, scale up and optimize execution workflows.",,,
Eden AI,"Lyon, Rhone-Alpes, France, Europe",Seed,1500000,EUR,2022-04-27,https://www.edenai.co,A unique API connected to the best AI engines and combined with a powerful management platform,"Benjamin Fabre, Georges Gomes, Jean-Baptiste Aviat, Julien Lemoine, Laurent Letourmy, Nicolas Dessaigne, Olivier Pomel, Sebastien Pahl, Thomas Grange","Artificial Intelligence (AI), Computer Vision, Developer APIs, Facial Recognition, Machine Learning, Software, Speech Recognition, Text Analytics, Translation Service",
SUN ZU Lab,"Metz, Lorraine, France, Europe",Seed,1500000,EUR,2022-04-21,https://sunzulab.com,SUN ZU Lab is an independent provider of quantitative analytics for crypto professionals.,"Elaia, Kima Ventures","Analytics, Cryptocurrency, Information Technology",
Otaree,"Saint-Étienne-des-guérets, Centre, France, Europe",Seed,1500000,EUR,2022-04-01,https://www.otaree.com,OTAREE is a marketing platform for real estate.,,"Apps, CRM, Training",
Sealk,"Paris, Ile-de-France, France, Europe",Seed,1500000,EUR,2022-04-01,https://sealk.com,"Sealk is an AI-powered deal sourcing platform for the merger and acquisition, private equity, corporate, and consulting industries.","Business Angels, Frenchfounders, InReach Ventures","Artificial Intelligence (AI), Information Services, Machine Learning",
Retail VR,"Nantes, Pays de la Loire, France, Europe",Seed,1500000,EUR,2022-04-01,https://retail-vr.com,Retail VR is a 3D platform to create places of virtual commerce.,"ABAB (Atlantic Business Angels Booster), Femmes Business Angels, Pays de la Loire region, Thematic Capital","Information Technology, Service Industry, Virtual Reality",
Miam,"Lille, Nord-Pas-de-Calais, France, Europe",Seed,1500000,EUR,2022-03-23,https://miam.tech/fr/,"Miam is a tech company that provides the preparation of meals combining cooking recipes, online shopping, and artificial intelligence.",,"Food and Beverage, Retail, Software",
Sulitest,"Neuilly-sur-seine, Ile-de-France, France, Europe",Seed,1500000,EUR,2022-03-01,https://www.sulitest.org/fr/,"Sulitest Impact supports higher education institutions, companies, and organizations in teaching the issues of ecological transition.",KIMPA,"Education, Higher Education, Non Profit",
Fintch,"Paris, Ile-de-France, France, Europe",Seed,1500000,EUR,2022-01-27,https://fintch.fr/,Fintch is a neo-bank that allows people to open an account and obtain a payment card.,Gilles Bellaiche,"Banking, Financial Services",
BioIntrant,"Pertuis, Provence-Alpes-Cote d'Azur, France, Europe",Seed,1500000,EUR,2022-01-20,https://en.biointrant.com/,"BioIntrant integrates research of agronomy, soil science, microbial ecology, bioinformatics to develop bio-stimulants for agriculture.","Giralda Holding, Unilis Agtech, WiSEED","Agriculture, Biotechnology, Product Research",
Carroucell,"Sainte-hélène-du-lac, Rhone-Alpes, France, Europe",Series A,1500000,EUR,2022-09-07,https://www.carroucell.com/,Carroucell is the microcarrier supplier for cell culture in bioreactor.,"Bpifrance, Crédit Agricole Private Bank, Novalis Biotechnology Incubation","Biotechnology, Therapeutics",
OBsam,"Quévert, Bretagne, France, Europe",,1500000,EUR,2022-12-12,https://www.obsam.fr/en/Home-page_1.html,OBsam offers technological monitoring and obsolescence treatment services for business sectors.,"Bpifrance, Sodero Gestion","Aerospace, Air Transportation, Machinery Manufacturing, Manufacturing, Robotic Process Automation (RPA), Robotics",
FACIL'iti,"Limoges, Limousin, France, Europe",,1500000,EUR,2022-12-08,http://www.facil-iti.com/,"FACIL'iti is solution for website owners, providing accessibility to cognitive, motor & perceptual impairments and senior citizens.","Bouygues Telecom, Crédit Agricole, Malakoff Humanis, TF1 Group","Assistive Technology, SaaS, UX Design",
Thrasos A.I.,"Saint-malo, Bretagne, France, Europe",,1500000,EUR,2022-11-29,https://thrasos.ai/,Thrasos A.I is revolutionising biosecurity management in the food and beverage industry.,"Banque Populaire Group, BNP Paribas Private Equity, Bpifrance, Breizh Up, Kreizig Invest, Ouest Croissance, Societe Generale, UI Investissement",Software,
InMyBelly,"Paris, Ile-de-France, France, Europe",,1500000,EUR,2022-11-04,https://www.inmybelly.fr/,InMyBelly is a culinary group bringing together 8 brands for takeout and delivery.,Elevation Capital Partners,"Food Delivery, Restaurants",
Esmoz,"Levallois-perret, Ile-de-France, France, Europe",,1500000,EUR,2022-09-29,https://esmoz.fr/,"Esmoz is an IT consulting company that offers governance, strategy, cloud, data engineering, data analytics, and data science services.",Capital & Dirigeants Partenaires,"Consulting, Data Integration, Information Technology",
Cozy'Air Innovation,"Villeneuve, Provence-Alpes-Cote d'Azur, France, Europe",,1500000,EUR,2022-09-13,http://www.cozyair.fr/,Cozy'Air Innovation provides analysis of the air quality..,"Kima Ventures, Point Nine, Seedcamp","Consumer Electronics, Environmental Engineering, Manufacturing, Sensor",
Omind Neurotechnologies,"Paris, Ile-de-France, France, Europe",Seed,1469000,EUR,2022-04-17,http://www.omind.me,"VR+biometrics AI-based assessments, behavioral & emotional neurotrainings for corporates - #Futureofwork",,"Biometrics, Corporate Training, Education, Gamification, Neuroscience, Personal Development, Serious Games, Skill Assessment, Virtual Reality",
Yeasty,"Paris, Ile-de-France, France, Europe",Seed,1400000,EUR,2022-11-29,https://yeastyfood.fr/,Yeasty produces natural and protein yeast food.,"Anne-Carole Coen, Asterion Ventures, Bpifrance, Cameleon Invest, Cedric Sellin, Clément Alteresco, Satgana, Sharpstone Capital","Biotechnology, Food Processing, Organic Food",
OPUS Aerospace,"Saulx-les-chartreux, Ile-de-France, France, Europe",Seed,1400000,EUR,2022-07-15,https://www.opus-aerospace.com,"OPUS Aerospace designs, develops and manufactures launchers and spacecraft to accelerate space exploration.","Bpifrance, Defense Angels, Itera Invest, Les Business Angels des Grandes Écoles","Aerospace, Manufacturing, Space Travel",
Qairn,"Paris, Ile-de-France, France, Europe",Seed,1400000,EUR,2022-07-15,https://qairn.io,"Qairn is an IT company that offers a SaaS platform, risk management, and software development solutions.","Bpifrance, SeedInvest","Information Technology, Risk Management, Software",
Kessel,"Paris, Ile-de-France, France, Europe",Seed,1400000,EUR,2022-07-05,https://www.kessel.media/,"Kessel platform allows for the publication of texts, newsletters, and paid subscriptions.","C4 Ventures, Founders Future","Communities, News, Social Media, Social News",
Wonder Partner's,"Rezé, Pays de la Loire, France, Europe",Seed,1400000,EUR,2022-04-05,https://wonder-partners.com,Wonder Partner's offers 3D studio and application services.,Accurafy 4,"3D Technology, Advertising, Augmented Reality, Mobile Apps",
Kompozite,"Paris, Ile-de-France, France, Europe",Seed,1400000,EUR,2022-01-18,https://kompozite.io,Kompozite is the new intelligent and independent material library for low-carbon building design.,"AFI Ventures, Citizen Capital, Foundamental","Construction, Industrial, Information Technology",
Greenmetrics,"Paris, Ile-de-France, France, Europe",Seed,1400000,EUR,2022-01-02,https://greenmetrics.io,Greenmetrics is a digital pollution optimization platform that helps businesses reduce the environmental impacts of their digital activity.,Business Angels,"Information Technology, SaaS, Test and Measurement",
Syslor,"Metz, Lorraine, France, Europe",,1400000,EUR,2022-09-29,https://syslor.net/en/,Syslor focuses on the provision of information and technology-related services and consulting for organizations.,"Arts et Métiers Business Angels, Bpifrance, Eurovia, GROUPE ILP","Consulting, Information Technology, IT Management",
Kriptown,"Paris, Ile-de-France, France, Europe",Seed,1350000,EUR,2022-01-01,https://www.kriptown.com,Kriptown is the SME New Exchange.,Accurafy 4,"Blockchain, Financial Services, FinTech, Funding Platform",
Trendex,"Paris, Ile-de-France, France, Europe",Pre-Seed,1300000,EUR,2022-04-01,https://trendex.tech/,"Trendex is platform for fan engagement that allows people to buy, sell, and play with their favorite athletes and artists.","Alain Tingaud, Inovexus, Sebastien Borget, Y Combinator","Cryptocurrency, FinTech, Gaming",
Myloby,"Paris, Ile-de-France, France, Europe",Seed,1300000,EUR,2022-12-20,https://www.myloby.com/,Myloby is a digital platform that centralizes user key management on the same platform to streamline exchanges.,Bpifrance,"Physical Security, Security, Software",
MonOrdo,"Toulouse, Midi-Pyrenees, France, Europe",Seed,1300000,EUR,2022-12-02,https://www.monordo.com,Make your medical prescription simple !,,"Health Care, Information Technology",
Dr Milou,"Paris, Ile-de-France, France, Europe",Seed,1300000,EUR,2022-11-30,https://drmilou.fr/,Dr Milou proposes a new service offering aimed at promoting and improving the experience of home veterinarians.,"FRENCHFUNDING, WeLikeStartup","Consulting, Internet, Mobile Apps, Pet, Veterinary",
Hello RSE,"Bordeaux, Aquitaine, France, Europe",Seed,1300000,EUR,2022-11-30,https://hellorse.fr/,"Hello RSE provides refurbished and rental digital, software, and hardware resources.","Banque des Territoires, Les Business Angels des Grandes Écoles",Electronics,
Winalist,"Ay, Champagne-Ardenne, France, Europe",Seed,1300000,EUR,2022-11-07,https://www.winalist.com,Winalist is a tour agency.,"Bpifrance, Région Grand Est, The Caisse des Dépôts","Tourism, Travel, Wine And Spirits, Winery",
BlueNav,"Arcachon, Aquitaine, France, Europe",Seed,1300000,EUR,2022-10-06,https://bluenav.fr,BlueNav is a manufacturer of hybrid electric motors.,"Ardev, Blue Oceans Partners, DeepIE Ventures Management Co.","Electrical Distribution, Electronics, Manufacturing, Power Grid",
Billiv,"Paris, Ile-de-France, France, Europe",Seed,1300000,EUR,2022-07-20,https://www.billiv.fr,Billiv is a software company that offers an electronic receipt that allows customers to retrieve their receipts.,Asterion Ventures,"Apps, Information Technology, Software",
RFence,"Lille, Nord-Pas-de-Calais, France, Europe",Seed,1300000,EUR,2022-04-25,https://www.rfence.fr/en/,RFence develops and offers radiofrequency monitoring technologies to businesses for a safer networking environment.,"Alacrité France, Bpifrance, FIRA, Wesley Clover","Cyber Security, Network Security, Software, Telecommunications",
Likeo,"Lyon, Rhone-Alpes, France, Europe",Seed,1300000,EUR,2022-03-14,https://likeo.fr/,"Likeo is a catering network where employees can find career opportunities, media, and other resources.","Edenred Capital Partners, Tomcat Invest","Professional Services, Recruiting, Staffing Agency",
Exorde Labs,"Lyon, Rhone-Alpes, France, Europe",Seed,1300000,USD,2022-03-01,https://exorde.network/,Exorde is the Web 3.0 network that empowers developers to scrape and link all public data on the web.,Ceras Ventures,"Big Data, Blockchain, Information Technology, Software, Web3",
Barooders,"Annecy-le-vieux, Rhone-Alpes, France, Europe",Seed,1300000,EUR,2022-02-01,https://barooders.com,Barooders is the community platform to buy and sell second-hand sports equipment.,Teampact ventures,"E-Commerce, Retail, Sporting Goods",
Hoopiz,"Cannes, Provence-Alpes-Cote d'Azur, France, Europe",,1300000,EUR,2022-09-05,https://hoopiz.fr,Hoopiz is a credit management platform that provides tools and information to optimize a company’s trade credit and receivables management.,"Angels’ Bay Invest, Bpifrance, Créazur, Région Sud Investissement","Financial Services, Software",
Take a Desk,"Nantes, Pays de la Loire, France, Europe",,1300000,EUR,2022-01-02,https://takeadesk.com/,They create workspaces according to your needs in existing structures.,"ABAB (Atlantic Business Angels Booster), Business Angels, Pays de la Loire Participations","Communities, Information Technology, Real Estate",
Mithril Security,"Paris, Ile-de-France, France, Europe",Pre-Seed,1270000,EUR,2022-06-01,https://www.mithrilsecurity.io,Mithril Security is a simple framework for data science collaboration.,,"Cloud Security, Cyber Security, Network Security, Security",
Hair Originals,"Paris, Ile-de-France, France, Europe",Seed,1250000,USD,2022-12-26,http://hairoriginals.com/,Hair Originals is a distributor of hair extensions and hair products.,"Ahana Gupta, Anicut Capital, Dexter Angels, JITO Angel Network, Kesh Kala family office, LVX Ventures, Pankaj Chaddah","Beauty, Cosmetics, E-Commerce, Fashion",
Delfox,"Saint-pée-sur-nivelle, Aquitaine, France, Europe",Seed,1250000,EUR,2022-12-13,https://delfox.net/,"Delfox is a developer of autonomous guidance, navigation, and control systems.","MBDA, Naval Group",Predictive Analytics,
GreenGo,"Paris, Ile-de-France, France, Europe",Seed,1250000,EUR,2022-06-23,https://www.greengo.voyage,GreenGo is a European platform to book eco-friendly accommodations and transportation,"Eric Fourrier, Hugo Manoukian, Jean-Fabrice Mathieu, Lita.co, Nicolas Brumelot","Travel Accommodations, Vacation Rental",
Keewe,"Montreuil, Ile-de-France, France, Europe",Seed,1250000,EUR,2022-05-05,https://keewe.eu,Keewe is a fintech company that provides banking and financial services.,"Alexandre Ichai, Arts et Métiers Business Angels, Guillaume Amblard, Jerome Camblain, Yann Samuelides","Banking, Environmental Consulting, Financial Services, FinTech",
Artpoint,"Paris, Ile-de-France, France, Europe",Seed,1200000,EUR,2022-03-04,https://www.artpoint.xyz/,Artpoint provides digital art and supports the digital artists to democratize access to art.,,"Art, Commercial, Creative Agency",878270537
Femica,"Paris, Ile-de-France, France, Europe",Pre-Seed,1200000,EUR,2022-12-14,,"Women Founded, Women Lead company offering Api for Women Lifestyle Industry",Orange Corp,Information Technology,
Namla,"Massy, Ile-de-France, France, Europe",Pre-Seed,1200000,EUR,2022-10-14,https://namla.cloud/,"PaaS, Cloud Edge Orchestration Platform","Acequia Capital (AceCap), Aonia Ventures, Elaia, Julien Lemoine, Sebastien Pahl","Cloud Computing, Cloud Data Services, Cloud Infrastructure, Cloud Management, IT Infrastructure, Software",
Salesramp,"Paris, Ile-de-France, France, Europe",Pre-Seed,1200000,EUR,2022-09-01,https://www.getsalesramp.com,Salesramp is a software development company that develops sales commission software for businesses and sales staff.,Kima Ventures,"Developer Platform, Enterprise Software, Information Technology, Sales, Software",
Cryptr,"Lille, Nord-Pas-de-Calais, France, Europe",Pre-Seed,1200000,EUR,2022-07-01,https://www.cryptr.co/,Plug & Play authentication that feet your business. Quickly Deploy Passwordless and SSO authentication with just a few lines of code.,"50 Partners, Alexei Chemenda, Auriga Cyber Ventures, Gregoire Delpit, Guillaume Lestrade, Guillaume Luccisano, Guillaume Pousaz, Jean-Baptiste Aviat, Jonathan Bordereau, Marc Sabatier, Nicolas Dessaigne, Zinal Growth","Cyber Security, SaaS, Software",
Kryptview,"Paris, Ile-de-France, France, Europe",Pre-Seed,1200000,USD,2022-02-01,https://kryptview.com/,"Kryptview, a collective intelligence platform that provides peer-reviewed research for digital assets",The Blox,Information Services,
Tremau,"Paris, Ile-de-France, France, Europe",Pre-Seed,1200000,EUR,2022-01-01,https://tremau.com,Tremau provides Saas based tools to facilitate the content moderation process of online platforms,Loyal VC,"E-Commerce Platforms, Internet, Online Games, SaaS, Social Media, Software",
Waitack,"Paris, Ile-de-France, France, Europe",Pre-Seed,1200000,EUR,2022-01-01,https://waitack.com,SaaS platform for Office Real Estate. AI based Full fledged space planning scenarios generated in a few seconds.,,"Architecture, Environmental Consulting, Real Estate, Smart Cities, Software",
SEEDERAL Technologies,"Roubaix, Nord-Pas-de-Calais, France, Europe",Seed,1200000,EUR,2022-12-15,https://seederal.fr/,Seederal Technologies is an agricultural machinery manufacturing company that produces electric tractors.,"Breizh Up, Epopée Gestion, Jeriko","AgTech, Machinery Manufacturing, Manufacturing",
Leto,"Paris, Ile-de-France, France, Europe",Seed,1200000,EUR,2022-12-06,https://www.leto.legal,Leto helps bring the company into compliance with personal data protection regulations.,"50 Partners, Bernard Kirsch, Dali Kilani, Julien Boubel, Kima Ventures, Marc Xavier, Olivier Pailhès, Polymatter Ventures","Analytics, Compliance, CRM, Mapping Services, Security",
JUISCI,"Paris, Ile-de-France, France, Europe",Seed,1200000,EUR,2022-11-30,https://www.juisci.com,Juisci SaaS model reinvents the way healthcare professionals interact with evidence-based content.,,"Artificial Intelligence (AI), Health Care, Life Science, Software",
Quotelo,"Lyon, Rhone-Alpes, France, Europe",Seed,1200000,EUR,2022-11-03,https://www.quotelo.fr,Quotelo is a solution for Mice group and event booking implemented directly.,"1Kubator, Algo Consulting Group, Banque Populaire Group, Bpifrance, France Active, Rhone-Alpes Creation, Rhône Dauphiné Développement","Cloud Data Services, Hospitality, Hotel, Reservations",
Newboot,"Toulouse, Midi-Pyrenees, France, Europe",Seed,1200000,EUR,2022-10-27,https://newboot.io,Data acquisition solutions to Cloud infrastructures & SaaS applications,"Pilot Fish, Saint-Gobain NOVA","Cloud Infrastructure, Industrial Manufacturing, Information Technology, Internet of Things, Professional Services, Smart Building, Software",
Flaneer,"La Celle-saint-cloud, Ile-de-France, France, Europe",Seed,1200000,USD,2022-03-24,https://www.flaneer.com,"Flaneer provides cloud workstations that stream applications, enable virtual desktops, and support secure remote collaboration.","FJ Labs, Kima Ventures, Speedinvest","Cloud Computing, SaaS, Software",
Vaxxel,"Villeurbanne, Rhone-Alpes, France, Europe",Seed,1200000,EUR,2022-03-18,https://vaxxel.fr,Vaxxel is an Innovative viral live-attenuated platform for intranasal vaccine candidates preventing against pneumovirus infections,"Angels Santé, Bpifrance, Femmes Business Angels",Pharmaceutical,
Deskare,"Paris, Ile-de-France, France, Europe",Seed,1200000,EUR,2022-02-01,https://www.deskare.io,Deskare provides an intuitive solution for organizing telework and flex offices.,HEC Incubator,"Human Resources, Recruiting",
Watch Certificate™,"Paris, Ile-de-France, France, Europe",Seed,1200000,EUR,2022-01-25,https://www.watchcertificate.com/en,"Luxury watch passport, signed by an expert, saved in blockchain",,"Blockchain, Information Technology, Retail Technology",
Arkitektberni,"Paris, Ile-de-France, France, Europe",Seed,1200000,EUR,2022-01-02,https://www.arkitektberni.com,Arkitektberni is an art management company that organizes artistic events with commercial aims.,,"Art, Events, Ticketing",
inVirtus Technologies,"Nantes, Pays de la Loire, France, Europe",,1200000,EUR,2022-01-04,https://www.invirtus.io/,inVirtus Technologies project is based on connected objects sending a lot of real-time information.,"Banque Populaire Grand-Ouest, Bpifrance, CIC Ouest","Information Services, Information Technology, Internet of Things, Software",
Diggers Factory,"Paris, Ile-de-France, France, Europe",Seed,1140000,EUR,2022-07-22,https://www.diggersfactory.com/,"Diggers Factory is on demand pressing and distribution company for vinyl, CD and merchandising.",,Music,
Delta Business School,"Paris, Ile-de-France, France, Europe",Seed,1100000,EUR,2022-10-03,https://www.delta-business.school/,Delta Business School is an educational institution that offers higher educational provisions for aspiring learners.,,"Education, Higher Education, Training",913685798
JNPR Spirits,"Carville-la-folletière, Haute-Normandie, France, Europe",Pre-Seed,1100000,EUR,2022-09-27,https://www.jnprspirits.com/,JNPR Spirits produces non-alcoholic spirits.,"Julien Sylvain, Morgane Sezalory, Quentin Reygobellet, Sacha Bostoni, Vianney Vaute","Food and Beverage, Retail, Wine And Spirits",880814033
Wisear,"Paris, Ile-de-France, France, Europe",Pre-Seed,1100000,EUR,2022-01-01,https://www.wisear.io/,"Wisear enables people to get high-speed, private & inclusive controls over their everyday devices","Kima Ventures, Paris Business Angels","Audio, Augmented Reality, Human Computer Interaction, Neuroscience, Virtual Reality",
Nona,"Paris, Ile-de-France, France, Europe",Seed,1100000,EUR,2022-11-20,https://www.maia.bio/,"Nona design sustainable menus, saving them time on paperwork, budget tracking and communication.","Bpifrance, Foodbiome, France Active, Impactivist, Paris Initiative Entreprise, Région Ile-de-France","Catering, Food and Beverage, Software",
Smart & Connective,"Biot, Provence-Alpes-Cote d'Azur, France, Europe",Seed,1100000,EUR,2022-11-07,http://smartandconnective.com/,"Smart & Connective turns constructions into smart, connected environments to help saving energy and improve operational efficiency.",Eoden,"Cloud Infrastructure, Energy Storage, Internet of Things, Smart Building, Technical Support",
Lisy,"Paris, Ile-de-France, France, Europe",Seed,1100000,EUR,2022-07-27,https://www.lisy.io/,"Lisy Pilot is a commercial real estate marketing, CRM and live market data software company to make deals happen.",,"Asset Management, CRM, Data Management, Document Management, Facility Management, Marketing Automation, Property Management, PropTech, SaaS, Sales Automation",
LeanPay,"Lille, Nord-Pas-de-Calais, France, Europe",Seed,1100000,EUR,2022-05-23,https://www.leanpay.fr/,"LeanPay provides collection, treasury, SMEs, B2B, trade receivables, SaaS, and receivables services.","Charles Christory, Jérôme PROUST, Seed4Soft, Vanessa Daurian Proust","B2B, Collectibles, Software",
Bobbee,"Paris, Ile-de-France, France, Europe",Seed,1100000,EUR,2022-01-01,https://bobbee.co,"Bobbee is an cutting-edge accounting and financial management tool that also offers a comprehensive, scalable, and training solution.",,"Financial Services, FinTech, Information Services",
Popmii,"Paris, Ile-de-France, France, Europe",,1100000,EUR,2022-10-12,https://www.popmii.com/en/,Popmii is a tool for internet marketing designed to produce effective and immersive marketing campaigns.,"Bpifrance, GL events, INSEAD Business Angels Alumni France, Paris Business Angels","3D Technology, Augmented Reality, Digital Marketing, Web Apps",
Kanop,"Paris, Ile-de-France, France, Europe",Pre-Seed,1055000,EUR,2022-12-01,https://www.kanop.io/,"Environmental monitoring and compliance for the voluntary carbon market needs, nature-related disclosures and deforestation-free regulations",,Software,
Kanop,"Paris, Ile-de-France, France, Europe",Pre-Seed,1055000,EUR,2022-12-01,https://www.kanop.io/,"Environmental monitoring and compliance for the voluntary carbon market needs, nature-related disclosures and deforestation-free regulations",,Software,
Superindep,"Lyon, Rhone-Alpes, France, Europe",Seed,1000000,EUR,2022-11-22,https://www.superindep.fr/,"Superindep is a platform designed to offer personalized support, automation, and turnover declarations.","SideAngels, SIDE Capital","Accounting, Information Services, Information Technology",843747734
Boby,"Bordeaux, Aquitaine, France, Europe",Angel,1000000,EUR,2022-10-07,https://boby.net/,"Boby is a saas ERP dedicated to construction that provides quotation, invoicing, follow-up, accounting, and payment solutions.",,"IT Infrastructure, IT Management, Software",
Trezy,"Paris, Ile-de-France, France, Europe",Angel,1000000,EUR,2022-08-04,https://trezy.io/,Trezy is a Saas based simple financial forecasting and cash flow management tool.,,"FinTech, SaaS",
Neptune Elements,"Paris, Ile-de-France, France, Europe",Angel,1000000,EUR,2022-07-15,https://neptuneelements.com,"Neptune Elements offers french seaweed of controlled origin, with exceptional taste and culture.","Bertrand Jelensperger, Femmes Business Angels, Henri Capoul, Marc-David Choukroun, Thomas Landais","Nutrition, Organic Food",
m-work,"Paris, Ile-de-France, France, Europe",Pre-Seed,1000000,EUR,2022-12-15,https://m-work.co,The remote work and flex-office software that your teams will love.,"Christophe Amouroux, Philippe Gelis, Stéphane Maarek, SV Aangel, Third Kind Venture Capital",Internet,
Legapass,"Nice, Provence-Alpes-Cote d'Azur, France, Europe",Pre-Seed,1000000,EUR,2022-12-01,https://legapass.com/en/,Legapass provides digital currency and digital data back.,"Bpifrance, Christophe Courtin, Etienne Leroy, Laurent Caredda, Romain Vidal, Vincent Daffourd","Cyber Security, Financial Services",
Legapass,"Nice, Provence-Alpes-Cote d'Azur, France, Europe",Pre-Seed,1000000,EUR,2022-12-01,https://legapass.com/en/,Legapass provides digital currency and digital data back.,"Bpifrance, Christophe Courtin, Etienne Leroy, Laurent Caredda, Romain Vidal, Vincent Daffourd","Cyber Security, Financial Services",
Nabu,"Strasbourg, Alsace, France, Europe",Pre-Seed,1000000,EUR,2022-11-07,https://nabu.io,Nabu is a customs copilot that streamlines and automates customs processes for businesses.,"Bpifrance, Maersk Growth, Team Ignite Ventures, Techstars","Artificial Intelligence (AI), Data Integration, Document Management, Logistics, Software",
Kumulus Water,"Saint-mandé, Ile-de-France, France, Europe",Pre-Seed,1000000,EUR,2022-09-28,https://www.kumuluswater.com/,Kumulus develops and operates machines that turn air into fresh drinking water,"Bpifrance, F6 Ventures, Techstars, WILCO","CleanTech, Sustainability, Water",
Crealo,"Neuilly-sur-seine, Ile-de-France, France, Europe",Pre-Seed,1000000,EUR,2022-09-08,https://www.crealo.app/,Crealo is a copyright management company that offers copyright and royalty solutions.,,Software,
Hestia,"Nanterre, Ile-de-France, France, Europe",Pre-Seed,1000000,EUR,2022-09-05,https://www.heyhestia.com,Hestia offers a real estate leasing model.,"Emilie Vialle, Henri Pagnon, Nadav Ben-Chanoch, Nicolas Fayon, Olivier Bonnet, Pareto Holdings, Pierre Chapon, Raphael Di Meglio, Raphael Vullierme, Romain Libeau, Thierry Vignal",Real Estate,
Bitstack,"Paris, Ile-de-France, France, Europe",Pre-Seed,1000000,EUR,2022-05-11,https://bitstack-app.com,"Bitstack is a crypto-native neobank that is bringing a better way to manage all things money, with better money.","Alexandre Stachtchenko, Christopher Grilhault des Fontaines, Claire Balva, Damien Guermonprez, Founders Future, Nicolas Bacca, Owen Simonin, Plug and Play, Sharpstone Capital, Y Combinator","Bitcoin, FinTech, Internet, Payments",
Delpha,"Paris, Ile-de-France, France, Europe",Pre-Seed,1000000,USD,2022-03-10,https://delpha.io,"AI Agents for Accurate and Reliable Customer Data in Salesforce, Driving Revenue Performance","Alexandre Ichai, Christophe Chausson, Super Capital VC","Artificial Intelligence (AI), Internet, SaaS, Software",
Susu,"Lyon, Rhone-Alpes, France, Europe",Pre-Seed,1000000,USD,2022-03-02,https://www.susu.fr/,Susu is a health care centre that provides preventive care medical treatments.,"Five35 Ventures, Launch Africa","Biotechnology, Emergency Medicine, Health Care, Health Insurance, Wellness",
Kubo Labs,"Paris, Ile-de-France, France, Europe",Pre-Seed,1000000,EUR,2022-03-01,https://www.kubolabs.io/,Kubo Labs delivers a powerful toolset that helps you identify and solve issues on your Kubernetes clusters.,"Benoit Bourdel, Bpifrance, Didier Valet, Eric Ibled, Julien Lemoine, Raphael Vullierme, Romain Afflelou","Cloud Computing, Cloud Infrastructure, Cloud Management, Cloud Security, Cyber Security, Software",
Sezame,"Paris, Ile-de-France, France, Europe",Pre-Seed,1000000,EUR,2022-02-21,https://www.hellosezame.com/,Sezame is a full-service real estate company that offers solutions to ease access to homeownership.,"Altur Investissement, Christophe Courtin, Clément Alteresco, Joan Burkovic, Patrick Amiel, Stéphane Distinguin, Super Capital VC","Real Estate, Residential",
ADAXIS,"Bidart, Aquitaine, France, Europe",Pre-Seed,1000000,EUR,2022-01-19,https://adaxis.eu,ADAXIS offers innovative software tools for industrial robotics that unlock new manufacturing processes and their maximum value.,"European Institute of Innovation and Technology, Newfund, Skalepark","Industrial Automation, Robotics, Software",
Bifröst,"Paris, Ile-de-France, France, Europe",Pre-Seed,1000000,USD,2022-01-05,https://bifrost.re/,Bifröst offers AI-powered reinsurance broker.,"Axeleo Capital, Didier Valet, Entrepreneurs First, Evolem Start, Super Capital VC",InsurTech,
Fridaa.,"Bordeaux, Aquitaine, France, Europe",Pre-Seed,1000000,EUR,2022-01-04,https://fridaa.co,Fridaa is a mobile application that allows you to obtain your real estate loan in a 100% digital and autonomous way.,,"B2C, FinTech, Mobile Apps",
K-Motors,"Cassis, Provence-Alpes-Cote d'Azur, France, Europe",Seed,1000000,EUR,2022-12-21,https://www.kmotors.tech/,K-Motors develops modules that improve the battery cycle of electric vehicles and motors.,"PBRI Participations, Provence Business Angels, Région Sud Investissement, Sophia Business Angels, Var Business Angels","Automotive, Manufacturing",
Moneybounce,"Paris, Ile-de-France, France, Europe",Seed,1000000,EUR,2022-12-16,https://www.moneybounce.fr,Moneybounce provides credit and money manager for people between 18 and 30 years old.,,Financial Services,
URBAN CUISINE,"Paris, Ile-de-France, France, Europe",Seed,1000000,EUR,2022-12-14,https://urbancuisine.io/,"Urban Cuisine develops connected indoor vegetable gardens for the growth of plants to cultivate fruit, vegetables, and aromatic herbs.","Alexis Angot, Cécile Guillou, David Sloo, Marc Simoncini, Romain Liot",Agriculture,
Eyesee Drone,"Grenoble, Rhone-Alpes, France, Europe",Seed,1000000,EUR,2022-12-08,https://www.eyesee-drone.com/,Eyesee drone inventory solution is designed to secure the control of stocks and locations of merchandise stored in warehouses.,"Crédit Agricole Alpes Development, Grenoble Angels, Groupe IDEC","Logistics, Transportation",
Cantoo,"Roissy-en-france, Ile-de-France, France, Europe",Seed,1000000,EUR,2022-12-01,https://www.cantoo.fr/,"Cantoo offers coached, structured training programs tailored to physical challenges.","Bpifrance, Impactivist, Made For All, Nord Actif",Information Technology,
MyTroc,"Paris, Ile-de-France, France, Europe",Seed,1000000,EUR,2022-12-01,http://mytroc.fr,"Mytroc is a barter, loan, donation, and virtual currency exchange platform between individuals.",,"Communities, Finance, Internet",
Archie,"Les Andelys, Haute-Normandie, France, Europe",Seed,1000000,EUR,2022-12-01,https://myarchie.co/,Archie is an online retailer of cider vinegar.,,"Beauty, Cosmetics, E-Commerce, Wellness",
Leakmited,"Saint-germain-en-laye, Ile-de-France, France, Europe",Seed,1000000,EUR,2022-12-01,http://leakmited.com/,Leakmited is a company locate water leaking pipes using AI and Satellite Images.,,"Artificial Intelligence (AI), Clean Energy, Software, Water",
Cantoo,"Roissy-en-france, Ile-de-France, France, Europe",Seed,1000000,EUR,2022-12-01,https://www.cantoo.fr/,"Cantoo offers coached, structured training programs tailored to physical challenges.","Bpifrance, Impactivist, Made For All, Nord Actif",Information Technology,
MyTroc,"Paris, Ile-de-France, France, Europe",Seed,1000000,EUR,2022-12-01,http://mytroc.fr,"Mytroc is a barter, loan, donation, and virtual currency exchange platform between individuals.",,"Communities, Finance, Internet",
Archie,"Les Andelys, Haute-Normandie, France, Europe",Seed,1000000,EUR,2022-12-01,https://myarchie.co/,Archie is an online retailer of cider vinegar.,,"Beauty, Cosmetics, E-Commerce, Wellness",
Leakmited,"Saint-germain-en-laye, Ile-de-France, France, Europe",Seed,1000000,EUR,2022-12-01,http://leakmited.com/,Leakmited is a company locate water leaking pipes using AI and Satellite Images.,,"Artificial Intelligence (AI), Clean Energy, Software, Water",
Alvo market,"Paris, Ile-de-France, France, Europe",Seed,1000000,EUR,2022-11-03,https://www.alvo.market/,Alvo is a platform to develop enthusiasts and entrepreneurs.,"Alexandre Prot, Damien Vincent, Financiere Saint James, Groupe Revue Fiduciaire, Steve Anavi","Consulting, Service Industry",
Maison Hädenn,"Vannes, Bretagne, France, Europe",Seed,1000000,EUR,2022-11-03,https://maisonhadenn.fr/,Maison Hädenn provides organic shampoo powder.,Bpifrance,"Beauty, Cosmetics",
Gibus Cycles,"Versailles, Ile-de-France, France, Europe",Seed,1000000,EUR,2022-11-01,https://gibuscycles.com,"Gibus Cycles offers heavy, fragile, and not very ergonomic products for children.",,"B2C, Baby, Children, Consumer, Consumer Goods, Cycling, Family, Lifestyle, Recreational Vehicles, Sporting Goods",
PrivaMap,"Lille, Nord-Pas-de-Calais, France, Europe",Seed,1000000,EUR,2022-10-27,https://privamap.com,PrivaMap develops a Saas platform that guides drivers on private sites.,"Finovam Gestion, Nord France Amorcage, Pascal Riche","Location Based Services, Logistics, SaaS, Supply Chain Management",
Théaomai,"Paris, Ile-de-France, France, Europe",Seed,1000000,EUR,2022-10-21,https://www.theaomai.fr/,Théaomai is a web platform accessible and performers.,"Activa Capital, Re-sources Capital",Performing Arts,
Fincome,"Paris, Ile-de-France, France, Europe",Seed,1000000,EUR,2022-10-18,https://www.fincome.co/,Fincome provides managers with a real-time view of their company's performance.,Accel,"Business Intelligence, Enterprise Software, Predictive Analytics",
Arrago,"Paris, Ile-de-France, France, Europe",Seed,1000000,EUR,2022-10-16,https://arrago.fr,Arrago is a fintech lending platform specialised in mortgage life loans.,"Didier Valet, LO Capital, Obotritia Capital, Roger Tjong","Credit, Finance, Financial Services, FinTech",
MOTEN Technologies,"Puteaux, Ile-de-France, France, Europe",Seed,1000000,EUR,2022-10-13,https://www.moten-tech.com/,"MOTEN Technologies introduces measurement technology by listening the sounds produced by the muscles, revealing level of effort and fatigue.","Bpifrance, Club Invest Ile de France, Coalescence, ESSEC Business School, Les Business Angels des Grandes Écoles, Paris Business Angels","Health Care, Innovation Management, Medical, Test and Measurement",
Tulip,"Paris, Ile-de-France, France, Europe",Seed,1000000,EUR,2022-10-05,https://www.mytulip.io/,"Tulip SaaS platform enables equipment and equipment rental companies to offer on-demand insurance for a day, month, or year.","Bpifrance, SIDE Capital, WILCO","Insurance, InsurTech, SaaS",
Gryzzly,"Lyon, Rhone-Alpes, France, Europe",Seed,1000000,EUR,2022-09-16,https://www.gryzzly.io/,Time and budget AI bot that help teams to work together,"HUB612, KREAXI","Artificial Intelligence (AI), Productivity Tools, Software",
locallyteams,"Orléans, Centre, France, Europe",Seed,1000000,EUR,2022-09-15,https://locallyteams.com,locallyteams is a technician platform for professionals to identify their skills.,"Bpifrance, Crédit Industriel et Commercial, Groupe BPCE","Construction, Digital Signage, Information Services, Online Portals",
Rapsodie,"Paris, Ile-de-France, France, Europe",Seed,1000000,USD,2022-08-31,https://rapsodie.co/,Rapsodie publishes and operates mobile gaming apps that let users manage virtual rap music labels and play rap-themed games.,,Gaming,
Cherpas,"Rennes, Bretagne, France, Europe",Seed,1000000,EUR,2022-08-01,https://cherpas.com/,Cherpas is an online consumer services platform that offers services tailored to the needs of individuals.,Bpifrance,"Apps, SaaS, Smart Contracts",
Kresus,"Les Auvergnes, Rhone-Alpes, France, Europe",Seed,1000000,EUR,2022-07-05,https://www.kresus.eu/,"Kresus provides early payment, financing, and short-term cash investment solutions.",Bpifrance,"Finance, Financial Services, Mobile Payments, Payments",
Nurea,"Bordeaux, Aquitaine, France, Europe",Seed,1000000,EUR,2022-06-30,https://nurea-soft.com,Nurea designs medical imaging software to help surgeons.,"Bpifrance, TechnoStart","Medical, Software",
MyHotelMatch,"Paris, Ile-de-France, France, Europe",Seed,1000000,EUR,2022-06-15,https://www.myhotelmatch.com,Luxury is matching a customer with a hotel for a specific trip,,"Dating, Travel Agency",
GameWard,"Boulogne-billancourt, Ile-de-France, France, Europe",Seed,1000000,EUR,2022-06-07,https://gameward.team/,GameWard is an esports brand that produces daily video content for its fans.,123 Investment Managers,"eSports, Media and Entertainment, Sports",
Citima,"Paris, Ile-de-France, France, Europe",Seed,1000000,EUR,2022-06-01,https://www.citima.co,Citima provides a lead management solution for real estate agents.,"Crédit Agricole Innovations et Territoires (CAIT), Normandie Participations","Lead Management, Real Estate, Software",
Quick-Off,"Lyon, Rhone-Alpes, France, Europe",Seed,1000000,EUR,2022-06-01,https://www.quick-off.com/,Quick-Off develops software solutions to the management of accreditation for sporting and cultural events.,"Bpifrance, Crédit Agricole Loire Haute-Loire, KREAXI","Event Management, Event Promotion, Recruiting",
Dastra,"Saint-mandé, Ile-de-France, France, Europe",Seed,1000000,USD,2022-06-01,https://www.dastra.eu/fr/,Dastra is an information and technology service.,Seed4Soft,"Cyber Security, Information Services, Information Technology, Internet, Risk Management, SaaS, Software",
CloudFret,"Marseille, Provence-Alpes-Cote d'Azur, France, Europe",Seed,1000000,USD,2022-05-25,https://cloudfret.com/,CloudFret is a transport and logistics startup that connects loaders to transporters.,"Afri Mobility, Azur Partners, Khalid Zitouni, Plug and Play, PRC Venture Partners","Artificial Intelligence (AI), Fleet Management, Logistics, Supply Chain Management",
SmartGarant,"Paris, Ile-de-France, France, Europe",Seed,1000000,EUR,2022-05-23,https://www.smart-garant.com/,SmartGarant is a housing assistance service company.,"David Balland, Guillaume Sarkozy, Maisons Julien et Kelly Dassault, Marc Batty","Insurance, InsurTech",
Turnadon,"Paris, Ile-de-France, France, Europe",Seed,1000000,EUR,2022-05-19,https://www.turnadon.com/,Turnadon is an advertising agency that specialized in outdoor advertising.,"Emmanuel FORET, Sylvain Pion","Advertising, Digital Marketing, Digital Signage",
Anavid,"Paris, Ile-de-France, France, Europe",Seed,1000000,USD,2022-05-18,https://www.anavid.ai/,Computer-vision deeptech helping retailers lose less and sell more—on the cameras they already have,,"Artificial Intelligence (AI), Retail Technology, Security, Video",
COLORI,"Vincennes, Ile-de-France, France, Europe",Seed,1000000,EUR,2022-05-17,https://colori.fr/,COLORI offers workshops for children and training for the educational community.,"Aurélie JEAN, Banque des Territoires, MAIF Impact","Child Care, Children, Education, Information Technology, Parenting",
Cocoon-Immo,"Paris, Ile-de-France, France, Europe",Seed,1000000,EUR,2022-05-10,https://www.cocoon-immo.io,"Cocoon-Immo operates social media, online advertising, community management, and digital communication services.","Acheter-Louer.fr, Bpifrance","Advertising, Professional Services, Social Media",
Findly,"Paris, Ile-de-France, France, Europe",Seed,1000000,EUR,2022-05-02,https://findly.co,Findly is a digital marketing service provider company.,"Paris Business Angels, Sigma Private Office, Vessoa Private Equity","Digital Marketing, Information Technology",
Jaiio,"Paris, Ile-de-France, France, Europe",Seed,1000000,EUR,2022-04-28,https://jaiio.fr/,Jaiio is a seller of secondhand clothes and accessories.,Provence Business Angels,"E-Commerce, Fashion, Online Portals, Retail, Secondhand Goods",
Edumiam,"Rosay-sur-lieure, Haute-Normandie, France, Europe",Seed,1000000,EUR,2022-03-22,https://www.edumiam.com/,"Edumiam is an organization that offers training applications for early childhood professionals via digital tools, including mobile training.",Normandie Participations,"Education, E-Learning, Training",
Bluedigo,"Ivry-sur-seine, Ile-de-France, France, Europe",Seed,1000000,EUR,2022-03-15,https://www.bluedigo.fr,Bluedigo is an e-Commerce platform that gives a positive impact on business purchases.,Manutan Group,E-Commerce,
CrunchDAO,"Paris, Ile-de-France, France, Europe",Seed,1000000,USD,2022-03-01,https://crunchdao.com,"elite ML community (+10,000 data scientists +1,200 PhDs) that develops alpha-generating insights through its collective intelligence network",Globivest,Cryptocurrency,
Liberare (Formerly Intimately),"Paris, Ile-de-France, France, Europe",Seed,1000000,EUR,2022-02-02,https://www.liberare.co/,Liberare is an e-tailer for adaptive undergarments and a community for disabled women.,"Alexandra Fine, British Fashion Council, Michelle Kennedy, Sarah Drinkwater, Steph Korey Goodwin, Venrex","E-Commerce, Fashion, Women's",
Mipise,"Paris, Ile-de-France, France, Europe",Seed,1000000,EUR,2022-02-01,https://www.mipise.com/fr,MIPISE is the creation of white-label Crowdfunding platforms.,Mandalore Partners,"Crowdfunding, Web Design",
Superpictor,"Lyon, Rhone-Alpes, France, Europe",Seed,1000000,EUR,2022-01-15,https://www.superpictor.com,Superpictor is a SaaS solution for textiles and promotional items that simplifies the production and management of graphic operations.,,"Information Technology, SaaS, Software",
Heroic sante,"Lille, Nord-Pas-de-Calais, France, Europe",Seed,1000000,EUR,2022-01-11,https://www.heroicsante.fr,Heroic sante is an online health platform that connects patients with carers and provides information.,"Autonomie et Solidarité, Bpifrance, Nord Actif","Health Care, Information Services, Online Forums, Wellness",
ABC Transfer,"Tours, Centre, France, Europe",Series B,1000000,EUR,2022-06-01,https://abctransfer.fr/,ABC Transfer is a biopharmaceutical company that develops Rapid Transfer Systems (RTS) solutions.,Angelor,Biopharma,
LiveTonight,"Paris, Ile-de-France, France, Europe",,1000000,EUR,2022-11-07,https://www.livetonight.fr/,LiveTonight is the referencing platform for live music events and DJ sets in bars.,SIDE Capital,"Concerts, Events, Music",
MyEasyFarm,"Bezannes, Champagne-Ardenne, France, Europe",,1000000,EUR,2022-09-27,https://www.myeasyfarm.com,"MMRV (Measure, Monitor, Report and Verify) Saas platform for Regenerative Agriculture using Ag Data and AI","Angelsquare, Bpifrance, EY Ventures Group, Hectar, INSEAD, La Ferme Digitale, Netangels, Région Grand Est, Scal' E - Nov","AgTech, Food and Beverage, Information Technology, Software",
Topizy,"Nice, Provence-Alpes-Cote d'Azur, France, Europe",,1000000,EUR,2022-08-15,https://www.topizy.fr,Topizy is a home repair assistance service on a subscription basis.,Reworld Media,"Mobile, Mobile Apps, Subscription Service",
Lemontri,"Pantin, Ile-de-France, France, Europe",,1000000,EUR,2022-02-24,https://lemontri.fr,"Lemontri offers a turnkey multi-flow recycling service (plastic, metal, paper, glass, etc.).","Abeille Impact Investing France, Amundi, Banque des Territoires, INCO Investissement, MAIF Impact, Mirova, PhiTrust Impact Investors","Environmental Consulting, Recycling, Waste Management",
Agapio,"Lyon, Rhone-Alpes, France, Europe",,1000000,EUR,2022-02-12,https://www.agapio.eu/,Agapio is a management control software for the catering trades.,,"Accounting, Computer, Software",
T.O.P.,"Courbevoie, Ile-de-France, France, Europe",Seed,980000,EUR,2022-05-04,https://top-turnover.ai/,The Enhanced Manager powered by A.I,Morro Bay Holding,"Human Resources, Management Information Systems, SaaS, Software",
UrbanHub,"Paris, Ile-de-France, France, Europe",Seed,930000,EUR,2022-06-10,https://www.urbanhub.fr,"UrbanHub is a logistics company providing digital fulfillment services for e-merchants, brands, and merchants.",,Logistics,
Circul'Egg,"Paris, Ile-de-France, France, Europe",Seed,930000,EUR,2022-05-31,https://circulegg.fr,Circul'Egg recycles the eggshells by transforming them into two finished products: a calcium carbonate powder and a shell membrane powder.,AGENCE79,"Food and Beverage, Food Processing, Recycling",
Rumor Rose,"Flassans-sur-issole, Provence-Alpes-Cote d'Azur, France, Europe",Seed,920000,USD,2022-03-10,https://rumorrose.com/,Rumor Rose specializes in the production of rosé produced wines.,,"Food and Beverage, Wine And Spirits, Winery",
ClimeFi,"Paris, Ile-de-France, France, Europe",Pre-Seed,900000,EUR,2022-10-26,https://www.climefi.com,"ClimeFi is the leader specialising in permanent carbon removals (CDRs), partnering with companies to build portfolio of certified CDR assets","AFI Ventures, Evolem Start, Julien Lemoine, Nicolas Dessaigne, Unruly Capital","Biomass Energy, Financial Services, Sustainability",
Cyberjobs,"Paris, Ile-de-France, France, Europe",Seed,900000,EUR,2022-08-16,https://www.cyberjobs.fr,Cyberjobs is a cybersecurity recruitment company.,The Moon Venture,"Cyber Security, Recruiting, Training",
Wyve,"Anglet, Aquitaine, France, Europe",Seed,900000,EUR,2022-07-05,https://www.wyvesurf.com/,Wyve designs and manufacturers reclyable 3D printing surfboards.,,"3D Printing, Manufacturing, Sports, Surfing",
Popsink,"Paris, Ile-de-France, France, Europe",Pre-Seed,880000,EUR,2022-02-02,https://popsink.com,Popsink develops the next generation of data processing tools for the modern data stack.,"Amirhossein Malekzadeh, Antoine Lizée, Gabriel James Safar, Jean-Mathieu Saponaro, Kima Ventures, Seedcamp, XAnge","Analytics, Database, Software",
MyJugaad,"Bretagne, Franche-Comte, France, Europe",Seed,880000,EUR,2022-09-14,https://my-jugaad.eu/,MyJugaad offers residential mobility assistance for the elderly and disabled.,"Club Invest Ile de France, France Active, Generali Investments Europe","Communities, Elder Care, Residential, Service Industry",
MyTVchain,"Valbonne, Provence-Alpes-Cote d'Azur, France, Europe",Seed,880000,USD,2022-01-18,https://mytvchain.io/,"MyTVchain mission is to help sport clubs generate more revenue from their content, build brand loyalty and accelerate growth.",,"Blockchain, Cryptocurrency, Sports",
SOLAL Tech,"Le Bourget-du-lac, Rhone-Alpes, France, Europe",Seed,860000,EUR,2022-10-21,https://en.solaltech.fr/,"SOLAL Tech is a platform that manages digital assets, including social networks, email, and bank accounts.","BNP Paribas Investment Partners, Bpifrance, Grenoble Angels","Digital Signage, Enterprise Software, Legal, Legal Tech",
ØZERS NUTRITION,"Lille, Nord-Pas-de-Calais, France, Europe",Pre-Seed,850000,EUR,2022-09-01,https://ozersnutrition.com,ØZERS is a French foodtech startup that designs highly functional sports nutrition using only healthy and vegan ingredients.,"Animoca Brands, Bpifrance, Brinc, La French Tech, ProVeg Incubator","Biotechnology, Food and Beverage, Nutrition, Sports",
Hypr Space (Hybrid Propulsion for Space),"Bordeaux, Aquitaine, France, Europe",Seed,850000,EUR,2022-12-31,https://hybrid-propulsion.space,"We develop nextgen propulsion technologies, cheaper, quicker and greener for earth to space and space to space transportation systems.",NACO,"Aerospace, Space Travel",
RED Electric,"Boulogne-billancourt, Ile-de-France, France, Europe",Seed,850000,EUR,2022-10-03,https://www.redelectric.fr/,RED Electric is a manufacturer of electric scooters.,,"Automotive, Electric Vehicle, Manufacturing",
CityGem Application,"Puteaux, Ile-de-France, France, Europe",Pre-Seed,800000,EUR,2022-11-02,https://www.citygem.app,CityGem Application is a free audio-guided tour application for urban walks.,,Travel,
Thess,"Montpellier, Languedoc-Roussillon, France, Europe",Pre-Seed,800000,EUR,2022-03-07,https://www.thess-corp.fr/,Thess offers individual wellness and fitness services for older people.,,"Fitness, Health Care, Wellness",
Oblige,"Chartres, Centre, France, Europe",Pre-Seed,800000,EUR,2022-11-01,https://oblige.fr,SaaS contract management solution for SMBs,,"Contact Management, Legal Tech, SaaS, Software",
Lola Health,"Saint-fargeau, Ile-de-France, France, Europe",Pre-Seed,800000,EUR,2022-10-11,https://lolahealth.io,"Lola Health offers health coverage policies and solutions for businesses, groups, and organizations.",Bpifrance Digital Venture,"Employee Benefits, Health Care, Health Insurance",
Konect,"Lyon, Rhone-Alpes, France, Europe",Pre-Seed,800000,EUR,2022-03-18,https://konect.gg,Konect helps users to create their own website and centralises all online content in one place and makes easy to share with community.,"Bpifrance, Id4 ventures, Kima Ventures, Purple","Internet, Web Design",
Eatic,"Paris, Ile-de-France, France, Europe",Seed,800000,EUR,2022-11-02,https://eatic.fr/,Eatic offers health and the environment an alternative to home meal delivery.,,"Consumer Goods, Restaurants",
GAC Technology,"Lyon, Rhone-Alpes, France, Europe",Seed,800000,EUR,2022-10-03,https://www.gac-technology.com,GAC Technology offers management software in SaaS mode.,Bpifrance,"Information Technology, Software",
TechnoCarbon,"Paris, Ile-de-France, France, Europe",Seed,800000,EUR,2022-09-06,https://technocarbon.tech,TechnoCarbon is a cleantech SAS company.,Sowefund,"Clean Energy, CleanTech, Construction, GreenTech",
Maxesport,"Gazeran, Picardie, France, Europe",Seed,800000,EUR,2022-07-04,https://maxesport.gg,Maxesport is the e-sports marketplace store.,,"Marketplace, Online Portals, Retail, Sports",
NooS,"Paris, Ile-de-France, France, Europe",Seed,800000,EUR,2022-03-10,https://noos.global/fr,NooS is a tool designed to help companies engage their teams around their common impact goals.,,"Employee Benefits, Human Resources, Software",
Hoverseen,"Paris, Ile-de-France, France, Europe",Seed,800000,EUR,2022-02-17,https://www.hoverseen.com/,Hoverseen is a developer of autonomous drone systems designed to integrate video surveillance platform.,Investessor,"Drone Management, Drones, Public Safety",
Starchain Gazer,"Paris, Ile-de-France, France, Europe",Pre-Seed,750000,USD,2022-11-04,https://starchaingazer.io/,Video Game Studio combining the best of Web2 & Web3.,"Builder Capital, Diaspora Ventures, Kima Ventures, Lyrik Ventures, Sebastien Borget, Sebastien Lalevée","Blockchain, Cryptocurrency, Video Games, Web3",
Doinsport,"Marseille, Provence-Alpes-Cote d'Azur, France, Europe",Seed,750000,EUR,2022-01-15,https://doinsport.com/,"Doinsport is a SaaS company that offers a club management system for sport and leisure centers for bookings, online payments and PoS system.",SIDE Capital,"Information Technology, Mobile, Mobile Apps, SaaS, Software, Web Development",
ODROA,"Nantes, Pays de la Loire, France, Europe",Private Equity,720000,EUR,2022-04-29,https://odroa.com/,ODROA is a software publisher in the health sector.,Gemmes Venture,"Health Care, Software, Web Development",
Santexpat.fr,"La Bourse, Centre, France, Europe",Seed,720000,EUR,2022-04-28,https://santexpat.fr/,Santexpat is a health insurance platform for French expatriates in more than 200 countries,,"Health Insurance, Insurance",
Voltaage,"Paris, Ile-de-France, France, Europe",Pre-Seed,710000,EUR,2022-01-21,https://voltaage.io,Voltaage is a cutting-edge geospatial intelligence engine designed to maximize profitability for EV charging station operators.,"EIT Urban Mobility, Mario D'almo, Sputnik ATX, Stefano Chiantello, Techstars","Charging Infrastructure, CleanTech, Fleet Management, GreenTech, Software",
mewo.io,"Paris, Ile-de-France, France, Europe",Seed,701239,EUR,2022-01-26,https://mewo.io/,"SaaS, Music, Artificial Intelligence",,"Artificial Intelligence (AI), E-Commerce, Internet, Music, SaaS, Social Media, Software",
OMAJ,"Saint-ouen, Ile-de-France, France, Europe",Pre-Seed,700000,EUR,2022-04-13,https://omaj.fr/,OMAJ is an online fashion consignment store. We help people sell their clothes and offer a curated selection of pre-loved items.,Motier Ventures,"E-Commerce, Fashion, Secondhand Goods",
Trustblock,"Paris, Ile-de-France, France, Europe",Seed,700000,EUR,2022-12-01,https://trustblock.run/,"Trustblock is a data & security hub that makes web3 a secured-by-default, user-friendly, composable ecosystem.","Fabric Ventures, Frst","Blockchain, Cryptocurrency, Cyber Security, Smart Contracts, Web3",
Trustblock,"Paris, Ile-de-France, France, Europe",Seed,700000,EUR,2022-12-01,https://trustblock.run/,"Trustblock is a data & security hub that makes web3 a secured-by-default, user-friendly, composable ecosystem.","Fabric Ventures, Frst","Blockchain, Cryptocurrency, Cyber Security, Smart Contracts, Web3",
Delicity,"Nice, Provence-Alpes-Cote d'Azur, France, Europe",Seed,700000,EUR,2022-10-03,https://delicity.com,"Delicity is the only restaurant Delivery and Booking service, commission free.",Rise Partners,"Food Delivery, Mobile Apps, Restaurants",
Rewind,"Paris, Ile-de-France, France, Europe",Seed,700000,EUR,2022-01-18,https://rewindstories.com,Rewind offers an audio-guided tour mobile app that helps tourists by giving commentaries and directions in English and French.,Kima Ventures,"Apps, Digital Entertainment, Mobile Apps",
Kryptview,"Paris, Ile-de-France, France, Europe",Pre-Seed,650000,USD,2022-04-22,https://kryptview.com/,"Kryptview, a collective intelligence platform that provides peer-reviewed research for digital assets","Defi Research Institute, Matters, Serafund, smart-chain",Information Services,
Vinidaily,"Paris, Ile-de-France, France, Europe",Seed,650000,EUR,2022-12-05,https://www.vinidaily.com/en,"Vinidaily is the app that allows you to find the ideal wine in the supermarket, according to your tastes.","Bpifrance, Credit Mutuel, Réseau Entreprendre","Apps, Internet, Wine And Spirits",
Coqli,"Vincey, Lorraine, France, Europe",Seed,650000,EUR,2022-10-28,https://coqli.fr,Coqli manufactures customizable and environmentally friendly corrugated cardboard packaging.,"Ardev, Blue Oceans Partners, Bpifrance, DeepIE Ventures Management Co., GROUPE ILP, INEO Capital, YEAST","GreenTech, Manufacturing, Packaging Services",
SMART MACADAM,"Nantes, Pays de la Loire, France, Europe",Seed,630000,EUR,2022-04-04,https://www.smartmacadam.com/,"SMART MACADAM designs and publishes solutions, apps and websites.",Atlantique Vendée Innovation,"Apps, Information Technology, Web Design, Web Development",
Jalon Therapeutics,"Paris, Ile-de-France, France, Europe",Pre-Seed,625000,EUR,2022-01-01,https://www.jalontx.com,Jalon Therapeutics' goal is to create novel therapies that inhibit vital tumour signalling pathways that are currently untargeted.,,"Biopharma, Biotechnology",
Document Genome,"Neuilly-sur-seine, Ile-de-France, France, Europe",Pre-Seed,600000,EUR,2022-03-18,http://www.documentgenome.com,Reading Augmented App for Knowledge Workers seeking more purpose and less busywork to thrive and show their full potential,,"Information Technology, Knowledge Management",
Nabook,"Paris, Ile-de-France, France, Europe",Seed,600000,EUR,2022-10-12,https://www.nabook.co/,Nabook is a reading platform for 7-14 year olds.,"Emilie Vialle, Guillaume Monteux, Jérôme PROUST, Loyal VC, Vanessa Daurian Proust","Children, EBooks, Online Portals",
MyFormality,"Lyon, Rhone-Alpes, France, Europe",Seed,600000,EUR,2022-09-14,https://www.myformality.com/,"MyFormality provides legal, administrative, and financial services for professionals.","Guilhem Dufaure de Lajarte, Jean Michel Benard, Laurent Fiard, Renaud Sornin, Sebastien Ricard","Document Management, Enterprise Software, Financial Services, Legal",
CAD.42,"Paris, Ile-de-France, France, Europe",Seed,600000,EUR,2022-09-01,https://cad42.com/,SaaS platform to protect ressources and optimize workflows on jobsites,,"Consumer Electronics, Information Technology, Location Based Services, SaaS, Software",
KORP,"Paris, Ile-de-France, France, Europe",Seed,600000,EUR,2022-07-15,https://korp.co/home,KORP is an online platform where businesses can trade goods and products without having to experience cashflows.,,"B2B, Business Development, Commercial, Internet, Marketplace",
WebAR.rocks,"Palaiseau, Ile-de-France, France, Europe",Seed,600000,USD,2022-02-08,https://webar.rocks,Real-time computer vision libraries for the web.,,"Augmented Reality, Computer Vision, Machine Learning, Software, Video, Web Development",
Origame,"Nantes, Pays de la Loire, France, Europe",Seed,600000,EUR,2022-02-05,https://origame.fr,Origame offers a subscription-based platform.,"ABAB (Atlantic Business Angels Booster), Benoit Vasseur, Julien Chevalier, Pays de la Loire Participations","Apps, Internet, Subscription Service",
Avis-locataire,"Paris, Ile-de-France, France, Europe",,600000,EUR,2022-03-03,https://www.avis-locataire.com/,Avis-locataire is a web based platform.,"Angels Santé, Bpifrance","Internet, Software",
Ouibike,"Paris, Ile-de-France, France, Europe",,600000,EUR,2022-02-09,https://www.ouibike.net/,Ouibike is a bike rental service with more than 300 rental points throughout France.,"Banque des Territoires, Sud Angels","Cycling, Rental",
Dragon LLM,"Montigny-le-bretonneux, Ile-de-France, France, Europe",,563000,EUR,2022-12-19,https://dragonllm.ai/,Dragon LLM is a Tech company with over 10 years of experience in creating generative AI models for the financial market.,,"Artificial Intelligence (AI), Finance, Financial Services, FinTech, Machine Learning, Natural Language Processing",
Rockease,"Bordeaux, Aquitaine, France, Europe",Pre-Seed,550000,EUR,2022-01-26,https://www.rockease.io,Rockease is a B2B marketplace for construction materials.,,"Construction, Marketplace",
V8TE,"Bordeaux, Aquitaine, France, Europe",Seed,550000,EUR,2022-11-21,https://www.v8te.com,V8TE provides a platform for users to cast their votes via video conference.,"Arts et Métiers Business Angels, Banque Populaire Atlantique, BNP Paribas, Bpifrance, INSEAD Business Angels Alumni France","Information Technology, Software",
Fanprime,"Paris, Ile-de-France, France, Europe",Seed,550000,EUR,2022-10-14,https://fanprime.io,SaaS fan loyalty solution that rewards engagement built for the sports & entertainment industry,Accurafy 4,"Information Technology, SaaS, Software, Virtual World",
CLIKING,"Nogent-sur-marne, Ile-de-France, France, Europe",Seed,550000,EUR,2022-08-01,https://cliking.co/,Cliking is a customer satisfaction and loyalty management solution,"Jean-Fabrice Mathieu, OBRATORI",Software,
ByFLOX,"Angers, Pays de la Loire, France, Europe",Seed,550000,EUR,2022-04-04,https://www.byflox.com/,ByFLOX is an online website that allows ordering flowers online.,"Anjou Capital, Pays de la Loire Participations","E-Commerce, Flowers, Online Portals",
Coralai,"Grasse, Provence-Alpes-Cote d'Azur, France, Europe",Seed,550000,USD,2022-03-01,https://coralai.io,"SaaS, HealthTech, Enterprise solutions to help people live longer, healthier, trouble-free lives.",,"Beauty, Cosmetics, E-Commerce, Wellness",
Glanceable,"Saint-mandé, Ile-de-France, France, Europe",Seed,533295,EUR,2022-12-01,https://www.glanceable.io/,Glanceable is a SaaS company that uses natural language processing to compile and analyze millions of reviews and comments.,"APW Capital, Arthur Cohen, Bert Knobloch, Dan Cohen, DIY-TECH, Eliott Zaquin, Jean-François Bensahel, Jean-Luc Alexandre, Jed Corp, Laure Ghouila Houri, Marina Blum, Rabot Capital Partners, Robin Lowe, Victoria Paraf",SaaS,
Glanceable,"Saint-mandé, Ile-de-France, France, Europe",Seed,533295,EUR,2022-12-01,https://www.glanceable.io/,Glanceable is a SaaS company that uses natural language processing to compile and analyze millions of reviews and comments.,"APW Capital, Arthur Cohen, Bert Knobloch, Dan Cohen, DIY-TECH, Eliott Zaquin, Jean-François Bensahel, Jean-Luc Alexandre, Jed Corp, Laure Ghouila Houri, Marina Blum, Rabot Capital Partners, Robin Lowe, Victoria Paraf",SaaS,
Najar,"Paris, Ile-de-France, France, Europe",Pre-Seed,522000,EUR,2022-01-18,https://najar.ai,Najar simplifies and gives AI-driven procurement solutions.,"Innovation Nest, Kima Ventures","Artificial Intelligence (AI), Procurement, SaaS, Software",
RSight,"Paris, Ile-de-France, France, Europe",Pre-Seed,520000,EUR,2022-06-28,https://rsight.ai,RSight operates an AI-powered recruitment platform that streamlines talent acquisition for employers.,Confidential ‏‏‎ ‎‏‏‎ ‎‏‏‎ ‎‏‏‎ ‎,"Artificial Intelligence (AI), Information Technology, Professional Services, Recruiting",
Stokelp,"Fontaine, Pays de la Loire, France, Europe",Seed,520000,EUR,2022-03-03,https://stokelp.com/,Stokelp is a platform dedicated to the recovery of untapped raw materials from the food industry,"High Flyers Capital, Ventech","Environmental Consulting, Environmental Engineering, Food and Beverage",
Listen Leon,"Cabriès, Provence-Alpes-Cote d'Azur, France, Europe",Pre-Seed,510000,EUR,2022-01-20,https://listenleon.com,Listen Leon helps generate a viral movement of benevolence by sending anonymous compliments on talents.,Vincent Gentil,"Consulting, Management Consulting, Wellness",
MutualBenefits,"Montreuil-sous-bois, Ile-de-France, France, Europe",Pre-Seed,508840,EUR,2022-04-27,https://mutualbenefits.net/,"MutualBenefits is a collective of regenerative entrepreneurs, investors and activists.",Yann Mauchamp,"CleanTech, Consulting, GreenTech, Impact Investing, Information Technology, Management Consulting, Social Impact",
Diversified,"Lyon, Rhone-Alpes, France, Europe",Pre-Seed,502000,EUR,2022-09-01,https://diversified.fi/,Alternative Investment Platform,Maisons Julien et Kelly Dassault,"Finance, Financial Services, FinTech, Personal Finance",
Tilvest,"Puteaux, Ile-de-France, France, Europe",Pre-Seed,500000,EUR,2022-10-19,https://tilvest.com/,Tilvest is a fintech firm that offers digital asset management solutions to wealth management advisors.,"Alexandre Stachtchenko, Bilal Alamy, Brian O'Hagan, Claire Balva","Blockchain, Cryptocurrency, FinTech",
Pharow,"Montreuil, Ile-de-France, France, Europe",Pre-Seed,500000,EUR,2022-10-03,https://www.pharow.com,Pharow is a B2B prospecting tool to increase B2B sales.,,"B2B, CRM, Online Portals, Sales Automation",
Koovee,"Marseille, Provence-Alpes-Cote d'Azur, France, Europe",Pre-Seed,500000,EUR,2022-03-02,https://koovee.co,"Koovee is an edible cutlery company that replaces plastic and wooden cutlery with delicious organic, gourmet, and resistant biscuits.",Frenchfounders,"Food and Beverage, Food Processing, Manufacturing, Organic Food",
Ask for the Moon,"Paris, Ile-de-France, France, Europe",Pre-Seed,500000,EUR,2022-02-21,https://home.askforthemoon.com/,Spread and Secure Knowledge,"Laurent Fiard, Olivier Brourhant","Artificial Intelligence (AI), Information Technology, Machine Learning",
BioFluff,"Paris, Ile-de-France, France, Europe",Pre-Seed,500000,USD,2022-11-16,https://bio-fluff.com,"BioFluff created plant based fur, shearling and plush for the fashion, interior and toy industries","Ataraxia, Joyance Partners, SOSV, SOSV SF & NY (Fka IndieBio)","Biotechnology, Fashion, Interior Design, Manufacturing, Textiles, Toys",
Sami,"Paris, Ile-de-France, France, Europe",Pre-Seed,500000,EUR,2022-11-13,https://www.sami.eco,Sami is an all-in-one climate platform enabling companies to measure and reduce their carbon footprint,,"Business Information Systems, Consulting, Education, Environmental Consulting, Online Portals",
GRANNY & CHARLY,"Malakoff, Ile-de-France, France, Europe",Pre-Seed,500000,EUR,2022-10-01,https://grannycharly.fr/,Granny & Charly is a platform that connects citizens to senior for companionship and assistance.,,Elder Care,
Tracklab,"Paris, Ile-de-France, France, Europe",Pre-Seed,500000,EUR,2022-09-01,https://tracklab.co/,Tracklab is a B2B compliance software helping regulated companies manage their mandatory supplier documentations.,Kima Ventures,Software,
Moneco,"Halles, Lorraine, France, Europe",Pre-Seed,500000,USD,2022-07-21,https://moneco.app,Moneco is a financial application that aims to provide financial products.,Y Combinator,"Consulting, Financial Services, FinTech",
Praiz,"Paris, Ile-de-France, France, Europe",Pre-Seed,500000,EUR,2022-07-01,https://praiz.io,"An always up-to-date CRM: Praiz updates your CRM automatically, from your calls & conversations recordings.","Edward Lando, Pareto Holdings","CRM, Sales Automation",
Qlower,"Paris, Ile-de-France, France, Europe",Pre-Seed,500000,EUR,2022-03-30,https://www.qlower.com/,"Qlower, accounting & tax automation for real estate investors.","Didier Valet, Inovexus","Accounting, Financial Services, FinTech, Property Management, Real Estate, Real Estate Investment",
WhiteLab Genomics,"Paris, Ile-de-France, France, Europe",Pre-Seed,500000,USD,2022-03-29,https://www.whitelabgx.com,WhiteLab Genomics develops digital tools that help gene and cell therapy companies develop cheaper drugs faster.,Y Combinator,"Artificial Intelligence (AI), Biotechnology, Genetics",
A.M.A Selections,"Cannes, Provence-Alpes-Cote d'Azur, France, Europe",Pre-Seed,500000,EUR,2022-03-16,https://amaselections.com/,A.M.A Selections is a technology-driven luxury hospitality company offering curated vacation rentals with concierge services globally.,,"Hospitality, Leisure, Marketplace, Rental Property, Tourism, Travel, Travel Accommodations, Vacation Rental",
PLATON,"Paris, Ile-de-France, France, Europe",Pre-Seed,500000,EUR,2022-03-15,https://platon-finance.fr,PLATON is a digital banking mobile HUB.,,"Banking, Cryptocurrency, Finance, Financial Services, Social Network, Software",
Youree,"Paris, Ile-de-France, France, Europe",Pre-Seed,500000,EUR,2022-03-01,https://youree.onelink.me/zmne/uhdv5g8y,Youree is the next-generation V2G (Vehicle to Grid) platform.,216 Capital,"Energy Storage, GreenTech",
Paaw,"Paris, Ile-de-France, France, Europe",Pre-Seed,500000,EUR,2022-01-30,https://www.paaw.co/,The great pet adoption platform,,"Communities, Lifestyle, Pet, Social Impact",
XPERT,"Biot, Provence-Alpes-Cote d'Azur, France, Europe",Pre-Seed,500000,EUR,2022-01-03,https://www.x-pert.fr/en,XPERT is based in Sophia Antipolis (FRANCE) and is specialized in undersea ecosystems and infrastructure solutions.,,Industrial,
Fruggies,"Paris, Ile-de-France, France, Europe",Seed,500000,EUR,2022-12-22,https://www.fruggies.com,"We believe that fruits and vegetables should be available in any shape, anytime, anywhere.",,Food Processing,
Advance Beauty,"Valence, Ile-de-France, France, Europe",Seed,500000,EUR,2022-12-13,https://www.advance-beauty.com/,Advance Beauty is a french designer of anti-aging and slimming technologies.,,"Beauty, Cosmetics, Medical Device, Wellness",
Statinf,"Paris, Ile-de-France, France, Europe",Seed,500000,EUR,2022-09-07,http://www.statinf.fr/,Statinf provides statistical timing analyses on real time embedded systems.,"Arcadia Ventures, Bpifrance, Sharpstone Capital, WIT Angels Club",Analytics,
Studely,"Puteaux, Ile-de-France, France, Europe",Seed,500000,EUR,2022-08-01,https://www.studely.com/,"Studely assists overseas students by automating administrative procedures by offering financial aid, housing, and insurance.",SMERRA,"Banking, Education, Financial Services",
Sorius,"Saint-Étienne-lès-remiremont, Lorraine, France, Europe",Seed,500000,EUR,2022-07-19,https://www.sorius-training.com/,Sorius wants to become the first solution that adapts in real time to the needs of the coachee according to his feelings !,"Anouk Bara, Benjamin Griveaux, Bpifrance, Brice Feillu, Eric Dodin, François Pervis, Karim Irouche, Lucie Lefevre, Olivier Legrain, Patrick Weil, Petitjean Patrick, Ronan Le Moal, Stéphane Rossetto, William Bonnet","Analytics, Software, Sports",
Sarus,"Paris, Ile-de-France, France, Europe",Seed,500000,USD,2022-04-15,https://sarus.tech,Privacy preserving analytics & machine learning,"FAST — by GETTYLAB, Y Combinator","Analytics, Machine Learning, Privacy, Software",
Dogami,"Paris, Ile-de-France, France, Europe",Seed,500000,USD,2022-03-29,https://dogami.com,Dogami is a mass-market NFT play-to-earn game that is centered around 3D NFT dog avatars.,Tezos Foundation,Online Games,
Pappers,"Clichy, Ile-de-France, France, Europe",Seed,500000,EUR,2022-03-01,https://www.pappers.fr/,Pappers offers legal and financial information about French companies.,Kima Ventures,"Information Services, Online Portals, Search Engine",
Corneille,"Paris, Ile-de-France, France, Europe",Seed,500000,EUR,2022-02-07,https://corneille.io/,Corneille is an online edtech platform for children learning at the lower school level.,"Arts et Métiers Business Angels, Bpifrance, Investessor","Education, E-Learning, Online Portals",
DramaPak,"Ajaccio, Corse, France, Europe",Seed,500000,USD,2022-01-21,https://dramapak.com/,"We are a food service with amazing taste and quality. We have restaurants, where you can book table for you and your family.",EthAum Venture Partners,Food and Beverage,
Moabi,"Paris, Ile-de-France, France, Europe",Seed,500000,USD,2022-01-01,https://moabi.com,"Moabi specializes in Product Security via Reverse Engineering, helping in #DevSecOps #Cybersecurity #NIS2 and #CRA compliance",,"Cyber Security, Embedded Software, Industrial Automation, SaaS, Security",
Un Grand Marché,"Bretagne, Franche-Comte, France, Europe",,500000,EUR,2022-03-07,https://www.ungrandmarche.fr/,Un Grand Marché is a large market is a French platform for the sale and purchase of 100% French creations made by hand.,,Internet,
Views,"Paris, Ile-de-France, France, Europe",Seed,475000,EUR,2022-07-05,https://views.fr/,"Views is an online magazine created in 2016 to identify, identify and share the best of today's youth culture.",,"Creative Agency, Media and Entertainment",
SentinHealth,"La Tronche, Rhone-Alpes, France, Europe",Pre-Seed,465200,EUR,2022-01-26,http://www.sentinhealth.com/,SentinHealth develops AI-powered sentinels to revolutionize the management of chronic diseases and heart failure.,,"Artificial Intelligence (AI), Health Care, Life Science, Medical Device",
carbonABLE,"Grenoble, Rhone-Alpes, France, Europe",Pre-Seed,455000,EUR,2022-02-14,https://carbonable.io,Invest in decarbonation through our Green DeFi Launchpad,XAnge,"Blockchain, Energy Management, Finance, FinTech, Social Impact",
Synchronized,"Sucy-en-brie, Ile-de-France, France, Europe",Pre-Seed,450176,EUR,2022-07-25,http://www.synchronized.tv/,"Synchronized is an AI-powered in-video intelligence platform automating editorial tasks for broadcasters, OTT, and studios.",,"Artificial Intelligence (AI), Media and Entertainment",
BYMOV,"Paris, Ile-de-France, France, Europe",Seed,450000,EUR,2022-03-31,https://www.bymov.com/,BYMOV is the new fashion second-hand video social network,PERPETUA INVESTMENT GROUP,"Apps, E-Commerce, Internet",
ZAR,"Paris, Ile-de-France, France, Europe",Seed,450000,USD,2022-03-03,https://zar.gg,Zar develops an artificial intelligence coaching platform for esports gamers.,,"Artificial Intelligence (AI), eSports, Gaming, Sports",
CONNECTiLiB,"Les Auvergnes, Rhone-Alpes, France, Europe",,440000,EUR,2022-02-02,https://connectilib.fr/,CONNECTiLiB offers internet publishing services across various business sectors to help self-employed professionals.,Bpifrance,"Internet, Online Portals, Publishing",
Salut Beauté,"Paris, Ile-de-France, France, Europe",Pre-Seed,420000,EUR,2022-10-03,https://www.salut-beaute.com/,Salut Beauté is a textile manufacturer that creates upcycled ready-to-wear.,,"Fashion, Textiles",
Qiti,"Nice, Provence-Alpes-Cote d'Azur, France, Europe",Pre-Seed,420000,EUR,2022-05-01,https://qiti.world,Qiti is a developer of an online insurance platform that provides protection for all the people traveling and living abroad.,,"Artificial Intelligence (AI), Generative AI, InsurTech, Travel",
SynApp Messaging,"Levallois-perret, Ile-de-France, France, Europe",Pre-Seed,400000,EUR,2022-11-15,https://www.synapp-messaging.com,A communication platform built for healthcare professionals (HCPs) to communicate and collaborate together.,,"Health Care, Hospital, Software",
Moviatech,"Biarritz, Aquitaine, France, Europe",Pre-Seed,400000,EUR,2022-09-02,https://www.moviatech.tech/,Mobility as a Service platform for all types of vehicles and all types of energy.,,"Fleet Management, Software",
We Go GreenR,"Bordeaux, Aquitaine, France, Europe",Seed,400000,EUR,2022-12-01,https://www.wegogreenr.solutions,"We Go GreenR is a B2B SaaS, B2C Marketplace. We bring tourism to the next level : sustainable tourism.",,"Business Travel, Hotel, Marketplace, SaaS, Software, Sustainability, Tourism, Travel, Travel Agency, Vacation Rental",
We Go GreenR,"Bordeaux, Aquitaine, France, Europe",Seed,400000,EUR,2022-12-01,https://www.wegogreenr.solutions,"We Go GreenR is a B2B SaaS, B2C Marketplace. We bring tourism to the next level : sustainable tourism.",,"Business Travel, Hotel, Marketplace, SaaS, Software, Sustainability, Tourism, Travel, Travel Agency, Vacation Rental",
Loc'Hall,"Paris, Ile-de-France, France, Europe",Seed,400000,EUR,2022-11-16,https://loc-hall.fr,Loc'Hall provides collections of heritage and cultural places for professional events.,,"Events, Rental Property, Reservations",
Rodeeo,"Paris, Ile-de-France, France, Europe",Seed,400000,EUR,2022-05-17,https://rodeeo.app/,Rodeeo is the mobile application to rent any vehicle that travels by sea and land.,Franck Papazian,"Mobile Apps, Rental, Travel",
Dataleon,"Paris, Ile-de-France, France, Europe",Seed,400000,EUR,2022-02-02,https://www.dataleon.ai/,Dataleon offers the most advanced Machine Learning solutions for data processing and automation.,AVA Capital,"Artificial Intelligence (AI), Internet, Machine Learning",
CogNeed,"Paris, Ile-de-France, France, Europe",Seed,400000,EUR,2022-02-01,https://cogneed.ai/,"SaaS, VoiceTech, LiveAssistant, ContactCenter, InsideSales, Customer Support",WeLikeStartup,"Artificial Intelligence (AI), Customer Service, Sales, Software",
Rubypayeur,"Paris, Ile-de-France, France, Europe",,400000,EUR,2022-04-07,https://rubypayeur.com/,Rubypayeur is a digital firm specializing in debt collection.,Libeo,"Collection Agency, Debt Collections, Internet",
BeautyMix,"Chartres, Centre, France, Europe",Seed,395000,EUR,2022-01-20,https://www.beautymix.fr/,BeautyMix offers a miniature lab to make natural cosmetics at home.,,"Beauty, Cosmetics, Fashion, Health Care",
Cauri Money,"Paris, Ile-de-France, France, Europe",Pre-Seed,350000,USD,2022-03-31,https://www.cauri.money,Cauri Money specializes in financial technology with a wide range of digital banking solutions via app for fund transfer.,"DCG Expeditions, Guillaume Luccisano, Ian McNish, Launch Africa, Nicolas Dessaigne","Apps, Banking, Financial Services, FinTech",
Nestwave,"Paris, Ile-de-France, France, Europe",Seed,350000,GBP,2022-06-14,https://www.nestwave.com/,Nestwave is a provider of advanced geolocation solutions for the IoT market.,Deeptech Labs,Wireless,
mootion,"Salles-en-toulon, Poitou-Charentes, France, Europe",Seed,350000,EUR,2022-04-04,https://www.mootion.fr/,motion provides contactless virtual assistants to optimize communication and live together better.,,"Coworking, Incubators, Private Social Networking",
Lomads,"Paris, Ile-de-France, France, Europe",Pre-Seed,320000,USD,2022-09-21,https://www.lomads.xyz,"CommandCentral for Collectives: Streamline Access, Monitor & Validate Effortlessly, Disburse Funds Easily","Farfetch, HBAR Foundation, Outlier Ventures, Polkadot, Protocol Labs","Blockchain, Cryptocurrency, Web3",
Green Praxis,"Marseille, Provence-Alpes-Cote d'Azur, France, Europe",Seed,305000,EUR,2022-09-25,http://www.greenpraxis.com,Green PRAXIS reduces vegetation management cost for infrastructure operators. Knowledge and data inform the company's Nature-based solutions,,Analytics,
CLOS3T,"Paris, Ile-de-France, France, Europe",Pre-Seed,300000,EUR,2022-07-07,https://www.clos3t.io,A wallet for fashion is a clos3t. Building the future of luxury in the metaverse.,"Fabric Ventures, Frst","Blockchain, Fashion, Metaverse, Web3",
Docushare,"Paris, Ile-de-France, France, Europe",Pre-Seed,300000,EUR,2022-03-02,https://www.docushare.in,the first AI-powered scheduling experience that effortlessly cuts meeting time in half.,"Didier Forest, Inovexus","Collaboration, Meeting Software, SaaS, Software",
Airthium,"Les-loges-en-josas, Ile-de-France, France, Europe",Seed,300000,USD,2022-02-22,https://www.airthium.com,"Airthium guarantee the availability of solar and wind energy, all year long, making seasonal storage a reality.",,"Energy, Energy Management, Energy Storage, Renewable Energy",
luddi jee limited,"Mâcon, Bourgogne, France, Europe",Seed,300000,USD,2022-02-09,https://vacationmaker.site/,We specialize in crafting unforgettable travel. We understand the profound impact that a well-planned journey can have on one's life.,HiBlock Alliance(Hi Blk Ltd),Travel Agency,
Savonnerie Ciment,"Paris, Ile-de-France, France, Europe",,300000,EUR,2022-02-07,https://www.ciment.paris/,"Savonnerie Ciment is a personal health product manufacturing company that produces soaps, conditioners, and cosmetics.",,"Beauty, Health Care, Organic",
Yacht Sentinel,"Boulogne-billancourt, Ile-de-France, France, Europe",Seed,299998,GBP,2022-10-01,http://www.yacht-sentinel.com/,"Yacht Sentinel is the leader in the ""Connected Boat"" space. We connect boat owners to their vessels & help businesses digitize their fleets",,"Big Data, Boating, Internet of Things, Marine Transportation, Navigation",
Quivive App,"Saint-pierre-langers, Basse-Normandie, France, Europe",Seed,291000,EUR,2022-04-11,https://quivive-app.com/,Quivive App provides a security app that allows users to record audio to build evidence and accumulate digital proof.,Fin'Up,"Apps, Public Safety, Service Industry",
Unitag,"Toulouse, Midi-Pyrenees, France, Europe",Seed,280000,GBP,2022-03-23,http://www.unitag.io,Offline to Online Marketing Platform,,"Developer Tools, Mobile, QR Codes",
Shake smith,"Paris, Ile-de-France, France, Europe",Pre-Seed,250000,USD,2022-11-25,https://www.shake-smith.com/,Shake smith develops augmented healthy plant-based shakes and diets that triggers a specific health benefit.,Newchip Accelerator,"Food and Beverage, Health Care",
Aptero,"Cergy, Ile-de-France, France, Europe",Pre-Seed,250000,USD,2022-11-04,https://aptero.co,"Aptero is a firm providing immersive 3D environments and spatial AI solutions for training, events, collaboration.","Brinc, The Sandbox Metaverse Accelerator Program","3D Technology, Artificial Intelligence (AI), Machine Learning, Metaverse, Software, Virtual Reality, Web Development",
Bloometa,"Paris, Ile-de-France, France, Europe",Pre-Seed,250000,USD,2022-05-01,https://bloometa.com,Bloometa is a cross chain data marketplace for metaverse games.,The Blox,"Casual Games, Console Games, Gaming, Marketplace, Metaverse",
OPALYTICA,"Paris, Ile-de-France, France, Europe",Pre-Seed,250000,USD,2022-03-18,https://opalytica.com/,"OPALYTICA presents JIKKO, a simple, intuitive and affordable solution looking for increasing productivity and efficiency in industrial SMEs",Newchip Accelerator,"Information Technology, Manufacturing, Software",
FeenPi,"Paris, Ile-de-France, France, Europe",Pre-Seed,250000,USD,2022-02-04,https://www.feenpi.com,"B2B Saas for Financing and Investing at Scale, including through Alternative Investment Funds Orchestration",Newchip Accelerator,"Blockchain, Financial Exchanges, Financial Services, FinTech, InsurTech",
Agoraverse,"Paris, Ile-de-France, France, Europe",Seed,250000,USD,2022-11-30,https://agoraverse.org/,Agoraverse is a metaverse development studio creating high-end virtual experiences for marketing and e-commerce purposes.,Newchip Accelerator,"E-Commerce, Metaverse",
WILD WITS GAMES,"Rennes, Bretagne, France, Europe",Seed,250000,EUR,2022-08-31,https://wildwits.games,WILD WITS GAMES is a videogame studio.,Epopée Gestion,Video Games,
Pelavi,"Lyon, Rhone-Alpes, France, Europe",Seed,250000,USD,2022-08-28,https://www.pelavi.com/,Productivity enhancer for Figma,Capitem Partners,"Data Storage, Internet, Productivity Tools",
Sesame Technology,"Colombes, Ile-de-France, France, Europe",Seed,250000,USD,2022-06-24,https://www.sesame-technology.fr/en/,Sesame Technology develops access control devices.,Newchip Accelerator,"Electronics, Information Technology, Security, Software",
Vacation Maker Limited,"Mâcon, Bourgogne, France, Europe",Seed,250000,USD,2022-02-09,https://vacationmaker.site,We specialize in crafting unforgettable travel. We understand the profound impact that a well-planned journey can have on one's life.,HiBlock Alliance(Hi Blk Ltd),Travel Agency,
Hyperedge Instruments,"Paris, Ile-de-France, France, Europe",Series A,250000,USD,2022-06-08,https://myrobotics.fr,Hyperedge Instruments develops medical devices to track taste and its evolution.,Newchip Accelerator,"Health Care, Medical Device, Robotics",
Cookoon Club,"Paris, Ile-de-France, France, Europe",,250000,EUR,2022-02-07,https://cookoon.club/en/,Cookoon Club is a restaurant chain that offers gastronomy services.,,"Events, Real Estate, Restaurants",
QW HOSTING INTERNATIONAL,"Pessac, Aquitaine, France, Europe",Private Equity,240000,USD,2022-07-22,https://www.qwhosting.com/,"QWHI is a trusted and industry-leading IT services provider, offering a comprehensive range of IT solutions.",,"Brand Marketing, Cloud Data Services, Cloud Storage, Internet of Things, Personal Branding, Private Cloud, SEO, Service Industry, Web Development, Web Hosting",
Global Smart Rescue,"Toulouse, Midi-Pyrenees, France, Europe",Seed,240000,EUR,2022-12-27,https://globalsmartrescue.com/,Global Smart Rescue patented technology is based on black-boxes equipped with advance communication system.,,Information Technology,
ETSEME,"Bordeaux, Aquitaine, France, Europe",Pre-Seed,200000,EUR,2022-11-08,https://www.etseme.com/,"ETSEME turns stress into a measurable, accessible and actionable data, all in real time !",,,
Humanitics,"Paris, Ile-de-France, France, Europe",Pre-Seed,200000,USD,2022-10-08,https://www.humanitics.ai/,Humanitics empowers retail teams to take the most impactful actions without the burden of analytics thanks to AI,CDG Invest,"Artificial Intelligence (AI), Software",
Laymoon,"Paris, Ile-de-France, France, Europe",Pre-Seed,200000,USD,2022-10-07,https://www.laymoon.fr/,Laymoon ia a payment app.,CDG Invest,"Apps, Mobile Payments",
Alyra,"Paris, Ile-de-France, France, Europe",Pre-Seed,200000,USD,2022-09-26,https://www.alyra.fr,Alyra is a school that provides training programs on blockchain and cryptocurrencies.,SkyDeck Berkeley,"Blockchain, Cryptocurrency, Higher Education, Training",
Starzdata,"Neuilly, Bourgogne, France, Europe",Pre-Seed,200000,EUR,2022-01-20,http://www.starzdata.com,"Starzdata is a collaborative platform that allows to search, evaluate, and access all information sources of any kind.",Patrick Jacquemin,"Cloud Data Services, Data Integration, Information Services, Market Research",
The VERY Food Co,"Rungis, Ile-de-France, France, Europe",Pre-Seed,200000,EUR,2022-01-05,https://www.theveryfood.co/,Innovative ingredients replacing eggs and dairy,,"Alternative Protein, Food Processing, Plant-Based Foods",
Ndemnity,"Marseille, Provence-Alpes-Cote d'Azur, France, Europe",Pre-Seed,200000,EUR,2022-01-01,https://www.indemnisation.com,Ndemnity offers a software for doctors and lawyers specializing in personal injury.,,"FinTech, InsurTech, Life Insurance, SaaS",
MesVolontes,"Lyons, Rhone-Alpes, France, Europe",Pre-Seed,200000,EUR,2022-03-07,https://www.mesvolontes.net/,MesVolontes is an information technology company that offers digital storage solutions.,,"Database, Personalization, Security",
Find & Order,"Paris, Ile-de-France, France, Europe",Seed,200000,EUR,2022-12-20,https://www.findnorder.com/,Find & Order is an optimization software for warehouses,,"3D Technology, Analytics, Big Data, Location Based Services, Logistics, Machine Learning, Mapping Services, SaaS",
BioEsol,"Grenoble, Rhone-Alpes, France, Europe",Seed,200000,EUR,2022-12-07,https://www.bioesol.com,BioEsol provides AI-driven energy-storage systems and software that monitor and optimize electricity use for businesses.,Katapult,"Artificial Intelligence (AI), Battery, Energy Storage, Renewable Energy",
Petty Well,"Paris, Ile-de-France, France, Europe",Seed,200000,USD,2022-09-22,https://www.pettywell.com,Petty Well is a pet food manufacturer for both cats and dogs with nutritional value by a tailor-made formula.,"Leap Venture Studio, Michelson Impact Ventures","Food and Beverage, Food Processing, Pet",
ALEIA,"Paris, Ile-de-France, France, Europe",Seed,200000,EUR,2022-08-02,https://www.aleia.com/,ALEIA is an IT firm that offers a platform to assist individuals with AI-related projects.,AI.FUND,"Artificial Intelligence (AI), Information Services, Information Technology",
Hybrid Robotics,"Montrouge, Ile-de-France, France, Europe",Seed,200000,USD,2022-03-28,http://hybridtv.tv,Hybrid Robotics is involved in the development of robotic camera handling equipment and virtual studio solutions.,,"Broadcasting, Information Technology, Robotics",
ShopMeAway,"Paris, Ile-de-France, France, Europe",,200000,USD,2022-08-22,http://www.shopmeaway.com/,"We're bridging global brands with underserved markets in Africa, Latin America, the Middle East, and Asia.",Launch Africa,"E-Commerce, Logistics",
Qonto,"Paris, Ile-de-France, France, Europe",,200000,USD,2022-08-01,https://qonto.com,Qonto is an online bank that provides financial tools for small and medium-sized businesses and freelancers.,"Banca Sella Holding, Ilavska Vuillermoz Capital","Banking, Financial Services, FinTech, Payments, Software",
EyeLights,"Labège, Midi-Pyrenees, France, Europe",Series A,199896,USD,2022-09-19,https://www.eye-lights.com/,EyeLights provides guidance solutions for motorcycles and driving aids.,"European Innovation Council, Techstars","Electronics, Information Services, Information Technology",
Bynd,"Toulouse, Midi-Pyrenees, France, Europe",Pre-Seed,170000,USD,2022-06-24,https://bynd.fr/,Bynd is a SaaS platform to create online marketplaces.,,E-Commerce,
Yacht Sentinel,"Boulogne-billancourt, Ile-de-France, France, Europe",Seed,162854,GBP,2022-01-05,http://www.yacht-sentinel.com/,"Yacht Sentinel is the leader in the ""Connected Boat"" space. We connect boat owners to their vessels & help businesses digitize their fleets",,"Big Data, Boating, Internet of Things, Marine Transportation, Navigation",
Sand to Green,"Paris, Ile-de-France, France, Europe",Pre-Seed,150000,USD,2022-11-08,https://www.sandtogreen.com/en,"Sand to Green provides a long-term solution to the problems of desertification, land degradation, food security.",Katapult,"Agriculture, AgTech, Farming",
Kabaun,"Bois-colombes, Ile-de-France, France, Europe",Pre-Seed,150000,EUR,2022-09-30,https://www.kabaun.com,Kabaun helps companies to take control of their carbon emissions with an API-first carbon management platform.,,"Analytics, GreenTech, Open Source, SaaS, Sustainability",
Alien6,"Enghien-les-bains, Ile-de-France, France, Europe",Pre-Seed,150000,EUR,2022-01-01,http://www.alien6.com,Alien6 is a consultancy and software editor,,"Artificial Intelligence (AI), Cloud Computing, Consulting, Software",
ALLPRIV,"Aniane, Languedoc-Roussillon, France, Europe",Pre-Seed,150000,USD,2022-01-01,http://www.allpriv.com,Allpriv presents the World’s First solution in data privacy on-the-go for enterprises.,,"Artificial Intelligence (AI), Cyber Security, Electronics, Information Technology, Software",
Wecasa,"Paris, Ile-de-France, France, Europe",Pre-Seed,150000,EUR,2022-10-03,https://www.wecasa.fr,"Wecasa is a marketplace that provides a range of at-home services including cleaning, hairdressing, and beauty treatments.",,"Home Services, Internet, Marketplace, Mobile Apps",
Dr Milou,"Paris, Ile-de-France, France, Europe",Seed,150000,EUR,2022-03-07,https://drmilou.fr/,Dr Milou proposes a new service offering aimed at promoting and improving the experience of home veterinarians.,WeLikeStartup,"Consulting, Internet, Mobile Apps, Pet, Veterinary",
RVEST,"Clichy, Ile-de-France, France, Europe",Pre-Seed,130000,EUR,2022-12-01,https://rvest.fr,We are an ultra-simplified crypto savings solution platform allowing you to access stable and secure strategies on decentralized finance,"Agnès Barthelemy, Alain Broustail, Alexandre Skibniewski, Arnaud Trésarrieu-Bésincq, Benjamin Dangla, Charles-André Goichot, Jean-Baptiste DAURAT, Jean-Philippe Proust, Loan Venkatapen, Philippe Smolders, Pierre-Arnaud Coquelin, Raphael Saint-Aubert","Blockchain, Decentralized Finance (DeFi), Financial Services, Software",
RVEST,"Clichy, Ile-de-France, France, Europe",Pre-Seed,130000,EUR,2022-12-01,https://rvest.fr,We are an ultra-simplified crypto savings solution platform allowing you to access stable and secure strategies on decentralized finance,"Agnès Barthelemy, Alain Broustail, Alexandre Skibniewski, Arnaud Trésarrieu-Bésincq, Benjamin Dangla, Charles-André Goichot, Jean-Baptiste DAURAT, Jean-Philippe Proust, Loan Venkatapen, Philippe Smolders, Pierre-Arnaud Coquelin, Raphael Saint-Aubert","Blockchain, Decentralized Finance (DeFi), Financial Services, Software",
FENYX,"Sophia Antipolis, Provence-Alpes-Cote d'Azur, France, Europe",Pre-Seed,120000,USD,2022-09-09,https://www.fenyx.fr,FENYX is a consulting in digital transformation,Techstars,"Advice, Consulting, Information Technology, Project Management",
canB,"Paris, Ile-de-France, France, Europe",Pre-Seed,120000,USD,2022-09-05,https://www.canb.eu/,"canB is a banking platform that offers accounts, cards, reports, and security services.",Techstars,"Apps, Banking, Financial Services",
The Retouch,"Paris, Ile-de-France, France, Europe",Pre-Seed,120000,USD,2022-07-25,https://www.theretouch.fr,The Retouch is a publisher of circular solutions for the fashion and textile industry.,Techstars,"Fashion, Product Design, Textiles",
BioEsol,"Grenoble, Rhone-Alpes, France, Europe",Pre-Seed,120000,USD,2022-04-26,https://www.bioesol.com,BioEsol provides AI-driven energy-storage systems and software that monitor and optimize electricity use for businesses.,Techstars,"Artificial Intelligence (AI), Battery, Energy Storage, Renewable Energy",
Bib batteries,"Paris, Ile-de-France, France, Europe",Pre-Seed,120000,USD,2022-04-14,https://bib-batteries.com/,"Bib batteries provides EV owners with battery health data via its API, integrated with OEMs—no hardware needed.",Techstars,"Automotive, B2B, Information Services, Software",
SustainSoft,"Paris, Ile-de-France, France, Europe",Pre-Seed,120000,USD,2022-04-13,https://www.sustainsoft.eu,SustainSoft specializes in SaaS software designed for small and medium-sized businesses.,Techstars,"Information Technology, SaaS, Software",
VALLAI,"Paris, Ile-de-France, France, Europe",Pre-Seed,120000,USD,2022-03-24,https://www.vall.ai,Vallai is a provider of a data analytics platform intended to facilitate party collaboration on AI.,Techstars,"Big Data, Cloud Data Services, Collaboration, SaaS, Software",
Revibe,"Paris, Ile-de-France, France, Europe",Pre-Seed,120000,EUR,2022-03-01,https://www.revibe-upcycling.com/,Revibe is the largest online community fully dedicated to upcycling fashion.,B4i - Bocconi for innovation,Fashion,
Jimo,"Paris, Ile-de-France, France, Europe",Pre-Seed,120000,USD,2022-03-01,https://usejimo.com,Jimo is a modern platform to announce update and get feedback to know what to build next.,Techstars,"Developer Platform, Product Management, Software",
Declique,"Labège, Midi-Pyrenees, France, Europe",Seed,120000,USD,2022-04-14,https://www.declique.fr/,Declique specializes in quantifying the loss of time and money on production lines.,"Alain Garnier, Techstars",Information Technology,
BioFluff,"Paris, Ile-de-France, France, Europe",Pre-Seed,115000,USD,2022-04-15,https://bio-fluff.com,"BioFluff created plant based fur, shearling and plush for the fashion, interior and toy industries",,"Biotechnology, Fashion, Interior Design, Manufacturing, Textiles, Toys",
YAAGO,"Paris, Ile-de-France, France, Europe",Pre-Seed,110500,EUR,2022-11-10,https://www.yaago.com,YAAGO is a platform that helps hosts prepare for the reception and increases communication with other travelers.,,"Software, Web Apps, Web Development",
DizzitUp,"Paris, Ile-de-France, France, Europe",Pre-Seed,110000,USD,2022-09-01,https://dizzitup.com,Building Africa's first continent wide blockchain powered cross-border Basic Necessity Marketplace,Business Angels,"Blockchain, E-Commerce Platforms, FinTech, Marketplace, Mobile Payments",
HelioRec,"Nantes, Pays de la Loire, France, Europe",Pre-Seed,110000,EUR,2022-03-22,https://heliorec.com/,"Simple, powerful floating solar technology",Techstars,"CleanTech, GreenTech, Hardware, Renewable Energy, Solar",
Comple Pharme,"Rillieux, Rhone-Alpes, France, Europe",Seed,110000,USD,2022-08-01,http://complepharma.com,Comple Pharme is a manufacturer of herbal food supplements.,Algerian Startup Fund,"Alternative Medicine, Biopharma, Dietary Supplements, Pharmaceutical",
Steer AI,"Versailles, Ile-de-France, France, Europe",Pre-Seed,105000,USD,2022-10-20,https://www.steerautos.com/,AI to enable the Automotive Industry,Ammar RADWAN,"Artificial Intelligence (AI), Automotive, Autonomous Vehicles, Retail Technology, SaaS, Simulation, Software",
Valueco,"Paris, Ile-de-France, France, Europe",Pre-Seed,100000,EUR,2022-12-15,https://www.valuecometrics.com,"Valueco measures business performance to explicitly incorporate human, social, and environmental capital through sustainability parameters.",WILCO,"Asset Management, CleanTech, Finance, Financial Services, GreenTech, Impact Investing, SaaS, Sustainability",
Blacklight,"Paris, Ile-de-France, France, Europe",Pre-Seed,100000,EUR,2022-08-25,https://blacklight.fr,"SaaS that helps media monetize, hire and find journalists","Fast Forward, J2H","Digital Media, Human Resources, Media and Entertainment, SaaS",
Greenbids,"Paris, Ile-de-France, France, Europe",Pre-Seed,100000,EUR,2022-07-27,https://www.greenbids.ai,Greenbids is an AI-powered media buying optimization platform that enhances digital advertising performance while reducing carbon emissions.,,"Advertising, Artificial Intelligence (AI), Carbon Capture, Software",
Yvee,"Paris, Ile-de-France, France, Europe",Pre-Seed,100000,USD,2022-06-08,https://www.yvee-group.fr,Yvee Female Funding is a global ecosystem that supports underrepresented women entrepreneurs in Europe.,Black Founders Fund,"Digital Media, Finance, Software",
Tictactrip,"Paris, Ile-de-France, France, Europe",Pre-Seed,100000,USD,2022-04-05,https://www.tictactrip.eu,"Comparateur intermodal de bus, trains et covoiturage. Propose en plus une offre inédite, des combinaisons de ces différents transports.",Techstars,"Public Transportation, Service Industry, Transportation",
Aparkate SA,"Marseille, Provence-Alpes-Cote d'Azur, France, Europe",Pre-Seed,100000,USD,2022-03-26,https://aparkate.co,"Franco-American software company specialized in parking management solution for South American cities. Present in Ecuador, Brazil, Venezuela",,Software,
FLIM,"Paris, Ile-de-France, France, Europe",Pre-Seed,100000,EUR,2022-03-01,https://flim.ai,Movie screenshot search engine,WILCO,"Advertising, Art, Artificial Intelligence (AI), Film, Film Production, Media and Entertainment",
Equi-rider,"Granville, Basse-Normandie, France, Europe",Pre-Seed,100000,EUR,2022-03-01,https://equi-rider.com/en,Equi-rider is a Developer of application software designed to connect and participate in world equestrian competitions.,Fin'Up,Sports,
Heypster,"Paris, Ile-de-France, France, Europe",Pre-Seed,100000,EUR,2022-02-06,https://heypster.com/en,Heypster is a privacy-friendly GIF search engine designed to make discovering and sharing GIFs seamless.,,"Online Portals, Social Media, Social Network",
MaksiWeb Technologies,"Paris, Ile-de-France, France, Europe",Seed,100000,USD,2022-09-30,https://maksiweb.com/,Maksiweb: Your Gateway to Advanced Online Learning Solutions.,,"Artificial Intelligence (AI), E-Learning, Information Technology, Training",
Carbon Saver,"Orléans, Centre, France, Europe",Seed,100000,EUR,2022-08-16,https://en.carbon-saver.com/,Carbon Saver offers an eco-design SaaS for buildings.,"gener8tor, Right Side Capital Management","Architecture, Commercial Real Estate, Green Building, Home Renovation, Interior Design, SaaS, Software",
NuxtJS,"Bordeaux, Aquitaine, France, Europe",Seed,100000,USD,2022-07-12,https://nuxtlabs.com,We craft solutions to make Web development intuitive. Author of NuxtJS and Docus.,Jamstack Innovation Fund,"Internet, Software",
Virtual Beings,"Paris, Ile-de-France, France, Europe",Pre-Seed,90000,EUR,2022-06-21,https://www.virtualbeings.co,"Virtual Beings is a gaming firm that specialises in VR, AR, and mobile game development.",Startup Wise Guys,"Gaming, Internet, Metaverse, Software, Video Games",
Pluto,"Paris, Ile-de-France, France, Europe",Pre-Seed,90000,EUR,2022-02-02,https://gopluto.fr,"Pluto innovates B2C insurance: annual comparison & one-click switches, using customer data rights for savings and easy signup.",Entrepreneurs First,"Insurance, InsurTech",
NEEDEMAND,"Montpellier, Languedoc-Roussillon, France, Europe",Pre-Seed,88000,EUR,2022-09-16,https://needemand.com,"NEEDEMANd is a software development, data, and artificial intelligence firm.",Bpifrance,"Artificial Intelligence (AI), Big Data, Bitcoin",
Avatar Mobilite,"Lagord, Poitou-Charentes, France, Europe",Pre-Seed,86000,EUR,2022-06-01,https://www.avatarmobilite.com,Electric vehicles for everyone - Ultra light & efficient 4-wheel 4-place frugal vehicle,,"Automotive, Manufacturing",
Lellahome,"Touraine, Centre, France, Europe",Seed,85000,USD,2022-09-27,https://lellahome.com/,Lellahome creates economical opportunities for women.,Algerian Startup Fund,"Art, Cosmetics, Handmade, Retail, Sustainability",
Istya,"Paris, Ile-de-France, France, Europe",Pre-Seed,73451,USD,2022-04-03,https://istya.co/,AI-powered energy technology company for building performance and energy efficiency.,,"Green Building, GreenTech, Internet of Things, Pollution Control, Smart Building, Smart Cities",
MIXe.Store,"Paris, Ile-de-France, France, Europe",Pre-Seed,72000,EUR,2022-05-15,https://mixe.store/,MIXe is a top grocer for South-Asian Expat customers in Europe with cross-border e-commerce platform to deliver ethnic groceries and food.,"Antler, Antoine Poirson, Nick Telson-Sillett, Nicolas Martin, SGAE, Ventures Together","Delivery, E-Commerce, Food and Beverage, Grocery, Retail",
Seedext,"Paris, Ile-de-France, France, Europe",Pre-Seed,68000,EUR,2022-05-15,https://seedext.com,Seedext is an SaaS virtual assistant that transcribes and summarizes all the user's meetings in one click.,,"Artificial Intelligence (AI), Productivity Tools, SaaS",
MaksiWeb Technologies,"Paris, Ile-de-France, France, Europe",Pre-Seed,65000,USD,2022-01-02,https://maksiweb.com/,Maksiweb: Your Gateway to Advanced Online Learning Solutions.,,"Artificial Intelligence (AI), E-Learning, Information Technology, Training",
IkanoVision,"Talence, Aquitaine, France, Europe",Pre-Seed,60000,EUR,2022-09-01,https://ikanovision.com,IkanoVision delivers computer vision technologies and AI.,,"Artificial Intelligence (AI), B2B, Computer Vision, Industrial Automation, Machine Learning, Manufacturing, Quality Assurance, Retail, Software",
Echoliv,"Paris, Ile-de-France, France, Europe",Pre-Seed,60000,EUR,2022-07-07,https://echoliv.ai,Echoliv develops AI medical-grade in liver ultrasound to assist radiologists and hepatologists.,WILCO,"Artificial Intelligence (AI), Biotechnology, Health Care, Software",
Echoliv,"Paris, Ile-de-France, France, Europe",Pre-Seed,60000,EUR,2022-06-23,https://echoliv.ai,Echoliv develops AI medical-grade in liver ultrasound to assist radiologists and hepatologists.,IMT Starter,"Artificial Intelligence (AI), Biotechnology, Health Care, Software",
SPHINX,"Montaigu-de-quercy, Midi-Pyrenees, France, Europe",Pre-Seed,50000,USD,2022-07-21,http://www.sphinxfrance.fr/,SPHINX is an information technology company that specializes in providing components for Industrial IoT solutions.,,"Industrial, Internet of Things, Mobile",
canari.dev,"Paris, Ile-de-France, France, Europe",Pre-Seed,50000,EUR,2022-11-25,https://canari.dev,"SaaS, B2B, AI for Equity Derivatives traders",,"Data Visualization, Financial Services, Machine Learning, Predictive Analytics",
Yolo - You Only Live Once,"Saint-arnoult, Basse-Normandie, France, Europe",Pre-Seed,50000,EUR,2022-10-07,https://becauseyolo.io,B2B Service of personal assistants,"Camille Agon, REBECCA FISCHER-BENSOUSSAN",Professional Services,
MAWAQIT,"Grigny, Ile-de-France, France, Europe",Pre-Seed,50000,EUR,2022-07-09,https://mawaqit.net,Connecting Muslims to Mosques,,"Blockchain, Digital Signage, Information and Communications Technology (ICT), iOS, Non Profit, Private Social Networking, Religion, Search Engine, Video Streaming, Web Development",
Kumabo,"Nice, Provence-Alpes-Cote d'Azur, France, Europe",Seed,50000,EUR,2022-09-01,https://www.kumabo.com,Kumabo is an online platform that offers flight tickets and hotel bookings.,,"Hotel, Information Technology, Marketing, Search Engine, Travel",
Celsius Online,"Paris, Ile-de-France, France, Europe",Seed,50000,USD,2022-01-19,http://www.celsius-online.com,"Celsius Online specializes in computer game development, web development, cross-platform solutions and community management.",,"Computer, Gaming, Software, Web Design, Web Development",
ELVIS,"Le Havre, Haute-Normandie, France, Europe",Pre-Seed,40000,EUR,2022-06-01,https://www.callingelvis.com,Elvis is an opensource SAAS for music shools. We provide innovative digital solutions for teachers and school administrators,Holding Montmirail,"Education, Music Education, Software",
edgar,"Nantes, Pays de la Loire, France, Europe",Pre-Seed,40000,EUR,2022-05-01,https://www.get-edgar.com,"QR CODE for restaurant, hotel, airbnb, and any shop",Wind,"E-Commerce, Service Industry, Software",
UniFox,"Bordeaux, Aquitaine, France, Europe",Pre-Seed,25000,EUR,2022-04-14,http://unifox.ai,UniFox is a sustainable investment ecosystem and trading platform powered by a sustainable AI.,1Kubator,"Artificial Intelligence (AI), Bitcoin, Cryptocurrency, Decentralized Finance (DeFi), Ethereum, Finance, FinTech, GreenTech, Sharing Economy, Web3",
Butterfly Job,"Lacanau, Aquitaine, France, Europe",Pre-Seed,20000,EUR,2022-10-15,https://www.butterfly-job.com,"Human Ressources solution, Saas Software, Recutment",Région Sud Investissement,"Human Resources, SaaS",
Valueco,"Paris, Ile-de-France, France, Europe",Pre-Seed,20000,USD,2022-09-20,https://www.valuecometrics.com,"Valueco measures business performance to explicitly incorporate human, social, and environmental capital through sustainability parameters.",Techstars,"Asset Management, CleanTech, Finance, Financial Services, GreenTech, Impact Investing, SaaS, Sustainability",
EEVY,"Paris, Ile-de-France, France, Europe",Pre-Seed,20000,EUR,2022-09-13,https://eevy.fr/,EEVY is on the way to democratize millions of private chargers to the public,Schneider Electric,"Electric Vehicle, Energy, Information Technology, Marketplace, SaaS, Service Industry, Sharing Economy, Transportation",
Butterfly Job,"Lacanau, Aquitaine, France, Europe",Pre-Seed,20000,EUR,2022-05-27,https://www.butterfly-job.com,"Human Ressources solution, Saas Software, Recutment",Incubateur Belle de Mai,"Human Resources, SaaS",
Open Replay,"Paris, Ile-de-France, France, Europe",Seed,14300,USD,2022-10-11,https://openreplay.space/,OpenReplay uses industry-standard technologies and services to encrypt and secure data from end to end.,,"Analytics, Information Technology, Open Source, SaaS",
Aton Invest,"Paris, Ile-de-France, France, Europe",Pre-Seed,14000,USD,2022-01-09,https://aton-invest.com,Aton Invest is a new generation of asset management company,FasterCapital,"Asset Management, Finance, Financial Services, FinTech, Wealth Management",
VinTrail Pro,"Bordeaux, Aquitaine, France, Europe",Pre-Seed,12500,USD,2022-06-24,https://www.vintrailpro.com/en,VinTrail Pro offer travelling and operations related to wineries and tourism in an all-in-one software.,Aster,"Tourism, Wine And Spirits, Winery",
onRuntime Studio,"La Roche, Ile-de-France, France, Europe",Pre-Seed,5800,EUR,2022-08-23,https://onruntime.com/fr,"onRuntime is a French-Canadian studio that brings together teams of creators and develops applications, websites and game platforms.",Antoine Kingue,"Developer Tools, Information Technology",
onRuntime Studio,"La Roche, Ile-de-France, France, Europe",Pre-Seed,5000,EUR,2022-01-02,https://onruntime.com/fr,"onRuntime is a French-Canadian studio that brings together teams of creators and develops applications, websites and game platforms.",Antoine Kingue,"Developer Tools, Information Technology",
Clarity,"Paris, Ile-de-France, France, Europe",Pre-Seed,,,2022-12-30,http://clarity-technologies.com/,Clarity is a clinical-stage company developing mutlisensory stimulation treatments for neurodegenerative diseases.,"Bpifrance, FBFC, Orrick Venture Fund","Artificial Intelligence (AI), Health Care, Medical, Neuroscience, Therapeutics",
Carom,"Paris, Ile-de-France, France, Europe",Pre-Seed,,,2022-12-27,https://www.carom.app/,"Curated real-life experiences, where you find your people.",,"Information Technology, Mobile Apps, Social Network",
Nexdot,"Romainville, Ile-de-France, France, Europe",Pre-Seed,,,2022-12-19,https://www.nexdot.fr/,Nexdot is the first company worldwide to develop a new generation of Quantum Dots: the Nanoplatelets.,European Innovation Council,"Biotechnology, Developer Platform, Electronics, Energy, Hardware, Manufacturing, Renewable Energy, Semiconductor",
3Deus Dynamics,"Villeurbanne, Rhone-Alpes, France, Europe",Pre-Seed,,,2022-12-19,https://www.3deusdynamics.com/en,3Deus Dynamics is a startup that aims to push the limits of 3D printing.,European Innovation Council,"Industrial Manufacturing, Machinery Manufacturing, Manufacturing",
SleepDoctor,"Clichy, Ile-de-France, France, Europe",Pre-Seed,,,2022-12-15,https://sleepdoctor.fr/,SleepDoctor is a digital sleep clinic.,Triple S Ventures,"Health Care, Health Diagnostics, Telehealth",
Alltheway,"Paris, Ile-de-France, France, Europe",Pre-Seed,,,2022-12-03,https://www.alltheway.io/,"Alltheway is the solution for global travelers, offering an all-in-one travel companion and enabling intermodal travel journeys.",Accor,"Internet of Things, Logistics, Mobile Apps, Software, Travel",
Dmail,"Paris, Ile-de-France, France, Europe",Pre-Seed,,,2022-11-28,https://dmail.me,Dmail helps turn the emails into DMs and it works with Gmail.,,"Email, Messaging, Social Network",
underdog,"Nantes, Pays de la Loire, France, Europe",Pre-Seed,,,2022-11-09,https://underdog.shop/,underdog is a simplified & refurbished household appliances.,Inovexus,"Customer Service, E-Commerce, Electronics, Retail",
Tetricks,"Vincennes, Ile-de-France, France, Europe",Pre-Seed,,,2022-11-07,https://www.tetricks.com,Tetricks understands guest requests and intelligently assigns hotel rooms.,X-Creation,"Artificial Intelligence (AI), Hospitality, Natural Language Processing, SaaS, Travel",
Plantik Biosciences,"Paris, Ile-de-France, France, Europe",Pre-Seed,,,2022-11-01,https://www.plantik.bio/,Plantik Biosciences develops new plant breeding technology to create future plants faster.,Future Food Fund,"Agriculture, AgTech, Biotechnology, Cannabis, Genetics",
Blobr,"Paris, Ile-de-France, France, Europe",Pre-Seed,,,2022-10-26,https://www.blobr.io/,"Blobr is a SaaS company that offers API portal for internal teams, partners and customers.",FJ Labs,"Developer APIs, Information Technology, SaaS",
Hylight,"Le Plessis-pâté, Ile-de-France, France, Europe",Pre-Seed,,,2022-10-20,https://www.hylight.aero/,Hylight inspects energy infrastructures and provide solutions that makes societies resilient to the effects of climate change.,"Cariplo Factory, Lendlease, SkyDeck Berkeley",,
Yeasty,"Paris, Ile-de-France, France, Europe",Pre-Seed,,,2022-10-20,https://yeastyfood.fr/,Yeasty produces natural and protein yeast food.,,"Biotechnology, Food Processing, Organic Food",
Eyst Technology,"Puteaux, Ile-de-France, France, Europe",Pre-Seed,,,2022-10-06,https://www.eyst.io,Tech solution to fight post-compensation insurance fraud,"Bpifrance, Plug and Play, WILCO","Cyber Security, Finance, FinTech, Information Technology, InsurTech",
FRINGUANT,"Paris, Ile-de-France, France, Europe",Pre-Seed,,,2022-10-01,https://www.fringuant.com,FRINGUANT is a body scanning technology for online fashion brands that allows users to find the right garment size in less than 10 seconds.,Sharpstone Capital,"Analytics, Artificial Intelligence (AI), B2B, Computer Vision, Consumer Software, Fashion, Machine Learning, Mobile Apps, Personalization",
Sirius Space Services,"Paris, Ile-de-France, France, Europe",Pre-Seed,,,2022-09-28,https://www.sirius-space.com/en,Sirius Space Services is an aerospace manufacturing company that provides sustainable and reusable launchers for small satellites.,Starburst Accelerator,"Aerospace, Manufacturing, Space Travel",
Tremplin Capital,"Paris, Ile-de-France, France, Europe",Pre-Seed,,,2022-09-27,https://tremplin.capital,"We support underrepresented entrepreneurs in France, with a focus on undernetworked geographies.",Teampact ventures,"Angel Investment, Finance, Impact Investing, Venture Capital",
Biscott,"Paris, Ile-de-France, France, Europe",Pre-Seed,,,2022-09-01,https://www.biscott.io,Biscott is a French platform of live online classes that makes learning passionate for kids.,,Education,
Dowsers,"Paris, Ile-de-France, France, Europe",Pre-Seed,,,2022-09-01,https://www.dowsers.finance/,Automated Formal Verification of Smart Contracts,,"Blockchain, Cryptocurrency, Web3",
Gapianne,"Paris, Ile-de-France, France, Europe",Pre-Seed,,,2022-08-03,https://www.gapianne.com/,Gapianne is the well-being platform designed by women for women.,Thomas Thuillier,"Fitness, Health Care, Wellness",
tocco,"Paris, Ile-de-France, France, Europe",Pre-Seed,,,2022-08-01,https://tocco.earth,The world's largest B2B marketplace for low-carbon and regenerative materials,Unpopular Ventures,"E-Commerce, Marketplace, Sustainability, Wholesale",
payper,"Paris, Ile-de-France, France, Europe",Pre-Seed,,,2022-07-31,https://www.getpayper.co/,payper is a payment platform that supports the complexity of B2B transactions.,Entrepreneurs First,"B2B, Finance, FinTech, Payments",
Riverse,"Lyon, Rhone-Alpes, France, Europe",Pre-Seed,,,2022-07-28,https://www.riverse.io,Riverse enables efficient and transparent carboncredit markets in Europe.,Techstars,"Environmental Engineering, GreenTech, Manufacturing",
FINGREEN AI,"Paris, Ile-de-France, France, Europe",Pre-Seed,,,2022-07-26,https://www.fingreen.ai/,FINGREEN AI provides an AI-powered SaaS solution for ESG data analytics and reporting on private assets,Plug and Play,"Artificial Intelligence (AI), FinTech, Software, Sustainability",
Aga Care,"Paris, Ile-de-France, France, Europe",Pre-Seed,,,2022-07-01,https://www.agacare.io/,Aga Care operates an online platform for virtual coaching and counselling.,FJ Labs,"Internet, mHealth, Online Portals, Personal Health, Wellness",
PLEASE Creative Agency,"Strasbourg, Alsace, France, Europe",Pre-Seed,,,2022-07-01,https://pleaseagency.com/,Please build a strong brand Please create my digital content Please define the best strategy Please make no drama,Rémy Bendayan,"Advertising, Brand Marketing, Creative Agency, Social Media",
Meillart,"Paris, Ile-de-France, France, Europe",Pre-Seed,,,2022-06-22,https://www.meillart.com/,"Meillart is an online home decor platform that provides tabletop, lighting, and furniture products.",Thibaud Elziere,"Furniture, Home Decor",
monumental,"Paris, Ile-de-France, France, Europe",Pre-Seed,,,2022-06-15,https://monumental.app,"NFT art marketplace empowering artists, galleries and collectives through curated spaces",,"Art, Cryptocurrency, Marketplace",
Estaly,"Paris, Ile-de-France, France, Europe",Pre-Seed,,,2022-06-15,https://www.estaly.co,Estaly provides insurance products and services for online businesses.,Khalid Zitouni,"Commercial Insurance, Financial Services, Insurance",
Mango 3,"Paris, Ile-de-France, France, Europe",Pre-Seed,,,2022-06-01,https://mango3.io,An AI based data quality platform that helps companies detect data anomalies in minutes without code.,,"Artificial Intelligence (AI), Data Center, Data Center Automation, Quality Assurance",
Firecell,"Nice, Provence-Alpes-Cote d'Azur, France, Europe",Pre-Seed,,,2022-05-24,https://firecell.io/,Firecell is a Telecommunications Industry.,Alchemist Accelerator,Telecommunications,
Popsink,"Paris, Ile-de-France, France, Europe",Pre-Seed,,,2022-05-23,https://popsink.com,Popsink develops the next generation of data processing tools for the modern data stack.,Sequoia Arc,"Analytics, Database, Software",
Kosmik,"Paris, Ile-de-France, France, Europe",Pre-Seed,,,2022-05-15,https://www.kosmik.app,"Kosmik is a collaborative visual canvas where users can insert text, images, videos, PDFs, and links.","Paolo Rubatto, Sebastien de Halleux","Database, SaaS, Software",
Cermos,"Lyon, Rhone-Alpes, France, Europe",Pre-Seed,,,2022-05-12,https://www.cermos.com/,Cermos forms makes collecting and sharing information comfortable and conversational.,Accelero Capital,"Information Services, Internet, Web Apps",
Inovexus,"Paris, Ile-de-France, France, Europe",Pre-Seed,,,2022-04-27,https://inovexus.com/,Building the future of European early-stage funding,FJ Labs,"Angel Investment, Business Development, Financial Services, Venture Capital",
Naas,"Paris, Ile-de-France, France, Europe",Pre-Seed,,,2022-04-22,https://www.naas.ai,Naas is a data-science platform that makes data and AI products.,"Inovexus, Pareto Holdings","Artificial Intelligence (AI), Internet, Online Portals, Software",
Green-Got,"Paris, Ile-de-France, France, Europe",Pre-Seed,,,2022-04-04,https://green-got.com,Green-Got provides services for payment service provider.,Aera VC,"Finance, Payments, Transaction Processing",
Enhywhere,"Paris, Ile-de-France, France, Europe",Pre-Seed,,,2022-04-01,https://enhywhere.com/,"EnHywhere engages in the design, development, and deployment of hydrogen refueling stations.",Los Angeles Cleantech Incubator,"Fuel, Transportation",
Algae,"Paris, Ile-de-France, France, Europe",Pre-Seed,,,2022-03-30,https://www.algae-app.com/,Algae is a platform whose mission is to empower millennials through modern and regenerative real estate investing from 10€.,BLUE GREEN CAPITAL,"Blockchain, Real Estate",
Plantik Biosciences,"Paris, Ile-de-France, France, Europe",Pre-Seed,,,2022-02-26,https://www.plantik.bio/,Plantik Biosciences develops new plant breeding technology to create future plants faster.,Teal Impact,"Agriculture, AgTech, Biotechnology, Cannabis, Genetics",
Foxy Nerds Studio,"Lille, Nord-Pas-de-Calais, France, Europe",Pre-Seed,,,2022-02-14,https://www.foxynerds.com,Foxy Nerds Studio is an influencer marketing platform for B2B brands.,GSD Venture Studios,"B2B, Digital Marketing",
Voxoto,"Paris, Ile-de-France, France, Europe",Pre-Seed,,,2022-02-01,https://voxoto.studio/,A Voxel Car Design Studio For The Sandbox.,,"Artificial Intelligence (AI), Machine Learning, Product Design, Virtual Reality",
Asap.work,"Paris, Ile-de-France, France, Europe",Pre-Seed,,,2022-01-20,https://www.asap.work,Asap. work is an employment agency that provides recruitment and consulting services using digital tools for the construction industry.,Purple,"Architecture, Construction, Consulting, Recruiting, Staffing Agency",
Abyssale,"Paris, Ile-de-France, France, Europe",Pre-Seed,,,2022-01-10,https://abyssale.work/,Abyssale is the creative automation platform that frees marketing teams from mindless production tasks.,,"Advertising, Artificial Intelligence (AI), Creative Agency, Marketing, Marketing Automation",
Boilr,"Paris, Ile-de-France, France, Europe",Pre-Seed,,,2022-01-01,https://boilr.io,Boilr operates and provides an online platform that helps with sourcing game developers and creators.,FJ Labs,"Gaming, Information Technology, Online Portals, Outsourcing, Task Management",
Auxilia,"Paris, Ile-de-France, France, Europe",Pre-Seed,,,2022-01-01,https://www.auxilia-tech.com/,"Saas, Deep Learning, Vision, Safety",,"Artificial Intelligence (AI), Computer Vision, Machine Learning, SaaS, Software",
Sport Faction,"Le Villé, Ile-de-France, France, Europe",Pre-Seed,,,2022-01-01,https://www.sportfaction.com,Sport Faction is a Mobile Gaming Apps Studio Application.,Inovexus,"Apps, Gaming, Mobile Apps",
Offolio,"Paris, Ile-de-France, France, Europe",Pre-Seed,,,2022-01-01,https://www.offolio.com/,Offolio helps with project planning and production covering end-to-end processes and automating the generation of planning data.,Inovexus,"Database, Information Services, Information Technology, Software",
Meeriad,"Paris, Ile-de-France, France, Europe",Pre-Seed,,,2022-01-01,https://www.meeriad.com/,B2B Saas for mental wellness,Inovexus,"B2B, Health Care, Mental Health, Psychology, SaaS, Software, Wellness",
AlloBrain,"Paris, Ile-de-France, France, Europe",Pre-Seed,,,2022-01-01,https://www.allobrain.com/,AlloBrain is the software development company that provides generative AI solutions to analyzes customer feedback and respond them.,Inovexus,"Artificial Intelligence (AI), Quality Assurance, Software",
Heyliot,"Saint-jacques-de-la-lande, Bretagne, France, Europe",Pre-Seed,,,2022-01-01,https://www.heyliot.com/,Heyliot provides container management solution.,Inovexus,Internet of Things,
Renaissance Fusion,"Fontaine, Rhone-Alpes, France, Europe",Pre-Seed,,,2022-01-01,https://renfusion.eu,Renaissance Fusion is a high-temperature superconductor and stellarator company.,Unruly Capital,"Manufacturing, Renewable Energy, Semiconductor",
PayTrip,"Orléans, Centre, France, Europe",Pre-Seed,,,2022-01-01,https://www.paytrip.fr,PayTrip provides mastercard services for worldwide payments.,,"Debit Cards, Payments, Service Industry",
LinkCy,"Paris, Ile-de-France, France, Europe",Pre-Seed,,,2022-01-01,https://linkcy.io/,LinkCy is the white label banking solution that provides additional financial services.,,"Banking, Consulting, Financial Services",
INVYO,"Paris, Ile-de-France, France, Europe",Pre-Seed,,,2022-01-01,https://invyo.io/,INVYO develops business intelligence software that enables fintech insights and real-time analytics to empower human intelligence.,Inovexus,"Analytics, Business Intelligence, FinTech, Software",
PlayMakers,"Paris, Ile-de-France, France, Europe",Pre-Seed,,,2022-01-01,https://www.playmakers.co/,PlayMakers is a software company that provides user-generated content tool to computer games.,Inovexus,"Content, Gaming, Software",
ToumAI Analytics,"Cannes, Languedoc-Roussillon, France, Europe",Pre-Seed,,,2022-01-01,https://toum.ai/,"ToumAI Analytics is a software development company providing voice analytics, real-time analytics, and reporting services.",Launch Africa,"Analytics, Artificial Intelligence (AI), Real Time, Software",
Food Analytics,"Paris, Ile-de-France, France, Europe",Pre-Seed,,,2022-01-05,http://www.foodinnovationquarterly.com,AI & Behavioral Science Platform to Assess & Design Food Products,,"Artificial Intelligence (AI), Fast-Moving Consumer Goods, Food and Beverage, Machine Learning, Predictive Analytics, SaaS",
Fairjungle,"Saint-mandé, Ile-de-France, France, Europe",Pre-Seed,,,2022-12-31,https://www.fairjungle.com/,"Fairjungle helps you to Book, manage, and control business travel.",Michele Attisani,"Travel, Travel Agency",
spyne,"Paris, Ile-de-France, France, Europe",Pre-Seed,,,2022-12-05,https://www.spyne.app,spyne is the first business operation platform enabling marketing and growth teams to grow their business.,Pierre-Antoine Dusoulier,,
Ziwig,"Lyon, Rhone-Alpes, France, Europe",Pre-Seed,,,2022-12-01,https://ziwig.com,"Ziwig provides endotest, endocoach, and endoconnect services to improve women's health.",Sebastien Breteau,"Fertility, Health Care, Wellness, Women's",
Ziwig,"Lyon, Rhone-Alpes, France, Europe",Pre-Seed,,,2022-12-01,https://ziwig.com,"Ziwig provides endotest, endocoach, and endoconnect services to improve women's health.",Sebastien Breteau,"Fertility, Health Care, Wellness, Women's",
Caocao Mobility,"Paris, Ile-de-France, France, Europe",Pre-Seed,,,2022-08-05,http://www.caocao.fr,The Caocao Mobility platform provides chauffeur services for people.,Pierre-Antoine Dusoulier,"Automotive, Internet, Transportation",
REFLECT,"Paris, Ile-de-France, France, Europe",Pre-Seed,,,2022-04-30,https://www.getreflect.io,"REFLECT provides a cloud-based platform for creating, running, and managing automated web application tests.",Pierre-Antoine Dusoulier,,
Plus Que pro,"Schiltigheim, Alsace, France, Europe",Private Equity,,,2022-10-27,https://www.plus-que-pro.fr/,"More than PRO brings together the Best Companies of France in the professions of housing, building and service delivery.",IK Partners,"Consumer, News",
Unither Pharmaceuticals,"Paris, Ile-de-France, France, Europe",Private Equity,,,2022-10-26,https://www.unither-pharma.com/,Unither Pharmaceuticals is a French manufacturer of dosage forms for pharmaceutical laboratories and generic products.,"GIC, IK Partners, Keensight Capital, Parquest Capital","Biotechnology, Manufacturing, Pharmaceutical",
Elydan,"Saint-étienne-de-saint-geoirs, Rhone-Alpes, France, Europe",Private Equity,,,2022-10-20,https://elydan.eu/en/,"Elydan designs and supplies polymer solutions and products for infrastructures, networks, and buildings.","Bpifrance, IXO Private Equity","Customer Service, Manufacturing, Plastics and Rubber Manufacturing, Product Design, Supply Chain Management",
HUILERIE CAUVIN,"Saint-gilles, Bretagne, France, Europe",Private Equity,,,2022-10-03,https://www.huilecauvin.com/,HUILERIE CAUVIN is a manufacturer and seller of vegetable oils.,Unigrains,"Food Processing, Manufacturing, Retail, Wholesale",
Willing,"Toulouse, Midi-Pyrenees, France, Europe",Private Equity,,,2022-09-29,https://willing.fr,Willing is a consulting firm that provides business information.,"Activa Capital, Re-sources Capital","Business Development, Business Information Systems, Consulting, Information Services",
Global Packaging Services,"Villenave-d'ornon, Aquitaine, France, Europe",Private Equity,,,2022-09-12,http://www.fr-gps.com/,GPS is a worldwide specialist in providing returnable packaging solutions.,MML Capital Partners,Packaging Services,
Glass Partners Solutions,"Anglet, Aquitaine, France, Europe",Private Equity,,,2022-07-12,http://www.gps-glass.com/,Glass Partners Solutions is distributes glass products to manufacturers and processors of glass products.,"Arkea Capital Investissement, Credit Agricole CIB, IXO Private Equity, NextStage","Logistics, Manufacturing, Wholesale",
Poclain Hydraulics,"Verberie, Picardie, France, Europe",Private Equity,,,2022-07-11,https://poclain.com,"Poclain Hydraulics designs, manufactures, and sales hydrostatic and electrohydraulic transmissions.","Crédit Mutuel Equity, IRDI, Picardie Investissement","Industrial, Industrial Engineering, Manufacturing, Mechanical Engineering",
Univet,"Mougins, Provence-Alpes-Cote d'Azur, France, Europe",Private Equity,,,2022-07-04,https://univet.fr/,"Univet is a veterinary clinic that is dedicated to providing personalized animal care, including dermatology, nutrition, and dentistry.","InfraVia Capital Partners, Platina Partners","Health Care, Medical, Nutrition, Pet, Veterinary",
SoMeD Sante,"Asnières, Picardie, France, Europe",Private Equity,,,2022-06-20,https://www.somedsante.fr/,"SoMeD Santé is a private French health centre and management facilities group, providing dental, medical, paramedic and radiology care.",All Seas Capital,"Health Care, Medical",
HASAP,"Dargoire, Rhone-Alpes, France, Europe",Private Equity,,,2022-06-13,https://www.hasap.fr/,"HASAP offers bespoke fixtures and fittings for hotels, residences, and public access buildings.","Bpifrance, Crédit Mutuel Equity","Commercial, Field Support, Furniture, Interior Design, Retail",
RESTORIA,"Angers, Pays de la Loire, France, Europe",Private Equity,,,2022-05-16,https://www.restoria.fr/,RESTORIA is a collective catering company.,Unigrains,"Catering, Food and Beverage, Food Processing",
Sofinnova Partners,"Paris, Ile-de-France, France, Europe",Private Equity,,,2022-05-16,https://www.sofinnovapartners.com,"Sofinnova Partners is a venture capital firm that invests in the life sciences sector, from seed to later-stage.",Apollo,"Asset Management, Finance, Financial Services, Impact Investing, Venture Capital",
Javelo,"Paris, Ile-de-France, France, Europe",Private Equity,,,2022-05-16,https://javelo.io/,Javelo is provider of a goal management application intended to boost the engagement of employees while transparently measuring performance.,PSG Equity,"Application Performance Management, Collaboration, Information Technology",
Nutripure,"Deyme, Midi-Pyrenees, France, Europe",Private Equity,,,2022-05-10,https://www.nutripure.fr/,"Nutripure is a Digital Native Vertical Brand (DNVB), which develops and distributes food supplements and organic superfoods.","Ardian, Bpifrance","Dietary Supplements, Food and Beverage, Nutrition, Organic Food",
Amerigo Group,"Puteaux, Ile-de-France, France, Europe",Private Equity,,,2022-04-20,https://www.amerigo-group.com/,Amerigo Group is focused on international trade of automotive parts.,"AfricInvest, Bpifrance","Automotive, Logistics, Supply Chain Management",
Tevah Systèmes,"Nanterre, Ile-de-France, France, Europe",Private Equity,,,2022-04-12,https://www.tevah.fr,"Tevah Systèmes imports and sells fire alarms, access controls, and video surveillance systems.",CAPZA,"Electronics, Public Safety, Wholesale",
Avolta Partners,"Paris, Ile-de-France, France, Europe",Private Equity,,,2022-04-11,http://www.avoltapartners.com/,"Avolta Partners M & A Boutique for startups. Fundraising for innovative, fast growing companies.",Alantra,"Financial Services, Venture Capital",
FRAFITO,"Castagniers, Provence-Alpes-Cote d'Azur, France, Europe",Private Equity,,,2022-04-06,https://www.frafito.net/,FRAFITO produces and distributes Medical devices for professionals in the healthcare field.,IXO Private Equity,"Health Care, Medical, Sales",
Les Secrets de Loly,"Paris, Ile-de-France, France, Europe",Private Equity,,,2022-04-04,https://www.secretsdeloly.com,Les Secrets de Loly is a product manufacturing industry.,"Esas Holding, Quilvest Capital Partners",Manufacturing,
Cegos,"Paris, Ile-de-France, France, Europe",Private Equity,,,2022-03-15,https://www.cegos.com/fr/,Cegos train and support individuals and organizations to meet their development.,Bridgepoint,"Education, E-Learning, Training",
Sofia development,"Paris, Ile-de-France, France, Europe",Private Equity,,,2022-02-23,https://www.sofia.dev,Sofia development is an e-health expert serving healthcare professionals to digitalization in order to improve the efficiency of care.,IK Partners,Health Care,
EP2C Energy,"Balma, Midi-Pyrenees, France, Europe",Private Equity,,,2022-01-26,https://www.ep2c-energy.com,"EP2C Energy is a business services company that offers project management support, construction supervision, and recruitment services.",IXO Private Equity,"Consulting, Project Management, Recruiting",
Grain de Sail,"Morlaix, Bretagne, France, Europe",Private Equity,,,2022-01-18,https://graindesail.com/en/,Grain de Sail is a food manufacturing company that imports organic coffee and chocolate and exports wine.,"Bpifrance, Crédit Mutuel Equity","Boating, Food and Beverage, Organic Food, Shipping, Wine And Spirits",
Far Tools,"Saint-pierre-des-corps, Centre, France, Europe",Private Equity,,,2022-01-01,http://www.fartools.com/,Far Tools designs and manufactures electrical products for construction services.,Crédit Mutuel Equity,"Manufacturing, Productivity Tools",
Groupe IMI,"Besançon, Franche-Comte, France, Europe",Private Equity,,,2022-01-01,https://www.groupe-imi.fr,"Groupe IMI is a privately held company that manufactures parts and products for watches, jewelry and leather goods.",Crédit Mutuel Equity,"Consumer Goods, Fashion, Manufacturing, Product Design",
French Desserts,"Angoulême, Poitou-Charentes, France, Europe",Private Equity,,,2022-01-01,https://french-desserts.fr/,French Desserts specializes in the production and development of frozen pastries and cakes.,Crédit Mutuel Equity,"Bakery, Confectionery, Food and Beverage",
Kinetix,"Paris, Ile-de-France, France, Europe",Seed,,,2022-12-28,https://www.kinetix.tech,Kinetix empowers self-expression in the Metaverse with artificial intelligence and no code tools allowing everyone to create 3D animations.,MetaVision International,"3D Technology, Animation, Artificial Intelligence (AI), Gaming, Metaverse, Software, Virtual World",
Urban Radar,"Paris, Ile-de-France, France, Europe",Seed,,,2022-12-21,http://www.urbanradar.io,Big data solution for urban planners,EIT Urban Mobility,"Logistics, Smart Cities, Transportation",
Nemmes,"Paris, Ile-de-France, France, Europe",Seed,,,2022-12-05,https://nemmes.com/,Nemmes is a seller of jewelery products.,,Jewelry,
Bolero,"Paris, Ile-de-France, France, Europe",Seed,,,2022-12-01,https://www.boleromusic.com,Bolero provides a platform that enables users to invest in music rights and earn royalties from the commercial performance of songs.,Stake Capital Group,"Blockchain, FinTech, Music",
Stockoss,"Paris, Ile-de-France, France, Europe",Seed,,,2022-12-01,https://stockoss.com/,End-to-end logistics platform providing services & software to Supply chain's players and companies.,Frenchfounders,"Cloud Infrastructure, Information Services, Information Technology, Infrastructure, IT Infrastructure, Logistics, SaaS, Software, Software Engineering, Supply Chain Management",
Bolero,"Paris, Ile-de-France, France, Europe",Seed,,,2022-12-01,https://www.boleromusic.com,Bolero provides a platform that enables users to invest in music rights and earn royalties from the commercial performance of songs.,Stake Capital Group,"Blockchain, FinTech, Music",
Stockoss,"Paris, Ile-de-France, France, Europe",Seed,,,2022-12-01,https://stockoss.com/,End-to-end logistics platform providing services & software to Supply chain's players and companies.,Frenchfounders,"Cloud Infrastructure, Information Services, Information Technology, Infrastructure, IT Infrastructure, Logistics, SaaS, Software, Software Engineering, Supply Chain Management",
Super K,"Marseille, Provence-Alpes-Cote d'Azur, France, Europe",Seed,,,2022-11-21,https://superk.fr,"Super K is a transportation company that delivers grocery products, liquids, and frozen products.",Venture Catalysts,"Delivery, Fast-Moving Consumer Goods, Transportation",
AMI,"Le Mans, Pays de la Loire, France, Europe",Seed,,,2022-11-16,https://amibio.tech,AMI is a biotech company that specializes in biotechnology and plant source transformation.,hubstars ventures,Biotechnology,
Green Place,"Strasbourg, Alsace, France, Europe",Seed,,,2022-11-16,,Web app,,"Internet, Software",
FunCell,"Gières, Rhone-Alpes, France, Europe",Seed,,,2022-11-15,https://funcell.fr,FunCell is a biobased additives to increase paper performances and give it new properties.,OBRATORI,Manufacturing,
Semana,"Paris, Ile-de-France, France, Europe",Seed,,,2022-11-04,https://www.semana.io/,Semana developed a SAAS tool for working spaces which optimizes remote work planning to flatten office.,Ahmed Mhiri,"B2B, SaaS, Software",
SpaceSense.ai,"Palaiseau, Ile-de-France, France, Europe",Seed,,,2022-11-01,https://spacesense.ai/,SpaceSense's mission is to help organizations to leverage satellite data to gain actionable insights for their businesses.,Sharpstone Capital,"Artificial Intelligence (AI), Information Technology, Software",
Susu,"Lyon, Rhone-Alpes, France, Europe",Seed,,,2022-10-19,https://www.susu.fr/,Susu is a health care centre that provides preventive care medical treatments.,Plug and Play,"Biotechnology, Emergency Medicine, Health Care, Health Insurance, Wellness",
Avatar Medical,"Paris, Ile-de-France, France, Europe",Seed,,,2022-10-14,https://avatarmedical.ai/,"Avatar Medical democratizes access to medical images. FDA 510(k) certified, CE marked.",Plug and Play,"Education, Virtual Reality",
Exorde Labs,"Lyon, Rhone-Alpes, France, Europe",Seed,,,2022-10-13,https://exorde.network/,Exorde is the Web 3.0 network that empowers developers to scrape and link all public data on the web.,,"Big Data, Blockchain, Information Technology, Software, Web3",
Sarus,"Paris, Ile-de-France, France, Europe",Seed,,,2022-10-01,https://sarus.tech,Privacy preserving analytics & machine learning,"Bossa Invest, Team Ignite Ventures","Analytics, Machine Learning, Privacy, Software",
Onchained Lab (EtherScore),"Paris, Ile-de-France, France, Europe",Seed,,,2022-09-30,https://etherscore.network/,Blockchain reputation system,"dlab, SOSV","Artificial Intelligence (AI), Blockchain, Consumer Reviews",
Roca Therapeutics,"Nice, Provence-Alpes-Cote d'Azur, France, Europe",Seed,,,2022-09-22,http://www.roca-therapeutics.org/,"Roca Therapeutics focuses on the research and development of small medicines to treat severe, life-threatening diseases.","3B Future Health Fund, SATT Sud-Est","Biotechnology, Medical, Therapeutics",
Stocklear,"Roubaix, Nord-Pas-de-Calais, France, Europe",Seed,,,2022-09-22,https://stocklear.co.uk,The B2B marketplace dedicated to overstocks,Seeder Fund,"B2B, Information Technology, IT Management, Sales, Supply Chain Management",
ThePlaceToWish,"Saint-thiébault, Champagne-Ardenne, France, Europe",Seed,,,2022-09-17,https://www.theplacetowish.com,ThePlaceToWish develop AI platform online gifts to offer your friendsand family.,Luxembourg Business Angel Network (LBAN),"Gift, Gift Exchange",
alviss.ai,"Paris, Ile-de-France, France, Europe",Seed,,,2022-09-15,https://www.welcome.alviss.ai,Platform that analyzes the quality of scientific information to find the best articles and experts.,Health Wildcatters,"EdTech, Health Care, Information Technology, Mobile, Mobile Apps",
CEMENTIC,"Paris, Ile-de-France, France, Europe",Seed,,,2022-09-05,https://cementic.com,Cementic develops innovative solutions based on the latest Nano-biotechnologies to solve with a new paradigm dental health issues,,"Biotechnology, Medical Device",
Agnostic,"Paris, Ile-de-France, France, Europe",Seed,,,2022-09-01,https://agnostic.dev,Agnostic is an app development and analytics platform that helps build and analyse blockchain data.,TRGC,"Analytics, Blockchain, Database, DevOps, Software",
Rosaly,"Paris, Ile-de-France, France, Europe",Seed,,,2022-08-26,https://www.rosaly.com,Rosaly is a financial service provider company.,Ahmed Mhiri,"Financial Services, Service Industry",
Ravel Technologies,"Paris, Ile-de-France, France, Europe",Seed,,,2022-08-23,https://www.raveltech.io,Ravel is an cryptographic calculation technology,Airbus Ventures,"Analytics, Cryptocurrency, Cyber Security, Finance, Information Technology, Software",
Good Meal,"Nogent-sur-marne, Ile-de-France, France, Europe",Seed,,,2022-08-01,https://www.goodmeal.fr,Good Meal is a SaaS company that seeks to help enterprises pilot consumer happiness through satisfaction surveys.,,"Retail Technology, Software",
nodl,"Saint-honoré, Rhone-Alpes, France, Europe",Seed,,,2022-07-01,https://www.nodl.eu/,Bitcoin Hardware & Infrastructure Provider,Ten31,"Bitcoin, Blockchain, Cloud Infrastructure, Cryptocurrency, Hardware",
Prométhée,"Aix-en-provence, Provence-Alpes-Cote d'Azur, France, Europe",Seed,,,2022-06-28,https://www.promethee.earth/,Prométhée is a nanosatellite constellation and an image analysis platform.,Starburst Accelerator,"Aerospace, Environmental Engineering, Product Research, Sustainability",
AgroLeague,"Paris, Ile-de-France, France, Europe",Seed,,,2022-06-19,http://www.agro-league.com,A platform giving large-scale farmers the tools and data they need to increase margins in stepping into sustainable farming.,"Brighteye Ventures, High Flyers Capital, Kima Ventures, MSM, Renaud Visage",Agriculture,
heelio,"Neuilly-sur-seine, Ile-de-France, France, Europe",Seed,,,2022-06-11,https://www.heelio.io/,Heelio is a digital FP&A (Financial Planning & Analysis) platform in SaaS mode along with the guidance of an experienced CFO,,Financial Services,
NomadHer,"Paris, Ile-de-France, France, Europe",Seed,,,2022-06-08,https://www.nomadher.com,"NomadHer is the app for female globetrotters, encouraging solo travelling safely.",CNTTECH,"Hospitality, Tourism, Travel",
carbonABLE,"Grenoble, Rhone-Alpes, France, Europe",Seed,,,2022-06-03,https://carbonable.io,Invest in decarbonation through our Green DeFi Launchpad,,"Blockchain, Energy Management, Finance, FinTech, Social Impact",
Parcoor,"Lyon, Rhone-Alpes, France, Europe",Seed,,,2022-06-01,https://parcoor.com/,"Parcoor is a software company that offers cybersecurity, real-time threat detection, system monitoring, and predictive maintenance services.",Sharpstone Capital,"Cyber Security, Internet of Things, IT Infrastructure, Machine Learning",
Ormex App,"Paris, Ile-de-France, France, Europe",Seed,,,2022-06-01,http://www.ormex.app,Carbon standard and Registry,,Information Technology,
Jump,"Paris, Ile-de-France, France, Europe",Seed,,,2022-06-01,https://www.join-jump.com,Jump provides a secure environment for freelancers to work and allows them to optimize their remuneration.,Patrick Amiel,"Financial Services, Freelance, Software",
ECLO,"Rennes, Bretagne, France, Europe",Seed,,,2022-05-29,https://eclobeauty.com,"Eclo offers natural, vegan makeup and skincare products using regenerative ingredients and compostable packaging.",OBRATORI,"Beauty, Cosmetics, Fashion",
Uniseed,"Paris, Ile-de-France, France, Europe",Seed,,,2022-05-12,https://uniseed.io,Uniseed is a SaaS discovery and management platform that assists SMEs in identifying and deploying the most optimal SaaS alternatives.,,"Consulting, Internet, SaaS, Software",
Beyond Aero,"Toulouse, Midi-Pyrenees, France, Europe",Seed,,,2022-05-10,https://www.beyond-aero.com,Aviation will be electric. Unlocking full potential with hydrogen.,"7percent Ventures, Lombardstreet Ventures, Pierre-Antoine Dusoulier, Reawaken Capital, Unruly Capital, Y Combinator","Aerospace, Air Transportation, Manufacturing",
briq,"Aulnay-sous-bois, Ile-de-France, France, Europe",Seed,,,2022-05-03,https://briq.construction/,briqs are construction blocks stored on the blockchain. You can use them to build anything you want.,"Fabric Ventures, Frst",Cryptocurrency,
Amalia.io,"Lille, Nord-Pas-de-Calais, France, Europe",Seed,,,2022-05-03,https://www.amalia.io/,Sales commission software that accelerates your business while uniting your team.,"Anthony Nakache, Pierre-Antoine Dusoulier","Finance, Sales, Software",
QuadriBot,"Meudon, Ile-de-France, France, Europe",Seed,,,2022-05-03,https://www.quadribot.biz/,QuadriBot is an engineering company that specializes in the design and development of automation technology.,Ali Shaaban,"Automotive, Autonomous Vehicles, Electric Vehicle, Industrial Manufacturing, Manufacturing, Robotics",
Scribe,"Paris, Ile-de-France, France, Europe",Seed,,,2022-04-13,https://www.scribe-mail.com/,Scribe is a cloud based platform offers software to generate email signatures.,Calm Company Fund,"Email, E-Signature, Information Technology, Internet",
Maison Stella & Suzie,"Toulouse, Midi-Pyrenees, France, Europe",Seed,,,2022-04-01,https://stellaetsuzie.com/,Maison Stella & Suzie is a clothing store.,Deveaux Group,"Fashion, Retail",
Le gramme,"Paris, Ile-de-France, France, Europe",Seed,,,2022-04-01,https://legramme.com,Le gramme is an e-commerce platform that offers a wide range of luxurious men's jewelry to choose from.,Frenchfounders,"E-Commerce, Fashion, Men's",
Webtrans,"Gaussan, Midi-Pyrenees, France, Europe",Seed,,,2022-03-30,https://www.ewebtrans.com/,Webtrans is a technological platform that operates online management of freight transport.,BRAIN VC,"Customer Service, Freight Service, Logistics, Supply Chain Management, Transportation",
In HairCare,"Paris, Ile-de-France, France, Europe",Seed,,,2022-03-26,https://inhaircare.co,In HairCare offers hair care products.,"Anne de Kerckhove, CRE Venture Capital, OBRATORI","Consumer Goods, Cosmetics",
Perha Pharmaceuticals,"Roscoff, Bretagne, France, Europe",Seed,,,2022-03-23,https://www.perha-pharma.fr/,Perha Pharmaceuticals is a bio technology company which does research & development of kinase inhibitors.,"European Innovation Council, Fondation Jerome Lejeune","Biopharma, Biotechnology, Health Care, Life Science",
Kadiska,"Rouen, Haute-Normandie, France, Europe",Seed,,,2022-03-22,https://www.kadiska.com,"Kadiska offers user experience monitoring and guided performance optimization of networks, applications and cloud application services.","Acequia Capital (AceCap), Axeleo Capital","Cloud Management, Information Technology, SaaS, Software",
MonSuiviDiet,"Venelles, Provence-Alpes-Cote d'Azur, France, Europe",Seed,,,2022-03-21,https://www.monsuividiet.com,MonSuiviDiet is a digital tool that enables dietitians to stay in touch with their patients in between sessions and monitor their nutrition.,OBRATORI,Health Care,
Prinkin,"Marseille, Provence-Alpes-Cote d'Azur, France, Europe",Seed,,,2022-03-18,https://www.prinkin.com/,Prinkin helps you work in flow state by streamlining your meetings and making it easier to prioritize tasks.,Kapinno,"Collaboration, Messaging, Productivity Tools, Project Management, SaaS, Task Management",
Mé-Mé,"Pringy, Rhone-Alpes, France, Europe",Seed,,,2022-03-17,https://www.boissons-meme.com/,Mé-Mé is a manufacturing company that offers organic and functional drinks and gummies combined with tree sap and matcha green tea.,"Bpifrance, foodora, Papyrus Group","Food and Beverage, Manufacturing, Organic",
Eunomart,"Lille, Nord-Pas-de-Calais, France, Europe",Seed,,,2022-03-07,https://www.eunomart.com,"Eunomart is a saas digital compliance officer that guarantees legal compliance, art market professionals to meet their legal obligations.","Alacrité France, Finovam Gestion, Luc Doublet, Steven E. Spooner, Violette Taquet","Art, Information Technology, Internet, Legal Tech, Software",
Unifai,"Paris, Ile-de-France, France, Europe",Seed,,,2022-03-01,https://www.unifai.fr,"Unifai is an AI platform that automatically normalizes, enhances, and categorizes marketplace, e-tailer, and distributor product data.",Sharpstone Capital,"Artificial Intelligence (AI), Enterprise Applications, SaaS",
Utocat,"Lille, Nord-Pas-de-Calais, France, Europe",Seed,,,2022-03-01,https://utocat.com/,Utocat offers a solution for managing the registration and life cycle of unlisted securities by automating the transfer process.,Alain Garnier,"Blockchain, Finance, Financial Services, Software",
Faith Tribe,"Paris, Ile-de-France, France, Europe",Seed,,,2022-02-22,https://www.faithtribe.io/,"Faith Tribe is a open- source fashion design platform that focuses on NFT minting, P2P transactions.","Alphastone, AscendEX, BullPerks, Flow, Gains Associates, IBC Group, Master Ventures, NFT Tech, Oracles Investment Group, Origin Ventures, Seedthrift Ventures, Shima Capital, SL2 Capital, Stakez Capital, Synapse Ventures, The Luxury Fund, TLF Ventures, TyreGate Capital Holdings, Utopian Capital","Fashion, Non-Fungible Token (NFT), Publishing",
Faks,"Paris, Ile-de-France, France, Europe",Seed,,,2022-02-09,https://www.faks.co,Faks is a mobile application that provides exchanges between pharmacists and laboratories.,Antoine Fabre,"Digital Marketing, Health Care, Mobile Apps, Pharmaceutical, Software",
Polipy,"Lyon, Rhone-Alpes, France, Europe",Seed,,,2022-02-03,https://polipy.com/,Polipy is a low-code platform to rapidly prototype and deploy AI models.,Simba Santé,"Data Visualization, Machine Learning, Predictive Analytics, Productivity Tools",
Inbolt,"Paris, Ile-de-France, France, Europe",Seed,,,2022-02-01,https://www.inbolt.com,"AI-powered 3D vision for robots, helping manufacturers scale flexible automation across factories worldwide.","Laurent Dassault, SOSV, SOSV HAX","3D Technology, Artificial Intelligence (AI), Computer Vision, Industrial Automation, Machine Learning, Manufacturing, Real Time, Robotics",
Cara7,"Paris, Ile-de-France, France, Europe",Seed,,,2022-01-28,https://www.cara7.com,Cara7 certifies electric vehicle battery health and enhances resale value.,,"Battery, Electric Vehicle, Manufacturing",
Moonda,"Bordeaux, Aquitaine, France, Europe",Seed,,,2022-01-24,https://en.moonda.com/,"Moonda specializes in digital strategy, internal communications, web design, app development, marketing and data science services.","D·CAMP, Owl Ventures, VNTG Corp.","Advertising, Digital Media, Marketing, Web Design",
Magnoric,"Duppigheim, Alsace, France, Europe",Seed,,,2022-01-17,https://magnoric.com/,Magnoric develops magnetic cooling unit with no refrigerant gas and half the electric consumption.,,"CleanTech, Energy, Industrial Engineering, Sustainability",
Akord,"Paris, Ile-de-France, France, Europe",Seed,,,2022-01-01,https://akord.com/,"Akord is a digital vaults that secure files and messages for generations to come, using end-to-end encryption and blockchain storage.",Hustle Fund,"Information Technology, Security, Software",
Kanji,"Paris, Ile-de-France, France, Europe",Seed,,,2022-01-01,https://www.kanji.io,"Kanji is a developer of no code platform in order to create, sell and engage with NFTs in a few clicks.",TQ Ventures,"Cryptocurrency, Finance, Non-Fungible Token (NFT)",
Advesya,"Paris, Ile-de-France, France, Europe",Seed,,,2022-01-01,https://www.advesya.com,"Advesya specializes in developing therapies for difficult-to-treat cancers, focusing on immuno-oncology and hematological malignancies.",Jeito Capital,"Biotechnology, Health Care, Therapeutics",
Azfalte,"Paris, Ile-de-France, France, Europe",Seed,,,2022-01-01,https://www.azfalte.com,AZFALTE is redesigning the company car by putting the electric-assisted bicycle at the heart of staff mobility.,AA Sons,"Cycling, Electric Vehicle, Transportation",
Clustdoc,"Paris, Ile-de-France, France, Europe",Seed,,,2022-01-01,https://www.clustdoc.com,Clustdoc is a document collection platform.,Inovexus,"CRM, Enterprise Software, Software",
Vivanterre,"Aurillac, Auvergne, France, Europe",Seed,,,2022-01-01,https://vivanterre.com,Vivanterre is a manufacturer of natural wines produced using organically and biodynamically farmed grapes in the market.,Reshape,"Food and Beverage, Manufacturing, Organic, Wine And Spirits, Winery",
Karbon,"Lille, Nord-Pas-de-Calais, France, Europe",Seed,,,2022-01-01,https://www.karbon.earth/,Karbon offers software to measure the environmental impact of their products.,AA Sons,"Environmental Consulting, Software",
Enginn Technologies,"Paris, Ile-de-France, France, Europe",Seed,,,2022-01-01,https://www.enginn.ai,Enginn Technologies utilizes artificial intelligence to create human-quality voices on-demand for video games.,Wind,"Animation, Artificial Intelligence (AI), Film Production, Gaming, Information Services, Information Technology",
Quartz,"Paris, Ile-de-France, France, Europe",Seed,,,2022-01-01,https://quartz.eu,"Quartz provides online business, employee, and health insurance services.",Inovexus,"Commercial Insurance, Health Care, Health Insurance, Life Insurance, Risk Management",
Ledgity,"Franceau, Bourgogne, France, Europe",Seed,,,2022-01-01,https://www.ledgity.com,Ledgity is a mobile application that provides wealth and access wealth management advisory services.,Aureli Ventures,"Advice, Digital Media, Mobile Apps, Wealth Management",
CompliDiag,"Sainte-marie-la-mer, Languedoc-Roussillon, France, Europe",Seed,,,2022-01-01,https://www.complidiag.com/,CompliDiag helps businesses and institutions ensure hygiene and safety compliance with an easy QSE self-diagnosis tool.,Phelen,"Consulting, Public Safety, Software",
Trame,"Paris, Ile-de-France, France, Europe",Seed,,,2022-01-01,https://trameparis.com/,Trame is a collaborative studio and art gallery that provides curated art pieces and design collections.,NxGen.xyz,,
Koyeb,"Paris, Ile-de-France, France, Europe",Seed,,,2022-01-01,https://www.koyeb.com,"High-performance serverless infrastructure for AI. Run inference, sandboxes, and intensive workloads on CPUs, GPUs, and accelerators.",Mango Capital,"AI Infrastructure, Artificial Intelligence (AI), Cloud Computing, IaaS, Information Technology, Internet, PaaS, Software",
Pinpo,"Paris, Ile-de-France, France, Europe",Seed,,,2022-01-01,https://www.pinpo.com,Pinpo is a lead qualification as service solution for medium and large B2C companies,Inovexus,"Artificial Intelligence (AI), Machine Learning, SaaS, Sales, Sales Automation, SMS, Social CRM, Software",
Dioxycle,"Paris, Ile-de-France, France, Europe",Seed,,,2022-01-01,https://dioxycle.com/,Dioxycle is develop electrolyser solutions for carbon dioxide emissions.,"Marie Outtier, Thomas Clozel","Environmental Engineering, Machinery Manufacturing, Manufacturing",
Karyon Food,"Paris, Ile-de-France, France, Europe",Seed,,,2022-01-01,https://www.karyonfood.com,Karyon Food is an IT software company that provides online tool for retailer and SME's to manage sales data.,Inovexus,"Blockchain, Productivity Tools, Software",
Qovoltis,"Arcueil, Ile-de-France, France, Europe",Series A,,,2022-10-12,https://www.qovoltis.com/,Qovoltis offers smart charging solutions for electric vehicles and a mobile app for remote management.,"Andera Partners, Pâris Mouratoglou","Electric Vehicle, Mobile Apps, Software",
Choose,"Paris, Ile-de-France, France, Europe",Series A,,,2022-09-01,http://www.appchoose.io/,Choose is an online store that provides daily private sales on favorite brands.,OneRagtime,"E-Commerce, Internet, Retail, Shopping",
Bricks,"Montpellier, Languedoc-Roussillon, France, Europe",Series A,,,2022-07-21,http://bricks.co/,Bricks is a real estate investment platform that enables people to invest in real estate and benefit from a rental income every month.,Benjamin Jeanjean,Real Estate,
Ejara,"Bordeaux, Aquitaine, France, Europe",Series A,,,2022-07-03,https://www.ejara.io/,"Ejara is an app for Africa and its diasporas to access various investment offers fractional shares, commodities, cryptocurrency, and more.",A100x Ventures,"Cryptocurrency, Financial Services",
SiPearl,"Maisons-laffitte, Ile-de-France, France, Europe",Series A,,,2022-06-14,https://www.sipearl.com,SiPearl designs European high-performance energy-efficient processors for supercomputing and AI,,"AI Infrastructure, Artificial Intelligence (AI), Hardware, Network Hardware, Semiconductor",
Destree,"Paris, Ile-de-France, France, Europe",Series A,,,2022-04-20,https://destree.com/,Destree is a ready-to-wear and accessories label company.,"Amy Griffin, Beyoncé Knowles, Carmen Busquets, Emily Weiss, Gabriela Hearst, Gisele Bündchen, HSG, Jessica Alba, Reese Witherspoon, Robyn Rihanna Fenty","Jewelry, Retail, Textiles",
RemyAI,"Paris, Ile-de-France, France, Europe",Series A,,,2022-04-07,https://www.getremy.ai/en,RemyAI is the 24/7 intelligent assistant for real estate professionals.,Potluck Ventures,"Commercial Real Estate, Real Estate, Real Estate Investment, Trading Platform",
Aplo,"Paris, Ile-de-France, France, Europe",Series A,,,2022-04-04,https://www.aplo.io,Aplo is an institutional investor in the crypto industry.,Pascal Gauthier,"Cryptocurrency, Financial Services",
LUCKY ONE,"Paris, Ile-de-France, France, Europe",Series A,,,2022-04-01,https://www.luckyonebijoux.com,Online jewellery store,,"E-Commerce, Jewelry",
PopScreen Games,"Paris, Ile-de-France, France, Europe",Series A,,,2022-03-15,http://www.popscreen.io/,"PopScreen Games is a new Mobile Game Studio located in Paris, France.",Garena,"Gaming, Video Games",
MentorShow,"Paris, Ile-de-France, France, Europe",Series A,,,2022-03-10,https://mentorshow.com,MentorShow is an online learning and training platform that offers video courses created and hosted by recognized experts in their field.,,"Advice, Education, Edutainment, E-Learning, Service Industry, Training",
QuantCube Technology,"Paris, Ile-de-France, France, Europe",Series B,,,2022-12-20,http://www.q3-technology.com/,QuantCube Technology is a Fintech startup specialized in real-time Big Data analytics for Finance and Economy.,"Five Capital Advisors, Moody's Investors Service, Strategic Development Fund","Analytics, Artificial Intelligence (AI), Finance, Financial Services, FinTech, Information Technology, Software",
mediarithmics,"Paris, Ile-de-France, France, Europe",Series B,,,2022-02-09,https://www.mediarithmics.io,"mediarithmics is a nextgen CDP for large enterprise customers in media, retail and data centric brands",Bleu Capital,"Advertising Platforms, Digital Marketing, Marketing, SaaS, Software",
Corwave,"Paris, Ile-de-France, France, Europe",,,,2022-12-19,https://www.corwave.com/,CorWave is a medical device company developing innovative heart pumps.,European Innovation Council,"Health Care, Manufacturing, Medical Device",
APIX Analytics,"Grenoble, Rhone-Alpes, France, Europe",,,,2022-11-17,https://apixanalytics.com/,"APIX Analytics is a nano-silicon based chemical analysis for industrial, environmental, and security applications.","European Innovation Council, The European Innovation Fund","Analytics, Chemical, Environmental Engineering, Industrial, Nanotechnology, Oil and Gas",
Tilkal,"Paris, Ile-de-France, France, Europe",,,,2022-10-14,https://www.tilkal.com,Tilkal is a blockchain-based supply chain traceability and trust platform for Industry 4.0,European Innovation Council,"Blockchain, Cosmetics, Fashion, Food and Beverage, Medical, Retail",
Senstronic,"Saverne, Alsace, France, Europe",,,,2022-10-13,http://www.senstronic.com,Senstronic is an automotive detection-based solutions and the associated connectors for control equipment and vehicles.,Andera Partners,"Automotive, Internet of Things",
Gennisium,"Vitrolles, Provence-Alpes-Cote d'Azur, France, Europe",,,,2022-10-10,https://gennisium.com/,"Gennisium is a pharmaceutical company that is committed to the creation, marketing, and distribution of medications for neonatology.",Pierre Fabre Invest,"Marketing, Medical, Pharmaceutical",
Qair,"Montpellier, Languedoc-Roussillon, France, Europe",,,,2022-10-06,https://www.qair.energy,Qair is an Independent Power Producer (IPP) that operates 860 MW of renewable energy generation assets.,"Bpifrance, DIF","Electrical Distribution, Energy, Energy Management, Renewable Energy, Solar",
Releaf Paper,"Lyon, Rhone-Alpes, France, Europe",,,,2022-10-05,https://releafbag.com/en-jp,Releaf Paper is the world's first producer of packaging paper made of urban greenwastes,European Innovation Council,"Manufacturing, Paper Manufacturing, Renewable Energy",
Alteia,"Labège, Midi-Pyrenees, France, Europe",,,,2022-09-28,https://alteia.com,"Alteia is a software company that develops data analytics and data integration software solutions, with a focus on vision-based data sources",Wa’ed Ventures,"Agriculture, Energy, Government, Infrastructure, Manufacturing, Power Grid, Sustainability, Transportation, Waste Management",
Scintil Photonics,"Grenoble, Rhone-Alpes, France, Europe",,,,2022-09-06,https://www.scintil-photonics.com/,Scintil Photonics is a fabless company that develops silicon photonic integrated circuits,Applied Ventures,"Manufacturing, Optical Communication, Semiconductor",
Sezane,"Paris, Ile-de-France, France, Europe",,,,2022-09-02,https://www.sezane.com,Sezane Manufacturer of clothes and accessories in France.,Tethys Investment Management,"Fashion, Manufacturing",
DNA Script,"Le Kremlin-bicêtre, Ile-de-France, France, Europe",,,,2022-08-27,https://www.dnascript.com,DNA Script is a disruptive DNA synthesis company harnessing biology to accelerate breakthroughs in life science and human health.,Hedonova,"Biotechnology, Health Care, Life Science, Medical",
BEA Group,"Paris, Ile-de-France, France, Europe",,,,2022-07-21,https://www.beagroup.eu/,BEA Group is a broker specializing in civil liability insurance for healthcare establishments.,Andera Acto,"Health Care, Health Insurance",
Resonance Imaging Group,"Franconville, Ile-de-France, France, Europe",,,,2022-07-08,https://www.groupe-resonance-imagerie.fr/,"Resonance Imaging Group provides all patients with access to medical imaging, for increasingly precise diagnoses.","Andera Partners, Ardian, Rothschild & Co.","Health Care, Medical, Medical Device",
Antabio,"Labège, Midi-Pyrenees, France, Europe",,,,2022-06-15,https://antabio.com,Antabio is a private biopharmaceutical company developing antibacterial resistance-breakers in areas of highest medical need.,European Innovation Council,"Biotechnology, Life Science, Medical Device",
Orixha,"Maisons-alfort, Ile-de-France, France, Europe",,,,2022-06-15,https://orixha.com/en/,Orixha develops technology for ultra-fast cooling of patients after cardiac arrest.,European Innovation Council,Health Care,
METAFORA biosystems,"Évry, Ile-de-France, France, Europe",,,,2022-06-15,http://www.metafora-biosystems.com,"METAFORA biosystems is a biotechnology company developing the use of RBDs, innovative and unmatched ligands of nutrient transporters.",European Innovation Council,"Biotechnology, Health Care, Medical",
Apricity,"Paris, Ile-de-France, France, Europe",,,,2022-05-25,https://www.apricity.life/,"Apricity is the world’s first at-home fertility clinic, powered by tech and AI. Less stress and more success","Begin Capital, BrightCap Ventures","Artificial Intelligence (AI), Fertility, Health Care",
PrediSurge,"Saint-Étienne, Lorraine, France, Europe",,,,2022-03-23,https://www.predisurge.com,PrediSurge is a software company that offers design and support solutions for physicians and medical device companies.,European Innovation Council,"Health Care, Information Technology, Medical Device, Software",
EKTAH,"Dijon, Bourgogne, France, Europe",,,,2022-03-07,https://www.ektah.com/en,EKTAH is a nutrition based biotechnology research organization that offers better life practices for obese and overweight conditions.,,"Biopharma, Biotechnology, Product Research",
Synaps,"Lyon, Rhone-Alpes, France, Europe",,,,2022-02-24,http://synaps.io,"Synaps customers comes from many industries including banking, insurance, gambling, cryptocurrency and many more.",Delta Blockchain Fund,"Internet, Internet of Things",
Champagne J. de Telmont,"Damery, Picardie, France, Europe",,,,2022-02-22,https://www.champagne-de-telmont.com/en/,Champagne J. de Telmont produces and sells his champagne under his own name.,Leonardo DiCaprio,"Wine And Spirits, Winery",
Tribe Sport Group,"Cogolin, Provence-Alpes-Cote d'Azur, France, Europe",,,,2022-02-16,https://www.tribesportgroup.com,"Tribe Sports Group is a French distributor of bicycles, clothing & helmets, components, bike protections, nutrition, motor, brands, etc.",Eximium,"E-Commerce, Sporting Goods, Sports",
Rhetores Finance,"Paris, Ile-de-France, France, Europe",,,,2022-02-03,https://www.rhetores.fr/,Rhetores Finance is a consulting firm specializing in high-end Wealth Management.,Activa Capital,"Consulting, Wealth Management",
Velogik,"Lyon, Rhone-Alpes, France, Europe",,,,2022-02-03,https://www.velogik.com/en/,"Velogik is a leading brand in bike maintenance in Europe offering maintenance, services, and sales of bike components.","Impact Partners, SERFIM","Cycling, Service Industry, Sports",
La Fête du Rosé,"Saint-tropez, Provence-Alpes-Cote d'Azur, France, Europe",,,,2022-01-31,https://www.lafeterose.com/,La Fête du Rosé is a wine producer that produces rosé wine and white wine.,Chris Paul,"Wine And Spirits, Winery",
Ekosport,"Frontenex, Rhone-Alpes, France, Europe",,,,2022-01-03,https://www.ekosport.eu/,"Ekosport sells sports equipment, travel, trekking, mountaineering, bicycle products, and services.",IDI Group,"Retail, Sales, Sports",
Your Car,"Villefranche, Rhone-Alpes, France, Europe",,,,2022-01-01,https://rentyourluxurycar.com/,Your Car offers a wide selection of sports and luxury cars.,Ventures21,"Automotive, Customer Service, Rental",
Goodays (ex Critizr),"Lomme, Nord-Pas-de-Calais, France, Europe",,,,2022-01-01,http://goodays.co,Goodays (formerly Critizr) is Europe's leading Customer Experience Management Platform.,XAnge,"Customer Service, E-Commerce, Marketing, Retail, SaaS, Software",
SpaceFill,"Paris, Ile-de-France, France, Europe",,,,2022-01-01,http://www.spacefill.fr,SpaceFill is a B2B on-demand warehousing marketplace.,Maxime Paradis,"B2B, Logistics, Marketplace, Retail, Transportation, Warehousing",